# Blender 3.3.1
# www.blender.org
mtllib centerObject.mtl
o ICO球
v 0.000000 -1.000000 0.000000
v 0.809012 0.000000 -0.000892
v 0.000000 0.000000 0.850640
v -0.780542 -0.001267 0.000000
v 0.001186 -0.004008 -0.842559
v 0.000000 1.000000 0.000000
v 0.000000 -0.500000 0.425320
v 0.404506 -0.500000 -0.000446
v 0.404506 0.000000 0.424874
v -0.390271 -0.500633 0.000000
v -0.390271 -0.000633 0.425320
v 0.000593 -0.502004 -0.421279
v -0.389678 -0.002638 -0.421279
v 0.000593 0.497996 -0.421279
v 0.000000 0.500000 0.425320
v 0.405099 -0.002004 -0.421725
v -0.390271 0.499367 0.000000
v 0.404506 0.500000 -0.000446
v 0.000000 -0.750000 0.212660
v 0.606759 -0.250000 -0.000669
v 0.202253 0.000000 0.637757
v -0.195135 -0.750317 0.000000
v -0.585406 -0.000950 0.212660
v 0.000297 -0.751002 -0.210640
v -0.194246 -0.003323 -0.631919
v 0.000890 0.246994 -0.631919
v 0.000000 0.250000 0.637980
v 0.607056 -0.001002 -0.211308
v -0.585406 0.249050 0.000000
v 0.202253 0.750000 -0.000223
v 0.000000 -0.250000 0.637980
v 0.202253 -0.750000 -0.000223
v 0.606759 0.000000 0.211991
v -0.585406 -0.250950 0.000000
v -0.195135 -0.000317 0.637980
v 0.000890 -0.253006 -0.631919
v -0.585110 -0.001952 -0.210640
v 0.000297 0.748998 -0.210640
v 0.000000 0.750000 0.212660
v 0.203143 -0.003006 -0.632142
v -0.195135 0.749683 0.000000
v 0.606759 0.250000 -0.000669
v 0.202550 0.498998 -0.210863
v 0.404803 0.248998 -0.211085
v 0.202846 0.247996 -0.421502
v -0.194839 0.498681 -0.210640
v -0.194542 0.247679 -0.421279
v -0.389974 0.248365 -0.210640
v -0.195135 0.499683 0.212660
v -0.390271 0.249367 0.212660
v -0.195135 0.249683 0.425320
v 0.202253 0.500000 0.212437
v 0.202253 0.250000 0.425097
v 0.404506 0.250000 0.212214
v -0.194542 -0.252321 -0.421279
v -0.194839 -0.501319 -0.210640
v -0.389974 -0.251635 -0.210640
v -0.390271 -0.250633 0.212660
v -0.195135 -0.500317 0.212660
v -0.195135 -0.250317 0.425320
v 0.202846 -0.252004 -0.421502
v 0.404803 -0.251002 -0.211085
v 0.202550 -0.501002 -0.210863
v 0.202253 -0.250000 0.425097
v 0.202253 -0.500000 0.212437
v 0.404506 -0.250000 0.212214
v 0.000000 -0.875000 0.106330
v 0.707886 -0.125000 -0.000780
v 0.101127 0.000000 0.744199
v -0.097568 -0.875158 0.000000
v -0.682974 -0.001108 0.106330
v 0.000148 -0.875501 -0.105320
v -0.096530 -0.003666 -0.737239
v 0.001038 0.121493 -0.737239
v 0.000000 0.125000 0.744310
v 0.708034 -0.000501 -0.106100
v -0.682974 0.123892 0.000000
v 0.101127 0.875000 -0.000111
v 0.000000 -0.375000 0.531650
v 0.303380 -0.625000 -0.000334
v 0.505633 0.000000 0.318433
v -0.487839 -0.375792 0.000000
v -0.292703 -0.000475 0.531650
v 0.000741 -0.377505 -0.526599
v -0.487394 -0.002295 -0.315960
v 0.000445 0.623497 -0.315960
v 0.000000 0.625000 0.318990
v 0.304121 -0.002505 -0.526934
v -0.292703 0.624525 0.000000
v 0.505633 0.375000 -0.000557
v 0.101571 0.498497 -0.316071
v 0.404951 0.123497 -0.316405
v 0.303973 0.122996 -0.421614
v -0.292555 0.499024 -0.105320
v -0.292110 0.122521 -0.421279
v -0.389826 0.122864 -0.315960
v -0.097568 0.499842 0.318990
v -0.390271 0.124367 0.318990
v -0.292703 0.124525 0.425320
v 0.303380 0.500000 0.105996
v 0.303380 0.125000 0.424986
v 0.404506 0.125000 0.318544
v -0.292110 -0.127479 -0.421279
v -0.292555 -0.500976 -0.105320
v -0.390123 -0.376134 -0.105320
v -0.390271 -0.125633 0.318990
v -0.097568 -0.500158 0.318990
v -0.097568 -0.375158 0.425320
v 0.101720 -0.377004 -0.421391
v 0.404655 -0.375501 -0.105766
v 0.303528 -0.500501 -0.105654
v 0.303380 -0.125000 0.424986
v 0.303380 -0.500000 0.105996
v 0.404506 -0.375000 0.105884
v 0.000000 -0.625000 0.318990
v 0.505633 -0.375000 -0.000557
v 0.303380 0.000000 0.531316
v -0.292703 -0.625475 0.000000
v -0.487839 -0.000792 0.318990
v 0.000445 -0.626503 -0.315960
v -0.291962 -0.002980 -0.526599
v 0.000741 0.372495 -0.526599
v 0.000000 0.375000 0.531650
v 0.506078 -0.001503 -0.316517
v -0.487839 0.374208 0.000000
v 0.303380 0.625000 -0.000334
v 0.000000 -0.125000 0.744310
v 0.101127 -0.875000 -0.000111
v 0.707886 0.000000 0.105550
v -0.682974 -0.126108 0.000000
v -0.097568 -0.000158 0.744310
v 0.001038 -0.128507 -0.737239
v -0.682826 -0.001609 -0.105320
v 0.000148 0.874499 -0.105320
v 0.000000 0.875000 0.106330
v 0.102164 -0.003507 -0.737350
v -0.097568 0.874842 0.000000
v 0.707886 0.125000 -0.000780
v 0.303528 0.499499 -0.105654
v 0.404655 0.374499 -0.105766
v 0.101720 0.372996 -0.421391
v -0.097123 0.498339 -0.315960
v -0.096975 0.372838 -0.421279
v -0.390123 0.373866 -0.105320
v -0.292703 0.499525 0.106330
v -0.390271 0.374367 0.106330
v -0.097568 0.374842 0.425320
v 0.101127 0.500000 0.318879
v 0.101127 0.375000 0.425209
v 0.404506 0.375000 0.105884
v -0.096975 -0.377162 -0.421279
v -0.097123 -0.501661 -0.315960
v -0.389826 -0.127136 -0.315960
v -0.390271 -0.375633 0.106330
v -0.292703 -0.500475 0.106330
v -0.292703 -0.125475 0.425320
v 0.303973 -0.127004 -0.421614
v 0.404951 -0.126503 -0.316405
v 0.101571 -0.501503 -0.316071
v 0.101127 -0.375000 0.425209
v 0.101127 -0.500000 0.318879
v 0.404506 -0.125000 0.318544
v 0.505633 -0.125000 0.212103
v 0.505633 -0.250000 0.105773
v 0.606759 -0.125000 0.105661
v 0.303380 -0.250000 0.318656
v 0.202253 -0.375000 0.318767
v 0.303380 -0.375000 0.212326
v 0.101127 -0.125000 0.637869
v 0.101127 -0.250000 0.531539
v 0.202253 -0.125000 0.531427
v 0.101423 -0.626002 -0.210751
v 0.202401 -0.625501 -0.105543
v 0.101275 -0.750501 -0.105431
v 0.202698 -0.376503 -0.316182
v 0.303824 -0.251503 -0.316294
v 0.303676 -0.376002 -0.210974
v 0.102016 -0.128006 -0.632031
v 0.202994 -0.127505 -0.526822
v 0.101868 -0.252505 -0.526711
v -0.195135 -0.125317 0.531650
v -0.097568 -0.250158 0.531650
v -0.097568 -0.125158 0.637980
v -0.292703 -0.250475 0.318990
v -0.292703 -0.375475 0.212660
v -0.195135 -0.375317 0.318990
v -0.585406 -0.125950 0.106330
v -0.487839 -0.250792 0.106330
v -0.487839 -0.125792 0.212660
v -0.487542 -0.126794 -0.210640
v -0.487690 -0.251293 -0.105320
v -0.585258 -0.126451 -0.105320
v -0.292258 -0.251978 -0.315960
v -0.194691 -0.376820 -0.315960
v -0.292407 -0.376477 -0.210640
v -0.096678 -0.128165 -0.631919
v -0.096826 -0.252664 -0.526599
v -0.194394 -0.127822 -0.526599
v 0.505633 0.250000 0.105773
v 0.505633 0.125000 0.212103
v 0.606759 0.125000 0.105661
v 0.303380 0.375000 0.212326
v 0.202253 0.375000 0.318767
v 0.303380 0.250000 0.318656
v 0.101127 0.750000 0.106219
v 0.101127 0.625000 0.212549
v 0.202253 0.625000 0.106107
v -0.097568 0.249842 0.531650
v -0.195135 0.124683 0.531650
v -0.097568 0.124842 0.637980
v -0.195135 0.374683 0.318990
v -0.292703 0.374525 0.212660
v -0.292703 0.249525 0.318990
v -0.097568 0.749842 0.106330
v -0.195135 0.624683 0.106330
v -0.097568 0.624842 0.212660
v -0.487690 0.248707 -0.105320
v -0.487542 0.123206 -0.210640
v -0.585258 0.123549 -0.105320
v -0.292407 0.373523 -0.210640
v -0.194691 0.373180 -0.315960
v -0.292258 0.248022 -0.315960
v -0.097419 0.749341 -0.105320
v -0.097271 0.623840 -0.210640
v -0.194987 0.624182 -0.105320
v 0.101868 0.247495 -0.526711
v 0.202994 0.122495 -0.526822
v 0.102016 0.121994 -0.632031
v 0.202698 0.373497 -0.316182
v 0.303676 0.373998 -0.210974
v 0.303824 0.248497 -0.316294
v 0.101275 0.749499 -0.105431
v 0.202401 0.624499 -0.105543
v 0.101423 0.623998 -0.210751
v 0.505781 0.249499 -0.105877
v 0.606908 0.124499 -0.105989
v 0.505929 0.123998 -0.211197
v -0.096826 0.247336 -0.526599
v -0.096678 0.121835 -0.631919
v -0.194394 0.122178 -0.526599
v -0.487839 0.249208 0.106330
v -0.585406 0.124050 0.106330
v -0.487839 0.124208 0.212660
v 0.101127 0.250000 0.531539
v 0.101127 0.125000 0.637869
v 0.202253 0.125000 0.531427
v -0.097271 -0.626160 -0.210640
v -0.097419 -0.750659 -0.105320
v -0.194987 -0.625818 -0.105320
v -0.195135 -0.625317 0.106330
v -0.097568 -0.750158 0.106330
v -0.097568 -0.625158 0.212660
v 0.505929 -0.126002 -0.211197
v 0.606908 -0.125501 -0.105989
v 0.505781 -0.250501 -0.105877
v 0.101127 -0.625000 0.212549
v 0.101127 -0.750000 0.106219
v 0.202253 -0.625000 0.106107
v 0.000000 -0.937500 0.053165
v 0.758449 -0.062500 -0.000836
v 0.050563 0.000000 0.797419
v -0.048784 -0.937579 0.000000
v -0.731758 -0.001188 0.053165
v 0.000074 -0.937751 -0.052660
v -0.047672 -0.003837 -0.789899
v 0.001112 0.058742 -0.789899
v 0.000000 0.062500 0.797475
v 0.758523 -0.000251 -0.053496
v -0.731758 0.061312 0.000000
v 0.050563 0.937500 -0.000056
v 0.000000 -0.437500 0.478485
v 0.353943 -0.562500 -0.000390
v 0.455070 0.000000 0.371653
v -0.439055 -0.438213 0.000000
v -0.341487 -0.000554 0.478485
v 0.000667 -0.439755 -0.473939
v -0.438536 -0.002466 -0.368620
v 0.000519 0.560746 -0.368620
v 0.000000 0.562500 0.372155
v 0.354610 -0.002255 -0.474329
v -0.341487 0.561946 0.000000
v 0.455070 0.437500 -0.000501
v 0.051082 0.498246 -0.368675
v 0.405025 0.060746 -0.369065
v 0.354536 0.060496 -0.421669
v -0.341413 0.499195 -0.052660
v -0.340894 0.059942 -0.421279
v -0.389752 0.060113 -0.368620
v -0.048784 0.499921 0.372155
v -0.390271 0.061867 0.372155
v -0.341487 0.061946 0.425320
v 0.353943 0.500000 0.052775
v 0.353943 0.062500 0.424930
v 0.404506 0.062500 0.371709
v -0.340894 -0.065058 -0.421279
v -0.341413 -0.500805 -0.052660
v -0.390197 -0.438384 -0.052660
v -0.390271 -0.063133 0.372155
v -0.048784 -0.500079 0.372155
v -0.048784 -0.437579 0.425320
v 0.051156 -0.439504 -0.421335
v 0.404580 -0.437751 -0.053106
v 0.354017 -0.500251 -0.053050
v 0.353943 -0.062500 0.424930
v 0.353943 -0.500000 0.052775
v 0.404506 -0.437500 0.052719
v 0.000000 -0.687500 0.265825
v 0.556196 -0.312500 -0.000613
v 0.252816 0.000000 0.584536
v -0.243919 -0.687896 0.000000
v -0.536622 -0.000871 0.265825
v 0.000371 -0.688753 -0.263300
v -0.243104 -0.003152 -0.579259
v 0.000815 0.309744 -0.579259
v 0.000000 0.312500 0.584815
v 0.556567 -0.001253 -0.263913
v -0.536622 0.311629 0.000000
v 0.252816 0.687500 -0.000279
v 0.000000 -0.187500 0.691145
v 0.151690 -0.812500 -0.000167
v 0.657323 0.000000 0.158771
v -0.634190 -0.188529 0.000000
v -0.146352 -0.000238 0.691145
v 0.000964 -0.190757 -0.684579
v -0.633968 -0.001781 -0.157980
v 0.000222 0.811748 -0.157980
v 0.000000 0.812500 0.159495
v 0.152654 -0.003257 -0.684746
v -0.146352 0.812263 0.000000
v 0.657323 0.187500 -0.000724
v 0.253039 0.499248 -0.158258
v 0.404729 0.311748 -0.158426
v 0.152283 0.310496 -0.421447
v -0.145981 0.498510 -0.263300
v -0.145758 0.310258 -0.421279
v -0.390048 0.311115 -0.157980
v -0.243919 0.499604 0.159495
v -0.390271 0.311867 0.159495
v -0.146352 0.312262 0.425320
v 0.151690 0.500000 0.265658
v 0.151690 0.312500 0.425153
v 0.404506 0.312500 0.159049
v -0.145758 -0.314742 -0.421279
v -0.145981 -0.501490 -0.263300
v -0.389900 -0.189386 -0.263300
v -0.390271 -0.313133 0.159495
v -0.243919 -0.500396 0.159495
v -0.243919 -0.187896 0.425320
v 0.253409 -0.189504 -0.421558
v 0.404877 -0.188753 -0.263745
v 0.152060 -0.501253 -0.263467
v 0.151690 -0.312500 0.425153
v 0.151690 -0.500000 0.265658
v 0.404506 -0.187500 0.265379
v 0.556196 -0.062500 0.212047
v 0.556196 -0.250000 0.052552
v 0.606759 -0.187500 0.052496
v 0.353943 -0.250000 0.265435
v 0.202253 -0.437500 0.265602
v 0.252816 -0.437500 0.212381
v 0.151690 -0.062500 0.637813
v 0.151690 -0.250000 0.478318
v 0.202253 -0.187500 0.478262
v 0.050860 -0.688502 -0.210695
v 0.202327 -0.687751 -0.052883
v 0.151764 -0.750251 -0.052827
v 0.202624 -0.438753 -0.263523
v 0.354314 -0.251253 -0.263690
v 0.354239 -0.313502 -0.211030
v 0.051453 -0.190506 -0.631975
v 0.202920 -0.189755 -0.474162
v 0.152357 -0.252255 -0.474107
v -0.195135 -0.062817 0.584815
v -0.048784 -0.250079 0.584815
v -0.048784 -0.187579 0.637980
v -0.243919 -0.250396 0.372155
v -0.243919 -0.437896 0.212660
v -0.195135 -0.437817 0.265825
v -0.585406 -0.063450 0.159495
v -0.439055 -0.250713 0.159495
v -0.439055 -0.188213 0.212660
v -0.536326 -0.064373 -0.210640
v -0.536548 -0.251121 -0.052660
v -0.585332 -0.188701 -0.052660
v -0.341116 -0.251807 -0.263300
v -0.194765 -0.439069 -0.263300
v -0.243623 -0.438898 -0.210640
v -0.145462 -0.065744 -0.631919
v -0.145684 -0.252492 -0.473939
v -0.194468 -0.190071 -0.473939
v 0.556196 0.250000 0.052552
v 0.556196 0.062500 0.212047
v 0.606759 0.062500 0.158826
v 0.353943 0.312500 0.212270
v 0.202253 0.312500 0.371932
v 0.252816 0.250000 0.371876
v 0.151690 0.750000 0.052998
v 0.151690 0.562500 0.212493
v 0.202253 0.562500 0.159272
v -0.048784 0.249921 0.584815
v -0.195135 0.062183 0.584815
v -0.146352 0.062262 0.637980
v -0.195135 0.312183 0.372155
v -0.341487 0.311946 0.212660
v -0.341487 0.249446 0.265825
v -0.048784 0.749921 0.159495
v -0.195135 0.562183 0.159495
v -0.146352 0.562263 0.212660
v -0.536548 0.248879 -0.052660
v -0.536326 0.060627 -0.210640
v -0.585184 0.060798 -0.157980
v -0.341190 0.310944 -0.210640
v -0.194616 0.310430 -0.368620
v -0.243400 0.247851 -0.368620
v -0.146277 0.749512 -0.052660
v -0.146055 0.561260 -0.210640
v -0.194913 0.561432 -0.157980
v 0.051379 0.247244 -0.579315
v 0.203069 0.059744 -0.579482
v 0.152579 0.059494 -0.632086
v 0.202772 0.310746 -0.368842
v 0.354239 0.311498 -0.211030
v 0.354314 0.248747 -0.263690
v 0.050786 0.749248 -0.158036
v 0.202476 0.561748 -0.158203
v 0.151986 0.561498 -0.210807
v 0.455292 0.249248 -0.158481
v 0.606982 0.061748 -0.158648
v 0.556493 0.061498 -0.211253
v -0.145684 0.247508 -0.473939
v -0.145462 0.059256 -0.631919
v -0.194320 0.059428 -0.579259
v -0.439055 0.249287 0.159495
v -0.585406 0.061550 0.159495
v -0.536622 0.061629 0.212660
v 0.151690 0.250000 0.478318
v 0.151690 0.062500 0.637813
v 0.202253 0.062500 0.584592
v -0.146055 -0.563740 -0.210640
v -0.146277 -0.750488 -0.052660
v -0.195061 -0.688067 -0.052660
v -0.195135 -0.562817 0.159495
v -0.048784 -0.750079 0.159495
v -0.048784 -0.687579 0.212660
v 0.455366 -0.188502 -0.211141
v 0.606833 -0.187751 -0.053329
v 0.556270 -0.250251 -0.053273
v 0.151690 -0.562500 0.212493
v 0.151690 -0.750000 0.052998
v 0.202253 -0.687500 0.052942
v 0.000000 -0.812500 0.159495
v 0.657323 -0.187500 -0.000724
v 0.151690 0.000000 0.690978
v -0.146352 -0.812737 0.000000
v -0.634190 -0.001029 0.159495
v 0.000222 -0.813252 -0.157980
v -0.145388 -0.003494 -0.684579
v 0.000964 0.184243 -0.684579
v 0.000000 0.187500 0.691145
v 0.657545 -0.000752 -0.158704
v -0.634190 0.186471 0.000000
v 0.151690 0.812500 -0.000167
v 0.000000 -0.312500 0.584815
v 0.252816 -0.687500 -0.000279
v 0.556196 0.000000 0.265212
v -0.536622 -0.313371 0.000000
v -0.243919 -0.000396 0.584815
v 0.000815 -0.315256 -0.579259
v -0.536252 -0.002123 -0.263300
v 0.000371 0.686247 -0.263300
v 0.000000 0.687500 0.265825
v 0.253632 -0.002756 -0.579538
v -0.243919 0.687104 0.000000
v 0.556196 0.312500 -0.000613
v 0.152061 0.498747 -0.263467
v 0.404877 0.186247 -0.263745
v 0.253409 0.185496 -0.421558
v -0.243697 0.498853 -0.157980
v -0.243326 0.185100 -0.421279
v -0.389900 0.185614 -0.263300
v -0.146352 0.499762 0.265825
v -0.390271 0.186867 0.265825
v -0.243919 0.187104 0.425320
v 0.252816 0.500000 0.159216
v 0.252816 0.187500 0.425041
v 0.404506 0.187500 0.265379
v -0.243326 -0.189900 -0.421279
v -0.243697 -0.501147 -0.157980
v -0.390048 -0.313885 -0.157980
v -0.390271 -0.188133 0.265825
v -0.146352 -0.500237 0.265825
v -0.146352 -0.312738 0.425320
v 0.152283 -0.314504 -0.421447
v 0.404729 -0.313252 -0.158426
v 0.253039 -0.500752 -0.158258
v 0.252816 -0.187500 0.425041
v 0.252816 -0.500000 0.159216
v 0.404506 -0.312500 0.159049
v 0.000000 -0.562500 0.372155
v 0.455070 -0.437500 -0.000501
v 0.353943 0.000000 0.478095
v -0.341487 -0.563054 0.000000
v -0.439055 -0.000713 0.372155
v 0.000519 -0.564254 -0.368620
v -0.340820 -0.002809 -0.473939
v 0.000667 0.435245 -0.473939
v 0.000000 0.437500 0.478485
v 0.455588 -0.001754 -0.369121
v -0.439055 0.436787 0.000000
v 0.353943 0.562500 -0.000390
v 0.000000 -0.062500 0.797475
v 0.050563 -0.937500 -0.000056
v 0.758449 0.000000 0.052329
v -0.731758 -0.063688 0.000000
v -0.048784 -0.000079 0.797475
v 0.001112 -0.066258 -0.789899
v -0.731684 -0.001438 -0.052660
v 0.000074 0.937249 -0.052660
v 0.000000 0.937500 0.053165
v 0.051675 -0.003758 -0.789955
v -0.048784 0.937421 0.000000
v 0.758449 0.062500 -0.000836
v 0.354017 0.499749 -0.053050
v 0.404580 0.437249 -0.053106
v 0.051156 0.435496 -0.421335
v -0.048265 0.498167 -0.368620
v -0.048191 0.435417 -0.421279
v -0.390197 0.436616 -0.052660
v -0.341487 0.499446 0.053165
v -0.390271 0.436867 0.053165
v -0.048784 0.437421 0.425320
v 0.050563 0.500000 0.372099
v 0.050563 0.437500 0.425264
v 0.404506 0.437500 0.052719
v -0.048191 -0.439583 -0.421279
v -0.048265 -0.501833 -0.368620
v -0.389752 -0.064887 -0.368620
v -0.390271 -0.438133 0.053165
v -0.341487 -0.500554 0.053165
v -0.341487 -0.063054 0.425320
v 0.354536 -0.064504 -0.421669
v 0.405025 -0.064254 -0.369065
v 0.051082 -0.501754 -0.368675
v 0.050563 -0.437500 0.425264
v 0.050563 -0.500000 0.372099
v 0.404506 -0.062500 0.371709
v 0.455070 -0.187500 0.212159
v 0.455070 -0.250000 0.158994
v 0.606759 -0.062500 0.158826
v 0.252816 -0.250000 0.371876
v 0.202253 -0.312500 0.371932
v 0.353943 -0.312500 0.212270
v 0.050563 -0.187500 0.637924
v 0.050563 -0.250000 0.584759
v 0.202253 -0.062500 0.584592
v 0.151986 -0.563502 -0.210807
v 0.202476 -0.563252 -0.158203
v 0.050786 -0.750752 -0.158036
v 0.202772 -0.314254 -0.368842
v 0.253335 -0.251754 -0.368898
v 0.253113 -0.438502 -0.210918
v 0.152579 -0.065506 -0.632086
v 0.203069 -0.065256 -0.579482
v 0.051379 -0.252756 -0.579315
v -0.195135 -0.187817 0.478485
v -0.146352 -0.250238 0.478485
v -0.146352 -0.062738 0.637980
v -0.341487 -0.250554 0.265825
v -0.341487 -0.313054 0.212660
v -0.195135 -0.312817 0.372155
v -0.585406 -0.188450 0.053165
v -0.536622 -0.250871 0.053165
v -0.536622 -0.063371 0.212660
v -0.438758 -0.189215 -0.210640
v -0.438832 -0.251464 -0.157980
v -0.585184 -0.064202 -0.157980
v -0.243400 -0.252149 -0.368620
v -0.194616 -0.314570 -0.368620
v -0.341190 -0.314056 -0.210640
v -0.047894 -0.190585 -0.631919
v -0.047968 -0.252835 -0.579259
v -0.194320 -0.065572 -0.579259
v 0.455070 0.250000 0.158993
v 0.455070 0.187500 0.212159
v 0.606759 0.187500 0.052496
v 0.252816 0.437500 0.212381
v 0.202253 0.437500 0.265602
v 0.353943 0.250000 0.265435
v 0.050563 0.750000 0.159439
v 0.050563 0.687500 0.212604
v 0.202253 0.687500 0.052942
v -0.146352 0.249762 0.478485
v -0.195135 0.187183 0.478485
v -0.048784 0.187421 0.637980
v -0.195135 0.437183 0.265825
v -0.243919 0.437104 0.212660
v -0.243919 0.249604 0.372155
v -0.146352 0.749763 0.053165
v -0.195135 0.687183 0.053165
v -0.048784 0.687421 0.212660
v -0.438832 0.248536 -0.157980
v -0.438758 0.185785 -0.210640
v -0.585332 0.186299 -0.052660
v -0.243623 0.436102 -0.210640
v -0.194765 0.435931 -0.263300
v -0.341116 0.248193 -0.263300
v -0.048561 0.749169 -0.157980
v -0.048487 0.686419 -0.210640
v -0.195061 0.686933 -0.052660
v 0.152357 0.247745 -0.474107
v 0.202920 0.185245 -0.474162
v 0.051453 0.184494 -0.631975
v 0.202624 0.436247 -0.263523
v 0.253113 0.436498 -0.210918
v 0.253335 0.248246 -0.368898
v 0.151764 0.749749 -0.052827
v 0.202327 0.687249 -0.052883
v 0.050860 0.686498 -0.210695
v 0.556270 0.249749 -0.053273
v 0.606833 0.187249 -0.053329
v 0.455366 0.186498 -0.211141
v -0.047968 0.247165 -0.579259
v -0.047894 0.184415 -0.631919
v -0.194468 0.184929 -0.473939
v -0.536622 0.249129 0.053165
v -0.585406 0.186550 0.053165
v -0.439055 0.186787 0.212660
v 0.050563 0.250000 0.584759
v 0.050563 0.187500 0.637924
v 0.202253 0.187500 0.478262
v -0.048487 -0.688581 -0.210640
v -0.048561 -0.750831 -0.157980
v -0.194913 -0.563568 -0.157980
v -0.195135 -0.687817 0.053165
v -0.146352 -0.750237 0.053165
v -0.146352 -0.562737 0.212660
v 0.556493 -0.063502 -0.211253
v 0.606982 -0.063252 -0.158648
v 0.455292 -0.250752 -0.158481
v 0.050563 -0.687500 0.212604
v 0.050563 -0.750000 0.159439
v 0.202253 -0.562500 0.159272
v 0.252816 -0.562500 0.106051
v 0.252816 -0.625000 0.052886
v 0.303380 -0.562500 0.052831
v 0.151690 -0.625000 0.159328
v 0.101127 -0.687500 0.159384
v 0.151690 -0.687500 0.106163
v 0.050563 -0.562500 0.318934
v 0.050563 -0.625000 0.265769
v 0.101127 -0.562500 0.265714
v 0.455218 -0.313001 -0.105821
v 0.505707 -0.312751 -0.053217
v 0.455144 -0.375251 -0.053161
v 0.505855 -0.188252 -0.158537
v 0.556418 -0.125752 -0.158593
v 0.556344 -0.188001 -0.105933
v 0.455514 -0.064003 -0.316461
v 0.506003 -0.063753 -0.263857
v 0.455440 -0.126253 -0.263801
v -0.097568 -0.562658 0.265825
v -0.048784 -0.625079 0.265825
v -0.048784 -0.562579 0.318990
v -0.146352 -0.625237 0.159495
v -0.146352 -0.687737 0.106330
v -0.097568 -0.687658 0.159495
v -0.292703 -0.562975 0.053165
v -0.243919 -0.625396 0.053165
v -0.243919 -0.562896 0.106330
v -0.243771 -0.563397 -0.105320
v -0.243845 -0.625646 -0.052660
v -0.292629 -0.563226 -0.052660
v -0.146129 -0.625989 -0.157980
v -0.097345 -0.688410 -0.157980
v -0.146203 -0.688239 -0.105320
v -0.048339 -0.564082 -0.315960
v -0.048413 -0.626332 -0.263300
v -0.097197 -0.563911 -0.263300
v 0.252816 0.125000 0.478206
v 0.252816 0.062500 0.531371
v 0.303380 0.062500 0.478151
v 0.151690 0.187500 0.531483
v 0.101127 0.187500 0.584704
v 0.151690 0.125000 0.584648
v 0.050563 0.375000 0.478429
v 0.050563 0.312500 0.531594
v 0.101127 0.312500 0.478374
v -0.439055 0.124287 0.265825
v -0.487839 0.061708 0.265825
v -0.439055 0.061787 0.318990
v -0.487839 0.186708 0.159495
v -0.536622 0.186629 0.106330
v -0.536622 0.124129 0.159495
v -0.439055 0.374287 0.053165
v -0.487839 0.311708 0.053165
v -0.439055 0.311787 0.106330
v -0.243252 0.122349 -0.473939
v -0.243178 0.059599 -0.526599
v -0.292036 0.059770 -0.473939
v -0.145610 0.184757 -0.526599
v -0.096752 0.184586 -0.579259
v -0.145536 0.122007 -0.579259
v -0.048117 0.372666 -0.473939
v -0.048043 0.309916 -0.526599
v -0.096901 0.310087 -0.473939
v 0.455440 0.123747 -0.263801
v 0.506003 0.061247 -0.263857
v 0.455514 0.060997 -0.316461
v 0.505855 0.186748 -0.158537
v 0.556344 0.186999 -0.105933
v 0.556418 0.124248 -0.158593
v 0.455144 0.374749 -0.053161
v 0.505707 0.312249 -0.053217
v 0.455218 0.311999 -0.105821
v 0.050934 0.623747 -0.263355
v 0.101497 0.561247 -0.263411
v 0.051008 0.560997 -0.316015
v 0.101349 0.686748 -0.158091
v 0.151838 0.686999 -0.105487
v 0.151912 0.624248 -0.158147
v 0.050637 0.874749 -0.052716
v 0.101201 0.812249 -0.052771
v 0.050712 0.811999 -0.105376
v 0.303899 0.185746 -0.368954
v 0.354388 0.185997 -0.316350
v 0.354462 0.123246 -0.369010
v 0.253261 0.310997 -0.316238
v 0.253187 0.373747 -0.263578
v 0.303750 0.311247 -0.263634
v 0.101645 0.435746 -0.368731
v 0.152135 0.435997 -0.316127
v 0.152209 0.373246 -0.368787
v 0.051527 0.121743 -0.684635
v 0.102090 0.059243 -0.684691
v 0.051601 0.058993 -0.737295
v 0.101942 0.184744 -0.579371
v 0.152431 0.184995 -0.526766
v 0.152505 0.122244 -0.579426
v 0.051230 0.372745 -0.473995
v 0.101794 0.310245 -0.474051
v 0.051305 0.309995 -0.526655
v -0.243845 0.624354 -0.052660
v -0.243771 0.561603 -0.105320
v -0.292629 0.561774 -0.052660
v -0.146203 0.686761 -0.105320
v -0.097345 0.686590 -0.157980
v -0.146129 0.624011 -0.157980
v -0.048710 0.874670 -0.052660
v -0.048636 0.811920 -0.105320
v -0.097494 0.812091 -0.052660
v -0.341042 0.185443 -0.315960
v -0.292184 0.185271 -0.368620
v -0.340968 0.122692 -0.368620
v -0.292332 0.310772 -0.263300
v -0.243549 0.373352 -0.263300
v -0.243474 0.310601 -0.315960
v -0.341339 0.436445 -0.105320
v -0.292481 0.436273 -0.157980
v -0.341265 0.373694 -0.157980
v -0.634116 0.123720 -0.052660
v -0.634042 0.060970 -0.105320
v -0.682900 0.061141 -0.052660
v -0.536474 0.186128 -0.105320
v -0.487616 0.185957 -0.157980
v -0.536400 0.123378 -0.157980
v -0.438981 0.374037 -0.052660
v -0.438906 0.311286 -0.105320
v -0.487764 0.311458 -0.052660
v -0.048784 0.624921 0.265825
v -0.097568 0.562342 0.265825
v -0.048784 0.562421 0.318990
v -0.097568 0.687342 0.159495
v -0.146352 0.687263 0.106330
v -0.146352 0.624763 0.159495
v -0.048784 0.874921 0.053165
v -0.097568 0.812342 0.053165
v -0.048784 0.812421 0.106330
v -0.292703 0.187025 0.372155
v -0.341487 0.186946 0.318990
v -0.341487 0.124446 0.372155
v -0.243919 0.312104 0.318990
v -0.243919 0.374604 0.265825
v -0.292703 0.312025 0.265825
v -0.097568 0.437342 0.372155
v -0.146352 0.437262 0.318990
v -0.146352 0.374762 0.372155
v -0.048784 0.124921 0.691145
v -0.097568 0.062342 0.691145
v -0.048784 0.062421 0.744310
v -0.097568 0.187342 0.584815
v -0.146352 0.187262 0.531650
v -0.146352 0.124762 0.584815
v -0.048784 0.374921 0.478485
v -0.097568 0.312342 0.478485
v -0.048784 0.312421 0.531650
v 0.252816 0.625000 0.052886
v 0.252816 0.562500 0.106051
v 0.303380 0.562500 0.052831
v 0.151690 0.687500 0.106163
v 0.101127 0.687500 0.159384
v 0.151690 0.625000 0.159328
v 0.050563 0.875000 0.053109
v 0.050563 0.812500 0.106274
v 0.101127 0.812500 0.053054
v 0.353943 0.187500 0.318600
v 0.303380 0.187500 0.371821
v 0.353943 0.125000 0.371765
v 0.303380 0.312500 0.265491
v 0.252816 0.375000 0.265546
v 0.252816 0.312500 0.318711
v 0.353943 0.437500 0.105940
v 0.303380 0.437500 0.159161
v 0.353943 0.375000 0.159105
v 0.657323 0.125000 0.052441
v 0.657323 0.062500 0.105606
v 0.707886 0.062500 0.052385
v 0.556196 0.187500 0.105717
v 0.505633 0.187500 0.158938
v 0.556196 0.125000 0.158882
v 0.455070 0.375000 0.052664
v 0.455070 0.312500 0.105829
v 0.505633 0.312500 0.052608
v -0.243178 -0.065401 -0.526599
v -0.243252 -0.127651 -0.473939
v -0.292036 -0.065230 -0.473939
v -0.145536 -0.127993 -0.579259
v -0.096752 -0.190414 -0.579259
v -0.145610 -0.190243 -0.526599
v -0.047746 -0.066086 -0.737239
v -0.047820 -0.128336 -0.684579
v -0.096604 -0.065915 -0.684579
v -0.341265 -0.376306 -0.157980
v -0.292481 -0.438727 -0.157980
v -0.341339 -0.438555 -0.105320
v -0.292332 -0.314228 -0.263300
v -0.243474 -0.314399 -0.315960
v -0.243549 -0.376648 -0.263300
v -0.340968 -0.127308 -0.368620
v -0.292184 -0.189729 -0.368620
v -0.341042 -0.189557 -0.315960
v -0.634042 -0.064030 -0.105320
v -0.634116 -0.126280 -0.052660
v -0.682900 -0.063859 -0.052660
v -0.536400 -0.126622 -0.157980
v -0.487616 -0.189043 -0.157980
v -0.536474 -0.188872 -0.105320
v -0.438610 -0.064716 -0.315960
v -0.438684 -0.126965 -0.263300
v -0.487468 -0.064544 -0.263300
v -0.487839 -0.063292 0.265825
v -0.439055 -0.125713 0.265825
v -0.439055 -0.063213 0.318990
v -0.536622 -0.125871 0.159495
v -0.536622 -0.188371 0.106330
v -0.487839 -0.188292 0.159495
v -0.682974 -0.063608 0.053165
v -0.634190 -0.126029 0.053165
v -0.634190 -0.063529 0.106330
v -0.146352 -0.375238 0.372155
v -0.146352 -0.437737 0.318990
v -0.097568 -0.437658 0.372155
v -0.243919 -0.312896 0.318990
v -0.292703 -0.312975 0.265825
v -0.243919 -0.375396 0.265825
v -0.341487 -0.125554 0.372155
v -0.341487 -0.188054 0.318990
v -0.292703 -0.187975 0.372155
v -0.097568 -0.062658 0.691145
v -0.048784 -0.125079 0.691145
v -0.048784 -0.062579 0.744310
v -0.146352 -0.125238 0.584815
v -0.146352 -0.187738 0.531650
v -0.097568 -0.187658 0.584815
v -0.292703 -0.062975 0.478485
v -0.243919 -0.125396 0.478485
v -0.243919 -0.062896 0.531650
v 0.051305 -0.315005 -0.526655
v 0.101794 -0.314755 -0.474051
v 0.051230 -0.377255 -0.473995
v 0.101942 -0.190256 -0.579371
v 0.152505 -0.127756 -0.579426
v 0.152431 -0.190005 -0.526766
v 0.051601 -0.066007 -0.737295
v 0.102090 -0.065757 -0.684691
v 0.051527 -0.128257 -0.684635
v 0.303602 -0.438252 -0.158314
v 0.354165 -0.375752 -0.158370
v 0.354091 -0.438001 -0.105710
v 0.253187 -0.376253 -0.263578
v 0.253261 -0.314003 -0.316238
v 0.303750 -0.313753 -0.263634
v 0.101645 -0.439254 -0.368731
v 0.152209 -0.376754 -0.368787
v 0.152135 -0.439003 -0.316127
v 0.050712 -0.813001 -0.105376
v 0.101201 -0.812751 -0.052771
v 0.050637 -0.875251 -0.052716
v 0.101349 -0.688252 -0.158091
v 0.151912 -0.625752 -0.158147
v 0.151838 -0.688001 -0.105487
v 0.051008 -0.564003 -0.316015
v 0.101497 -0.563753 -0.263411
v 0.050934 -0.626253 -0.263355
v 0.252816 -0.062500 0.531371
v 0.252816 -0.125000 0.478206
v 0.303380 -0.062500 0.478151
v 0.151690 -0.125000 0.584648
v 0.101127 -0.187500 0.584704
v 0.151690 -0.187500 0.531483
v 0.050563 -0.062500 0.744254
v 0.050563 -0.125000 0.691089
v 0.101127 -0.062500 0.691034
v 0.353943 -0.375000 0.159105
v 0.303380 -0.437500 0.159161
v 0.353943 -0.437500 0.105940
v 0.303380 -0.312500 0.265491
v 0.252816 -0.312500 0.318711
v 0.252816 -0.375000 0.265546
v 0.353943 -0.125000 0.371765
v 0.303380 -0.187500 0.371821
v 0.353943 -0.187500 0.318600
v 0.657323 -0.062500 0.105606
v 0.657323 -0.125000 0.052441
v 0.707886 -0.062500 0.052385
v 0.556196 -0.125000 0.158882
v 0.505633 -0.187500 0.158938
v 0.556196 -0.187500 0.105717
v 0.455070 -0.062500 0.318488
v 0.455070 -0.125000 0.265323
v 0.505633 -0.062500 0.265268
v 0.455070 -0.312500 0.105829
v 0.455070 -0.375000 0.052664
v 0.505633 -0.312500 0.052608
v 0.151690 -0.375000 0.371988
v 0.101127 -0.437500 0.372044
v 0.151690 -0.437500 0.318823
v 0.050563 -0.312500 0.531594
v 0.050563 -0.375000 0.478429
v 0.101127 -0.312500 0.478374
v 0.252965 -0.563001 -0.105598
v 0.303454 -0.562751 -0.052994
v 0.252891 -0.625251 -0.052939
v 0.303899 -0.189254 -0.368954
v 0.354462 -0.126754 -0.369010
v 0.354388 -0.189003 -0.316350
v 0.253558 -0.065005 -0.526878
v 0.304047 -0.064755 -0.474274
v 0.253484 -0.127255 -0.474218
v -0.097568 -0.312658 0.478485
v -0.048784 -0.375079 0.478485
v -0.048784 -0.312579 0.531650
v -0.341487 -0.375554 0.159495
v -0.341487 -0.438054 0.106330
v -0.292703 -0.437975 0.159495
v -0.487839 -0.313292 0.053165
v -0.439055 -0.375713 0.053165
v -0.439055 -0.313213 0.106330
v -0.438906 -0.313714 -0.105320
v -0.438981 -0.375963 -0.052660
v -0.487764 -0.313542 -0.052660
v -0.145833 -0.376991 -0.368620
v -0.097049 -0.439412 -0.368620
v -0.145907 -0.439241 -0.315960
v -0.048043 -0.315084 -0.526599
v -0.048117 -0.377334 -0.473939
v -0.096901 -0.314913 -0.473939
v 0.455070 0.125000 0.265323
v 0.455070 0.062500 0.318488
v 0.505633 0.062500 0.265268
v 0.151690 0.437500 0.318823
v 0.101127 0.437500 0.372044
v 0.151690 0.375000 0.371988
v 0.050563 0.625000 0.265769
v 0.050563 0.562500 0.318934
v 0.101127 0.562500 0.265714
v -0.243919 0.124604 0.478485
v -0.292703 0.062025 0.478485
v -0.243919 0.062104 0.531650
v -0.292703 0.437025 0.159495
v -0.341487 0.436946 0.106330
v -0.341487 0.374446 0.159495
v -0.243919 0.624604 0.053165
v -0.292703 0.562025 0.053165
v -0.243919 0.562104 0.106330
v -0.438684 0.123035 -0.263300
v -0.438610 0.060284 -0.315960
v -0.487468 0.060456 -0.263300
v -0.145907 0.435759 -0.315960
v -0.097049 0.435588 -0.368620
v -0.145833 0.373009 -0.368620
v -0.048413 0.623668 -0.263300
v -0.048339 0.560918 -0.315960
v -0.097197 0.561089 -0.263300
v 0.253484 0.122745 -0.474218
v 0.304047 0.060245 -0.474274
v 0.253558 0.059995 -0.526878
v 0.303602 0.436748 -0.158314
v 0.354091 0.436999 -0.105710
v 0.354165 0.374248 -0.158370
v 0.252891 0.624749 -0.052939
v 0.303454 0.562249 -0.052994
v 0.252965 0.561999 -0.105598
v 0.657397 0.124749 -0.053384
v 0.707960 0.062249 -0.053440
v 0.657471 0.061999 -0.106044
v -0.047820 0.121664 -0.684579
v -0.047746 0.058914 -0.737239
v -0.096604 0.059085 -0.684579
v -0.634190 0.123971 0.053165
v -0.682974 0.061392 0.053165
v -0.634190 0.061471 0.106330
v 0.050563 0.125000 0.691089
v 0.050563 0.062500 0.744254
v 0.101127 0.062500 0.691034
v -0.048636 -0.813080 -0.105320
v -0.048710 -0.875330 -0.052660
v -0.097494 -0.812909 -0.052660
v -0.097568 -0.812658 0.053165
v -0.048784 -0.875079 0.053165
v -0.048784 -0.812579 0.106330
v 0.657471 -0.063001 -0.106044
v 0.707960 -0.062751 -0.053440
v 0.657397 -0.125251 -0.053384
v 0.050563 -0.812500 0.106274
v 0.050563 -0.875000 0.053109
v 0.101127 -0.812500 0.053054
vn 0.6255 -0.5055 0.5943
vn 0.6238 -0.5052 -0.5963
vn -0.6382 -0.4988 0.5864
vn -0.6367 -0.4976 -0.5891
vn 0.6255 0.5055 0.5943
vn -0.6392 0.4983 0.5858
vn -0.6359 0.4957 -0.5916
vn 0.6220 0.5038 -0.5994
vt 0.181819 0.000000
vt 0.909091 0.000000
vt 0.727273 0.000000
vt 0.363637 0.000000
vt 0.272728 0.157461
vt 0.363637 0.314921
vt 0.090910 0.157461
vt 1.000000 0.157461
vt 0.181819 0.314921
vt 0.000000 0.314921
vt 0.818182 0.157461
vt 0.727273 0.314921
vt 0.454546 0.157461
vt 0.636364 0.157461
vt 0.545455 0.314921
vt 0.272728 0.472382
vt 0.090910 0.472382
vt 0.636364 0.472382
vt 0.454546 0.472382
vt 0.954545 0.078731
vt 0.136365 0.078731
vt 0.318182 0.078731
vt 0.227273 0.078731
vt 0.181819 0.157461
vt 0.272728 0.314921
vt 0.772727 0.078731
vt 0.863636 0.078731
vt 0.909091 0.157461
vt 0.090910 0.314921
vt 0.409092 0.078731
vt 0.681818 0.078731
vt 0.727273 0.157461
vt 0.636364 0.314921
vt 0.500000 0.393651
vt 0.590909 0.393651
vt 0.136365 0.393651
vt 0.227273 0.393651
vt 0.454546 0.314921
vt 0.363637 0.157461
vt 0.681818 0.393651
vt 0.045455 0.393651
vt 0.318182 0.393651
vt 0.409092 0.393651
vt 0.159092 0.039365
vt 0.931818 0.039365
vt 0.250001 0.118096
vt 0.295455 0.118096
vt 0.136364 0.157461
vt 0.227273 0.314921
vt 0.886364 0.039365
vt 0.750000 0.039365
vt 0.863636 0.157461
vt 0.045455 0.314921
vt 0.704546 0.039365
vt 0.386364 0.039365
vt 0.681818 0.157461
vt 0.590909 0.314921
vt 0.568182 0.354286
vt 0.522728 0.354286
vt 0.204546 0.354286
vt 0.159092 0.354286
vt 0.318182 0.157461
vt 0.409091 0.314921
vt 0.022728 0.354286
vt 0.704546 0.354286
vt 0.431819 0.433017
vt 0.295455 0.433017
vt 0.113637 0.118096
vt 0.977273 0.118096
vt 0.340910 0.039365
vt 0.204546 0.039365
vt 0.227273 0.157461
vt 0.318182 0.314921
vt 0.840909 0.118096
vt 0.795455 0.118096
vt 0.954545 0.157461
vt 0.136364 0.314921
vt 0.659091 0.118096
vt 0.431819 0.118096
vt 0.772727 0.157461
vt 0.681818 0.314921
vt 0.613637 0.433017
vt 0.477273 0.433017
vt 0.250001 0.433017
vt 0.113637 0.433017
vt 0.409092 0.157461
vt 0.500000 0.314921
vt 0.068182 0.433017
vt 0.659091 0.433017
vt 0.386364 0.354286
vt 0.340910 0.354286
vt 0.454546 0.393651
vt 0.431819 0.354286
vt 0.477273 0.354286
vt 0.636364 0.393651
vt 0.613637 0.354286
vt 0.659091 0.354286
vt 0.090910 0.393651
vt 0.068182 0.354286
vt 0.113637 0.354286
vt 0.272728 0.393651
vt 0.250001 0.354286
vt 0.295455 0.354286
vt 0.704546 0.118096
vt 0.727273 0.078731
vt 0.750000 0.118096
vt 0.886364 0.118096
vt 0.909091 0.078731
vt 0.931818 0.118096
vt 0.386364 0.118096
vt 0.340910 0.118096
vt 0.363637 0.078731
vt 0.159092 0.118096
vt 0.181819 0.078731
vt 0.204546 0.118096
vt 0.920455 0.019683
vt 0.170455 0.019683
vt 0.261364 0.137778
vt 0.284092 0.137778
vt 0.113637 0.157461
vt 0.204546 0.314921
vt 0.738637 0.019683
vt 0.897727 0.019683
vt 0.840909 0.157461
vt 0.022727 0.314921
vt 0.375001 0.019683
vt 0.715909 0.019683
vt 0.659091 0.157461
vt 0.568182 0.314921
vt 0.534091 0.334604
vt 0.556819 0.334604
vt 0.170455 0.334604
vt 0.193183 0.334604
vt 0.386364 0.314921
vt 0.295455 0.157461
vt 0.715909 0.334604
vt 0.011364 0.334604
vt 0.284092 0.452699
vt 0.443182 0.452699
vt 0.125001 0.098413
vt 0.965909 0.098413
vt 0.215910 0.059048
vt 0.329546 0.059048
vt 0.204546 0.157461
vt 0.295455 0.314921
vt 0.852273 0.098413
vt 0.784091 0.098413
vt 0.931818 0.157461
vt 0.113637 0.314921
vt 0.420455 0.098413
vt 0.670455 0.098413
vt 0.750000 0.157461
vt 0.659091 0.314921
vt 0.488637 0.413334
vt 0.602273 0.413334
vt 0.125001 0.413334
vt 0.238637 0.413334
vt 0.386364 0.157461
vt 0.477273 0.314921
vt 0.670455 0.413334
vt 0.056819 0.413334
vt 0.329546 0.373969
vt 0.397728 0.373969
vt 0.477273 0.393651
vt 0.443182 0.334604
vt 0.465910 0.334604
vt 0.659091 0.393651
vt 0.625000 0.334604
vt 0.647728 0.334604
vt 0.113637 0.393651
vt 0.079546 0.334604
vt 0.102273 0.334604
vt 0.295455 0.393651
vt 0.261364 0.334604
vt 0.284092 0.334604
vt 0.715909 0.137778
vt 0.750000 0.078731
vt 0.761364 0.098413
vt 0.897727 0.137778
vt 0.931818 0.078731
vt 0.943182 0.098413
vt 0.397728 0.098413
vt 0.329546 0.098413
vt 0.340910 0.078731
vt 0.170455 0.137778
vt 0.204546 0.078731
vt 0.215910 0.098413
vt 0.147728 0.059048
vt 0.943182 0.059048
vt 0.306819 0.098413
vt 0.238637 0.098413
vt 0.159092 0.157461
vt 0.250001 0.314921
vt 0.875000 0.059048
vt 0.761364 0.059048
vt 0.886364 0.157461
vt 0.068182 0.314921
vt 0.397728 0.059048
vt 0.693182 0.059048
vt 0.704546 0.157461
vt 0.613637 0.314921
vt 0.511364 0.373969
vt 0.579546 0.373969
vt 0.147728 0.373969
vt 0.215910 0.373969
vt 0.340910 0.157461
vt 0.431819 0.314921
vt 0.693182 0.373969
vt 0.034091 0.373969
vt 0.306819 0.413334
vt 0.420455 0.413334
vt 0.988636 0.137778
vt 0.102274 0.137778
vt 0.352273 0.019683
vt 0.193183 0.019683
vt 0.250001 0.157461
vt 0.340910 0.314921
vt 0.806818 0.137778
vt 0.829546 0.137778
vt 0.977273 0.157461
vt 0.159092 0.314921
vt 0.443182 0.137778
vt 0.647728 0.137778
vt 0.795455 0.157461
vt 0.704546 0.314921
vt 0.465910 0.452699
vt 0.625000 0.452699
vt 0.102274 0.452699
vt 0.261364 0.452699
vt 0.522728 0.314921
vt 0.431819 0.157461
vt 0.647728 0.452699
vt 0.079546 0.452699
vt 0.352273 0.334604
vt 0.375001 0.334604
vt 0.431819 0.393651
vt 0.420455 0.373969
vt 0.488637 0.373969
vt 0.613637 0.393651
vt 0.602273 0.373969
vt 0.670455 0.373969
vt 0.068182 0.393651
vt 0.056819 0.373969
vt 0.125001 0.373969
vt 0.250001 0.393651
vt 0.238637 0.373969
vt 0.306819 0.373969
vt 0.693182 0.098413
vt 0.704546 0.078731
vt 0.738637 0.137778
vt 0.875000 0.098413
vt 0.886364 0.078731
vt 0.920455 0.137778
vt 0.375001 0.137778
vt 0.352273 0.137778
vt 0.386364 0.078731
vt 0.147728 0.098413
vt 0.159092 0.078731
vt 0.193183 0.137778
vt 0.215910 0.137778
vt 0.227273 0.118096
vt 0.238637 0.137778
vt 0.181819 0.118096
vt 0.170455 0.098413
vt 0.193183 0.098413
vt 0.125001 0.137778
vt 0.136364 0.118096
vt 0.147728 0.137778
vt 0.375001 0.059048
vt 0.352273 0.059048
vt 0.363637 0.039365
vt 0.375001 0.098413
vt 0.363637 0.118096
vt 0.352273 0.098413
vt 0.420455 0.137778
vt 0.397728 0.137778
vt 0.409092 0.118096
vt 0.943182 0.137778
vt 0.954545 0.118096
vt 0.965909 0.137778
vt 0.909091 0.118096
vt 0.897727 0.098413
vt 0.920455 0.098413
vt 0.852273 0.137778
vt 0.863636 0.118096
vt 0.875000 0.137778
vt 0.761364 0.137778
vt 0.772727 0.118096
vt 0.784091 0.137778
vt 0.727273 0.118096
vt 0.715909 0.098413
vt 0.738637 0.098413
vt 0.670455 0.137778
vt 0.681818 0.118096
vt 0.693182 0.137778
vt 0.318182 0.354286
vt 0.306819 0.334604
vt 0.329546 0.334604
vt 0.284092 0.373969
vt 0.261364 0.373969
vt 0.272728 0.354286
vt 0.272728 0.433017
vt 0.261364 0.413334
vt 0.284092 0.413334
vt 0.136364 0.354286
vt 0.125001 0.334604
vt 0.147728 0.334604
vt 0.102273 0.373969
vt 0.079546 0.373969
vt 0.090910 0.354286
vt 0.090910 0.433017
vt 0.079546 0.413334
vt 0.102274 0.413334
vt 0.681818 0.354286
vt 0.670455 0.334604
vt 0.693182 0.334604
vt 0.647728 0.373969
vt 0.625000 0.373969
vt 0.636364 0.354286
vt 0.636364 0.433017
vt 0.625000 0.413334
vt 0.647728 0.413334
vt 0.500000 0.354286
vt 0.488637 0.334604
vt 0.511364 0.334604
vt 0.465910 0.373969
vt 0.443182 0.373969
vt 0.454546 0.354286
vt 0.454546 0.433017
vt 0.443182 0.413334
vt 0.465910 0.413334
vt 0.409091 0.354286
vt 0.397728 0.334604
vt 0.420455 0.334604
vt 0.590909 0.354286
vt 0.579546 0.334604
vt 0.602273 0.334604
vt 0.045455 0.354286
vt 0.034091 0.334604
vt 0.056819 0.334604
vt 0.227273 0.354286
vt 0.215910 0.334604
vt 0.238637 0.334604
vt 0.715909 0.059048
vt 0.727273 0.039365
vt 0.738637 0.059048
vt 0.897727 0.059048
vt 0.909091 0.039365
vt 0.920455 0.059048
vt 0.329546 0.137778
vt 0.306819 0.137778
vt 0.318182 0.118096
vt 0.170455 0.059048
vt 0.181819 0.039365
vt 0.193183 0.059048
vt 0.914773 0.009841
vt 0.176137 0.009841
vt 0.267046 0.147620
vt 0.278410 0.147620
vt 0.102274 0.157461
vt 0.193183 0.314921
vt 0.732955 0.009841
vt 0.903409 0.009841
vt 0.829546 0.157461
vt 0.011364 0.314921
vt 0.369319 0.009841
vt 0.721591 0.009841
vt 0.647728 0.157461
vt 0.556819 0.314921
vt 0.539773 0.324762
vt 0.551137 0.324762
vt 0.176137 0.324762
vt 0.187501 0.324762
vt 0.375001 0.314921
vt 0.284092 0.157461
vt 0.721591 0.324762
vt 0.005682 0.324762
vt 0.278410 0.462541
vt 0.448864 0.462541
vt 0.130683 0.088572
vt 0.960227 0.088572
vt 0.221592 0.068889
vt 0.323864 0.068889
vt 0.193183 0.157461
vt 0.284092 0.314921
vt 0.857955 0.088572
vt 0.778409 0.088572
vt 0.920455 0.157461
vt 0.102273 0.314921
vt 0.414773 0.088572
vt 0.676137 0.088572
vt 0.738637 0.157461
vt 0.647728 0.314921
vt 0.494319 0.403493
vt 0.596591 0.403493
vt 0.130683 0.403493
vt 0.232955 0.403493
vt 0.375001 0.157461
vt 0.465910 0.314921
vt 0.676137 0.403493
vt 0.051137 0.403493
vt 0.323864 0.383810
vt 0.403410 0.383810
vt 0.488637 0.393651
vt 0.448864 0.324762
vt 0.460228 0.324762
vt 0.670455 0.393651
vt 0.630682 0.324762
vt 0.642046 0.324762
vt 0.125001 0.393651
vt 0.085228 0.324762
vt 0.096591 0.324762
vt 0.306819 0.393651
vt 0.267046 0.324762
vt 0.278410 0.324762
vt 0.721591 0.147620
vt 0.761364 0.078731
vt 0.767046 0.088572
vt 0.903409 0.147620
vt 0.943182 0.078731
vt 0.948864 0.088572
vt 0.403410 0.088572
vt 0.323864 0.088572
vt 0.329546 0.078731
vt 0.176137 0.147620
vt 0.215910 0.078731
vt 0.221592 0.088572
vt 0.153410 0.049207
vt 0.937500 0.049207
vt 0.244319 0.108254
vt 0.301137 0.108254
vt 0.147728 0.157461
vt 0.238637 0.314921
vt 0.880682 0.049207
vt 0.755682 0.049207
vt 0.875000 0.157461
vt 0.056818 0.314921
vt 0.392046 0.049207
vt 0.698864 0.049207
vt 0.693182 0.157461
vt 0.602273 0.314921
vt 0.517046 0.364128
vt 0.573864 0.364128
vt 0.153410 0.364128
vt 0.210228 0.364128
vt 0.329546 0.157461
vt 0.420455 0.314921
vt 0.698864 0.364128
vt 0.028409 0.364128
vt 0.426137 0.423175
vt 0.301137 0.423175
vt 0.982955 0.127937
vt 0.107955 0.127937
vt 0.198864 0.029524
vt 0.346592 0.029524
vt 0.238637 0.157461
vt 0.329546 0.314921
vt 0.801137 0.127937
vt 0.835227 0.127937
vt 0.965909 0.157461
vt 0.147728 0.314921
vt 0.437501 0.127937
vt 0.653409 0.127937
vt 0.784091 0.157461
vt 0.693182 0.314921
vt 0.471591 0.442858
vt 0.619319 0.442858
vt 0.107955 0.442858
vt 0.255683 0.442858
vt 0.511364 0.314921
vt 0.420455 0.157461
vt 0.653409 0.442858
vt 0.073864 0.442858
vt 0.380682 0.344445
vt 0.346592 0.344445
vt 0.443182 0.393651
vt 0.426137 0.364128
vt 0.482955 0.364128
vt 0.625000 0.393651
vt 0.607955 0.364128
vt 0.664773 0.364128
vt 0.079546 0.393651
vt 0.062500 0.364128
vt 0.119319 0.364128
vt 0.261364 0.393651
vt 0.244319 0.364128
vt 0.301137 0.364128
vt 0.698864 0.108254
vt 0.715909 0.078731
vt 0.744318 0.127937
vt 0.880682 0.108254
vt 0.897727 0.078731
vt 0.926136 0.127937
vt 0.380682 0.127937
vt 0.346592 0.127937
vt 0.375001 0.078731
vt 0.153410 0.108254
vt 0.170455 0.078731
vt 0.198864 0.127937
vt 0.221592 0.147620
vt 0.238637 0.118096
vt 0.244319 0.127937
vt 0.193183 0.118096
vt 0.176137 0.088572
vt 0.187501 0.088572
vt 0.130683 0.147620
vt 0.147728 0.118096
vt 0.153410 0.127937
vt 0.380682 0.049207
vt 0.346592 0.049207
vt 0.352273 0.039365
vt 0.369319 0.088572
vt 0.352273 0.118096
vt 0.346592 0.108254
vt 0.426137 0.127937
vt 0.392046 0.127937
vt 0.397728 0.118096
vt 0.948864 0.147620
vt 0.965909 0.118096
vt 0.971591 0.127937
vt 0.920455 0.118096
vt 0.903409 0.088572
vt 0.914773 0.088572
vt 0.857955 0.147620
vt 0.875000 0.118096
vt 0.880682 0.127937
vt 0.767046 0.147620
vt 0.784091 0.118096
vt 0.789773 0.127937
vt 0.738637 0.118096
vt 0.721591 0.088572
vt 0.732955 0.088572
vt 0.676137 0.147620
vt 0.693182 0.118096
vt 0.698864 0.127937
vt 0.329546 0.354286
vt 0.312501 0.324762
vt 0.323864 0.324762
vt 0.289773 0.364128
vt 0.255683 0.364128
vt 0.261364 0.354286
vt 0.284092 0.433017
vt 0.267046 0.403493
vt 0.278410 0.403493
vt 0.147728 0.354286
vt 0.130682 0.324762
vt 0.142046 0.324762
vt 0.107955 0.364128
vt 0.073864 0.364128
vt 0.079546 0.354286
vt 0.102274 0.433017
vt 0.085228 0.403493
vt 0.096592 0.403493
vt 0.693182 0.354286
vt 0.676137 0.324762
vt 0.687500 0.324762
vt 0.653409 0.364128
vt 0.619319 0.364128
vt 0.625000 0.354286
vt 0.647728 0.433017
vt 0.630682 0.403493
vt 0.642046 0.403493
vt 0.511364 0.354286
vt 0.494319 0.324762
vt 0.505682 0.324762
vt 0.471591 0.364128
vt 0.437501 0.364128
vt 0.443182 0.354286
vt 0.465910 0.433017
vt 0.448864 0.403493
vt 0.460228 0.403493
vt 0.420455 0.354286
vt 0.403410 0.324762
vt 0.414773 0.324762
vt 0.602273 0.354286
vt 0.585228 0.324762
vt 0.596591 0.324762
vt 0.056819 0.354286
vt 0.039773 0.324762
vt 0.051137 0.324762
vt 0.238637 0.354286
vt 0.221592 0.324762
vt 0.232955 0.324762
vt 0.721591 0.068889
vt 0.738637 0.039365
vt 0.744318 0.049207
vt 0.903409 0.068889
vt 0.920455 0.039365
vt 0.926136 0.049207
vt 0.335228 0.127937
vt 0.301137 0.127937
vt 0.306819 0.118096
vt 0.176137 0.068889
vt 0.193183 0.039365
vt 0.198864 0.049207
vt 0.164774 0.029524
vt 0.926136 0.029524
vt 0.289773 0.127937
vt 0.255683 0.127937
vt 0.215910 0.314921
vt 0.125001 0.157461
vt 0.892046 0.029524
vt 0.744318 0.029524
vt 0.034091 0.314921
vt 0.852273 0.157461
vt 0.710228 0.029524
vt 0.380682 0.029524
vt 0.579546 0.314921
vt 0.670455 0.157461
vt 0.562500 0.344445
vt 0.528410 0.344445
vt 0.198864 0.344445
vt 0.164774 0.344445
vt 0.306819 0.157461
vt 0.397728 0.314921
vt 0.017046 0.344445
vt 0.710228 0.344445
vt 0.289773 0.442858
vt 0.437501 0.442858
vt 0.971591 0.108254
vt 0.119319 0.108254
vt 0.335228 0.049207
vt 0.210228 0.049207
vt 0.306819 0.314921
vt 0.215910 0.157461
vt 0.789773 0.108254
vt 0.846591 0.108254
vt 0.125001 0.314921
vt 0.943182 0.157461
vt 0.664773 0.108254
vt 0.426137 0.108254
vt 0.670455 0.314921
vt 0.761364 0.157461
vt 0.607955 0.423175
vt 0.482955 0.423175
vt 0.244319 0.423175
vt 0.119319 0.423175
vt 0.488637 0.314921
vt 0.397728 0.157461
vt 0.062501 0.423175
vt 0.664773 0.423175
vt 0.335228 0.364128
vt 0.392046 0.364128
vt 0.465910 0.393651
vt 0.437501 0.344445
vt 0.471591 0.344445
vt 0.647728 0.393651
vt 0.619319 0.344445
vt 0.653409 0.344445
vt 0.102273 0.393651
vt 0.073864 0.344445
vt 0.107955 0.344445
vt 0.284092 0.393651
vt 0.255683 0.344445
vt 0.289773 0.344445
vt 0.710228 0.127937
vt 0.738637 0.078731
vt 0.755682 0.108254
vt 0.892046 0.127937
vt 0.920455 0.078731
vt 0.937500 0.108254
vt 0.392046 0.108254
vt 0.335228 0.108254
vt 0.352273 0.078731
vt 0.164774 0.127937
vt 0.193183 0.078731
vt 0.210228 0.108254
vt 0.948864 0.068889
vt 0.142046 0.068889
vt 0.312501 0.088572
vt 0.232955 0.088572
vt 0.170455 0.157461
vt 0.261364 0.314921
vt 0.767046 0.068889
vt 0.869318 0.068889
vt 0.897727 0.157461
vt 0.079546 0.314921
vt 0.403410 0.068889
vt 0.687500 0.068889
vt 0.715909 0.157461
vt 0.625000 0.314921
vt 0.505682 0.383810
vt 0.585228 0.383810
vt 0.142046 0.383810
vt 0.221592 0.383810
vt 0.443182 0.314921
vt 0.352273 0.157461
vt 0.687500 0.383810
vt 0.039773 0.383810
vt 0.312501 0.403493
vt 0.414773 0.403493
vt 0.096592 0.147620
vt 0.994318 0.147620
vt 0.357955 0.009841
vt 0.187501 0.009841
vt 0.261364 0.157461
vt 0.352273 0.314921
vt 0.823864 0.147620
vt 0.812500 0.147620
vt 0.988636 0.157461
vt 0.170455 0.314921
vt 0.448864 0.147620
vt 0.642046 0.147620
vt 0.806818 0.157461
vt 0.715909 0.314921
vt 0.630682 0.462541
vt 0.460228 0.462541
vt 0.267046 0.462541
vt 0.096592 0.462541
vt 0.443182 0.157461
vt 0.534091 0.314921
vt 0.085228 0.462541
vt 0.642046 0.462541
vt 0.357955 0.324762
vt 0.369319 0.324762
vt 0.420455 0.393651
vt 0.414773 0.383810
vt 0.494319 0.383810
vt 0.602273 0.393651
vt 0.596591 0.383810
vt 0.676137 0.383810
vt 0.056819 0.393651
vt 0.051137 0.383810
vt 0.130683 0.383810
vt 0.238637 0.393651
vt 0.232955 0.383810
vt 0.312501 0.383810
vt 0.687500 0.088572
vt 0.693182 0.078731
vt 0.732955 0.147620
vt 0.869318 0.088572
vt 0.875000 0.078731
vt 0.914773 0.147620
vt 0.369319 0.147620
vt 0.357955 0.147620
vt 0.397728 0.078731
vt 0.142046 0.088572
vt 0.147728 0.078731
vt 0.187501 0.147620
vt 0.210228 0.127937
vt 0.215910 0.118096
vt 0.232955 0.147620
vt 0.170455 0.118096
vt 0.164774 0.108254
vt 0.198864 0.108254
vt 0.119319 0.127937
vt 0.125001 0.118096
vt 0.142046 0.147620
vt 0.369319 0.068889
vt 0.357955 0.068889
vt 0.375001 0.039365
vt 0.380682 0.108254
vt 0.375001 0.118096
vt 0.357955 0.088572
vt 0.414773 0.147620
vt 0.403410 0.147620
vt 0.420455 0.118096
vt 0.937500 0.127937
vt 0.943182 0.118096
vt 0.960227 0.147620
vt 0.897727 0.118096
vt 0.892046 0.108254
vt 0.926136 0.108254
vt 0.846591 0.127937
vt 0.852273 0.118096
vt 0.869318 0.147620
vt 0.755682 0.127937
vt 0.761364 0.118096
vt 0.778409 0.147620
vt 0.715909 0.118096
vt 0.710228 0.108254
vt 0.744318 0.108254
vt 0.664773 0.127937
vt 0.670455 0.118096
vt 0.687500 0.147620
vt 0.306819 0.354286
vt 0.301137 0.344445
vt 0.335228 0.344445
vt 0.278410 0.383810
vt 0.267046 0.383810
vt 0.284092 0.354286
vt 0.261364 0.433017
vt 0.255683 0.423175
vt 0.289773 0.423175
vt 0.125001 0.354286
vt 0.119319 0.344445
vt 0.153410 0.344445
vt 0.096592 0.383810
vt 0.085228 0.383810
vt 0.102273 0.354286
vt 0.079546 0.433017
vt 0.073864 0.423175
vt 0.107955 0.423175
vt 0.670455 0.354286
vt 0.664773 0.344445
vt 0.698864 0.344445
vt 0.642046 0.383810
vt 0.630682 0.383810
vt 0.647728 0.354286
vt 0.625000 0.433017
vt 0.619319 0.423175
vt 0.653409 0.423175
vt 0.488637 0.354286
vt 0.482955 0.344445
vt 0.517046 0.344445
vt 0.460228 0.383810
vt 0.448864 0.383810
vt 0.465910 0.354286
vt 0.443182 0.433017
vt 0.437501 0.423175
vt 0.471591 0.423175
vt 0.397728 0.354286
vt 0.392046 0.344445
vt 0.426137 0.344445
vt 0.579546 0.354286
vt 0.573864 0.344445
vt 0.607955 0.344445
vt 0.034091 0.354286
vt 0.028409 0.344445
vt 0.062500 0.344445
vt 0.215910 0.354286
vt 0.210228 0.344445
vt 0.244319 0.344445
vt 0.710228 0.049207
vt 0.715909 0.039365
vt 0.732955 0.068889
vt 0.892046 0.049207
vt 0.897727 0.039365
vt 0.914773 0.068889
vt 0.323864 0.147620
vt 0.312501 0.147620
vt 0.329546 0.118096
vt 0.164774 0.049207
vt 0.170455 0.039365
vt 0.187501 0.068889
vt 0.198864 0.068889
vt 0.204546 0.059048
vt 0.210228 0.068889
vt 0.181819 0.059048
vt 0.176137 0.049207
vt 0.187501 0.049207
vt 0.153410 0.068889
vt 0.159092 0.059048
vt 0.164774 0.068889
vt 0.323864 0.108254
vt 0.312501 0.108254
vt 0.318182 0.098413
vt 0.323864 0.127937
vt 0.318182 0.137778
vt 0.312501 0.127937
vt 0.346592 0.147620
vt 0.335228 0.147620
vt 0.340910 0.137778
vt 0.926136 0.068889
vt 0.931818 0.059048
vt 0.937500 0.068889
vt 0.909091 0.059048
vt 0.903409 0.049207
vt 0.914773 0.049207
vt 0.880682 0.068889
vt 0.886364 0.059048
vt 0.892046 0.068889
vt 0.744318 0.068889
vt 0.750000 0.059048
vt 0.755682 0.068889
vt 0.727273 0.059048
vt 0.721591 0.049207
vt 0.732955 0.049207
vt 0.698864 0.068889
vt 0.704546 0.059048
vt 0.710228 0.068889
vt 0.250001 0.334604
vt 0.244319 0.324762
vt 0.255683 0.324762
vt 0.232955 0.344445
vt 0.221592 0.344445
vt 0.227273 0.334604
vt 0.227273 0.373969
vt 0.221592 0.364128
vt 0.232955 0.364128
vt 0.068182 0.334604
vt 0.062500 0.324762
vt 0.073864 0.324762
vt 0.051137 0.344445
vt 0.039773 0.344445
vt 0.045455 0.334604
vt 0.045455 0.373969
vt 0.039773 0.364128
vt 0.051137 0.364128
vt 0.613637 0.334604
vt 0.607955 0.324762
vt 0.619319 0.324762
vt 0.596591 0.344445
vt 0.585228 0.344445
vt 0.590909 0.334604
vt 0.590909 0.373969
vt 0.585228 0.364128
vt 0.596591 0.364128
vt 0.431819 0.334604
vt 0.426137 0.324762
vt 0.437501 0.324762
vt 0.414773 0.344445
vt 0.403410 0.344445
vt 0.409091 0.334604
vt 0.409091 0.373969
vt 0.403410 0.364128
vt 0.414773 0.364128
vt 0.477273 0.413334
vt 0.471591 0.403493
vt 0.482955 0.403493
vt 0.460228 0.423175
vt 0.448864 0.423175
vt 0.454546 0.413334
vt 0.454546 0.452699
vt 0.448864 0.442858
vt 0.460228 0.442858
vt 0.460228 0.344445
vt 0.448864 0.344445
vt 0.454546 0.334604
vt 0.460228 0.364128
vt 0.454546 0.373969
vt 0.448864 0.364128
vt 0.482955 0.383810
vt 0.471591 0.383810
vt 0.477273 0.373969
vt 0.522728 0.334604
vt 0.517046 0.324762
vt 0.528410 0.324762
vt 0.505682 0.344445
vt 0.494319 0.344445
vt 0.500000 0.334604
vt 0.500000 0.373969
vt 0.494319 0.364128
vt 0.505682 0.364128
vt 0.659091 0.413334
vt 0.653409 0.403493
vt 0.664773 0.403493
vt 0.642046 0.423175
vt 0.630682 0.423175
vt 0.636364 0.413334
vt 0.636364 0.452699
vt 0.630682 0.442858
vt 0.642046 0.442858
vt 0.642046 0.344445
vt 0.630682 0.344445
vt 0.636364 0.334604
vt 0.642046 0.364128
vt 0.636364 0.373969
vt 0.630682 0.364128
vt 0.664773 0.383810
vt 0.653409 0.383810
vt 0.659091 0.373969
vt 0.704546 0.334604
vt 0.698864 0.324762
vt 0.710228 0.324762
vt 0.687500 0.344445
vt 0.676137 0.344445
vt 0.681818 0.334604
vt 0.681818 0.373969
vt 0.676137 0.364128
vt 0.687500 0.364128
vt 0.113637 0.413334
vt 0.107955 0.403493
vt 0.119319 0.403493
vt 0.096592 0.423175
vt 0.085228 0.423175
vt 0.090910 0.413334
vt 0.090910 0.452699
vt 0.085228 0.442858
vt 0.096592 0.442858
vt 0.096591 0.344445
vt 0.085228 0.344445
vt 0.090910 0.334604
vt 0.096592 0.364128
vt 0.090910 0.373969
vt 0.085228 0.364128
vt 0.119319 0.383810
vt 0.107955 0.383810
vt 0.113637 0.373969
vt 0.159092 0.334604
vt 0.153410 0.324762
vt 0.164773 0.324762
vt 0.142046 0.344445
vt 0.130682 0.344445
vt 0.136364 0.334604
vt 0.136364 0.373969
vt 0.130683 0.364128
vt 0.142046 0.364128
vt 0.295455 0.413334
vt 0.289773 0.403493
vt 0.301137 0.403493
vt 0.278410 0.423175
vt 0.267046 0.423175
vt 0.272728 0.413334
vt 0.272728 0.452699
vt 0.267046 0.442858
vt 0.278410 0.442858
vt 0.278410 0.344445
vt 0.267046 0.344445
vt 0.272728 0.334604
vt 0.278410 0.364128
vt 0.272728 0.373969
vt 0.267046 0.364128
vt 0.301137 0.383810
vt 0.289773 0.383810
vt 0.295455 0.373969
vt 0.340910 0.334604
vt 0.335228 0.324762
vt 0.346592 0.324762
vt 0.323864 0.344445
vt 0.312501 0.344445
vt 0.318182 0.334604
vt 0.318182 0.373969
vt 0.312501 0.364128
vt 0.323864 0.364128
vt 0.698864 0.147620
vt 0.704546 0.137778
vt 0.710228 0.147620
vt 0.681818 0.137778
vt 0.676137 0.127937
vt 0.687500 0.127937
vt 0.653409 0.147620
vt 0.659091 0.137778
vt 0.664773 0.147620
vt 0.750000 0.098413
vt 0.744318 0.088572
vt 0.755682 0.088572
vt 0.732955 0.108254
vt 0.721591 0.108254
vt 0.727273 0.098413
vt 0.727273 0.137778
vt 0.721591 0.127937
vt 0.732955 0.127937
vt 0.789773 0.147620
vt 0.795455 0.137778
vt 0.801137 0.147620
vt 0.772727 0.137778
vt 0.767046 0.127937
vt 0.778409 0.127937
vt 0.744318 0.147620
vt 0.750000 0.137778
vt 0.755682 0.147620
vt 0.880682 0.147620
vt 0.886364 0.137778
vt 0.892046 0.147620
vt 0.863636 0.137778
vt 0.857955 0.127937
vt 0.869318 0.127937
vt 0.835227 0.147620
vt 0.840909 0.137778
vt 0.846591 0.147620
vt 0.931818 0.098413
vt 0.926136 0.088572
vt 0.937500 0.088572
vt 0.914773 0.108254
vt 0.903409 0.108254
vt 0.909091 0.098413
vt 0.909091 0.137778
vt 0.903409 0.127937
vt 0.914773 0.127937
vt 0.971591 0.147620
vt 0.977273 0.137778
vt 0.982955 0.147620
vt 0.954545 0.137778
vt 0.948864 0.127937
vt 0.960227 0.127937
vt 0.926136 0.147620
vt 0.931818 0.137778
vt 0.937500 0.147620
vt 0.414773 0.108254
vt 0.403410 0.108254
vt 0.409092 0.098413
vt 0.414773 0.127937
vt 0.409092 0.137778
vt 0.403410 0.127937
vt 0.437501 0.147620
vt 0.426137 0.147620
vt 0.431819 0.137778
vt 0.346592 0.088572
vt 0.340910 0.098413
vt 0.335228 0.088572
vt 0.363637 0.098413
vt 0.369319 0.108254
vt 0.357955 0.108254
vt 0.392046 0.088572
vt 0.386364 0.098413
vt 0.380682 0.088572
vt 0.369319 0.029524
vt 0.357955 0.029524
vt 0.363637 0.019683
vt 0.369319 0.049207
vt 0.363637 0.059048
vt 0.357955 0.049207
vt 0.392046 0.068889
vt 0.380682 0.068889
vt 0.386364 0.059048
vt 0.153410 0.147620
vt 0.159092 0.137778
vt 0.164774 0.147620
vt 0.136364 0.137778
vt 0.130683 0.127937
vt 0.142046 0.127937
vt 0.107955 0.147620
vt 0.113637 0.137778
vt 0.119319 0.147620
vt 0.204546 0.098413
vt 0.198864 0.088572
vt 0.210228 0.088572
vt 0.187501 0.108254
vt 0.176137 0.108254
vt 0.181819 0.098413
vt 0.181819 0.137778
vt 0.176137 0.127937
vt 0.187501 0.127937
vt 0.244319 0.147620
vt 0.250001 0.137778
vt 0.255683 0.147620
vt 0.227273 0.137778
vt 0.221592 0.127937
vt 0.232955 0.127937
vt 0.198864 0.147620
vt 0.204546 0.137778
vt 0.210228 0.147620
vt 0.221592 0.108254
vt 0.227273 0.098413
vt 0.232955 0.108254
vt 0.159092 0.098413
vt 0.153410 0.088572
vt 0.164774 0.088572
vt 0.130683 0.108254
vt 0.136364 0.098413
vt 0.142046 0.108254
vt 0.346592 0.068889
vt 0.335228 0.068889
vt 0.340910 0.059048
vt 0.369319 0.127937
vt 0.363637 0.137778
vt 0.357955 0.127937
vt 0.392046 0.147620
vt 0.380682 0.147620
vt 0.386364 0.137778
vt 0.948864 0.108254
vt 0.954545 0.098413
vt 0.960227 0.108254
vt 0.886364 0.098413
vt 0.880682 0.088572
vt 0.892046 0.088572
vt 0.857955 0.108254
vt 0.863636 0.098413
vt 0.869318 0.108254
vt 0.767046 0.108254
vt 0.772727 0.098413
vt 0.778409 0.108254
vt 0.704546 0.098413
vt 0.698864 0.088572
vt 0.710228 0.088572
vt 0.676137 0.108254
vt 0.681818 0.098413
vt 0.687500 0.108254
vt 0.295455 0.334604
vt 0.289773 0.324762
vt 0.301137 0.324762
vt 0.255683 0.383810
vt 0.244319 0.383810
vt 0.250001 0.373969
vt 0.250001 0.413334
vt 0.244319 0.403493
vt 0.255683 0.403493
vt 0.113637 0.334604
vt 0.107955 0.324762
vt 0.119319 0.324762
vt 0.073864 0.383810
vt 0.062501 0.383810
vt 0.068182 0.373969
vt 0.068182 0.413334
vt 0.062501 0.403493
vt 0.073864 0.403493
vt 0.659091 0.334604
vt 0.653409 0.324762
vt 0.664773 0.324762
vt 0.619319 0.383810
vt 0.607955 0.383810
vt 0.613637 0.373969
vt 0.613637 0.413334
vt 0.607955 0.403493
vt 0.619319 0.403493
vt 0.477273 0.334604
vt 0.471591 0.324762
vt 0.482955 0.324762
vt 0.437501 0.383810
vt 0.426137 0.383810
vt 0.431819 0.373969
vt 0.431819 0.413334
vt 0.426137 0.403493
vt 0.437501 0.403493
vt 0.386364 0.334604
vt 0.380682 0.324762
vt 0.392046 0.324762
vt 0.568182 0.334604
vt 0.562500 0.324762
vt 0.573864 0.324762
vt 0.022727 0.334604
vt 0.017046 0.324762
vt 0.028409 0.324762
vt 0.204546 0.334604
vt 0.198864 0.324762
vt 0.210228 0.324762
vt 0.721591 0.029524
vt 0.727273 0.019683
vt 0.732955 0.029524
vt 0.903409 0.029524
vt 0.909091 0.019683
vt 0.914773 0.029524
vt 0.301137 0.147620
vt 0.289773 0.147620
vt 0.295455 0.137778
vt 0.176137 0.029524
vt 0.181819 0.019683
vt 0.187501 0.029524
s 0
f 1/1/1 512/695/1 259/357/1
f 2/5/2 260/359/2 268/375/2
f 1/2/3 259/356/3 262/363/3
f 1/3/4 262/362/4 264/367/4
f 3/9/5 261/361/5 267/373/5
f 4/10/6 263/365/6 269/377/6
f 5/15/7 265/369/7 266/371/7
f 2/6/8 268/374/8 522/715/8
f 18/43/8 523/716/8 510/691/8
f 18/43/8 524/717/8 523/716/8
f 16/38/8 280/399/8 285/406/8
f 14/35/7 526/719/7 278/395/7
f 14/35/7 527/720/7 526/719/7
f 13/33/7 277/393/7 288/409/7
f 17/41/6 529/722/6 281/401/6
f 17/41/6 530/723/6 529/722/6
f 11/29/6 275/389/6 291/412/6
f 15/37/5 532/725/5 279/397/5
f 15/37/5 533/726/5 532/725/5
f 9/25/5 273/385/5 294/415/5
f 12/31/4 535/728/4 276/391/4
f 12/31/4 536/729/4 535/728/4
f 10/26/4 274/387/4 297/418/4
f 10/27/3 538/731/3 274/386/3
f 10/27/3 539/732/3 538/731/3
f 7/20/3 271/381/3 300/421/3
f 16/39/2 541/734/2 280/398/2
f 16/39/2 542/735/2 541/734/2
f 8/22/2 272/383/2 303/424/2
f 7/21/1 544/737/1 271/380/1
f 7/21/1 545/738/1 544/737/1
f 8/23/1 500/671/1 306/427/1
f 66/115/1 547/740/1 354/499/1
f 66/115/1 548/741/1 547/740/1
f 20/46/1 452/599/1 357/502/1
f 64/113/1 550/743/1 496/665/1
f 64/113/1 551/744/1 550/743/1
f 65/114/1 497/666/1 360/505/1
f 31/68/1 553/746/1 319/453/1
f 31/68/1 554/747/1 553/746/1
f 64/113/1 496/665/1 363/508/1
f 63/112/2 556/749/2 351/496/2
f 63/112/2 557/750/2 556/749/2
f 32/70/2 320/455/2 366/511/2
f 61/110/2 559/752/2 493/662/2
f 61/110/2 560/753/2 559/752/2
f 62/111/2 494/663/2 369/514/2
f 40/86/2 562/755/2 328/471/2
f 40/86/2 563/756/2 562/755/2
f 61/110/2 493/662/2 372/517/2
f 60/109/3 565/758/3 348/493/3
f 60/109/3 566/759/3 565/758/3
f 31/69/3 319/452/3 375/520/3
f 58/107/3 568/761/3 490/659/3
f 58/107/3 569/762/3 568/761/3
f 59/108/3 491/660/3 378/523/3
f 34/74/3 571/764/3 322/459/3
f 34/74/3 572/765/3 571/764/3
f 58/107/3 490/659/3 381/526/3
f 57/106/4 574/767/4 345/490/4
f 57/106/4 575/768/4 574/767/4
f 34/75/4 322/458/4 384/529/4
f 55/104/4 577/770/4 487/656/4
f 55/104/4 578/771/4 577/770/4
f 56/105/4 488/657/4 387/532/4
f 36/78/4 580/773/4 324/463/4
f 36/78/4 581/774/4 580/773/4
f 55/104/4 487/656/4 390/535/4
f 54/103/5 583/776/5 342/487/5
f 54/103/5 584/777/5 583/776/5
f 33/73/5 321/457/5 393/538/5
f 52/101/5 586/779/5 484/653/5
f 52/101/5 587/780/5 586/779/5
f 53/102/5 485/654/5 396/541/5
f 39/84/5 589/782/5 327/469/5
f 39/84/5 590/783/5 589/782/5
f 52/101/5 484/653/5 399/544/5
f 51/100/6 592/785/6 339/484/6
f 51/100/6 593/786/6 592/785/6
f 35/77/6 323/461/6 402/547/6
f 49/98/6 595/788/6 481/650/6
f 49/98/6 596/789/6 595/788/6
f 50/99/6 482/651/6 405/550/6
f 41/88/6 598/791/6 329/473/6
f 41/88/6 599/792/6 598/791/6
f 49/98/6 481/650/6 408/553/6
f 48/97/7 601/794/7 336/481/7
f 48/97/7 602/795/7 601/794/7
f 37/81/7 325/465/7 411/556/7
f 46/95/7 604/797/7 478/647/7
f 46/95/7 605/798/7 604/797/7
f 47/96/7 479/648/7 414/559/7
f 38/82/7 607/800/7 326/467/7
f 38/82/7 608/801/7 607/800/7
f 46/95/7 478/647/7 417/562/7
f 45/94/8 610/803/8 333/478/8
f 45/94/8 611/804/8 610/803/8
f 40/87/8 328/470/8 420/565/8
f 43/92/8 613/806/8 475/644/8
f 43/92/8 614/807/8 613/806/8
f 44/93/8 476/645/8 423/568/8
f 30/66/8 616/809/8 462/619/8
f 30/66/8 617/810/8 616/809/8
f 43/92/8 475/644/8 426/571/8
f 42/90/8 619/812/8 474/643/8
f 42/90/8 620/813/8 619/812/8
f 28/63/8 316/447/8 429/574/8
f 26/58/7 622/815/7 314/443/7
f 26/58/7 623/816/7 622/815/7
f 25/57/7 313/441/7 432/577/7
f 29/64/6 625/818/6 317/449/6
f 29/64/6 626/819/6 625/818/6
f 23/53/6 311/437/6 435/580/6
f 27/60/5 628/821/5 315/445/5
f 27/60/5 629/822/5 628/821/5
f 21/49/5 309/433/5 438/583/5
f 24/54/4 631/824/4 312/439/4
f 24/54/4 632/825/4 631/824/4
f 22/51/4 310/435/4 441/586/4
f 22/50/3 634/827/3 310/434/3
f 22/50/3 635/828/3 634/827/3
f 19/45/3 307/429/3 444/589/3
f 28/62/2 637/830/2 316/446/2
f 28/62/2 638/831/2 637/830/2
f 20/47/2 308/431/2 447/592/2
f 19/44/1 640/833/1 307/428/1
f 19/44/1 641/834/1 640/833/1
f 32/71/1 464/623/1 450/595/1
f 258/355/1 643/836/1 642/835/1
f 258/355/1 644/837/1 643/836/1
f 80/142/1 272/382/1 645/838/1
f 256/353/1 646/839/1 448/593/1
f 256/353/1 647/840/1 646/839/1
f 257/354/1 449/594/1 648/841/1
f 115/188/1 649/842/1 499/669/1
f 115/188/1 650/843/1 649/842/1
f 256/353/1 448/593/1 651/844/1
f 255/352/2 652/845/2 639/832/2
f 255/352/2 653/846/2 652/845/2
f 116/190/2 500/670/2 654/847/2
f 253/350/2 655/848/2 445/590/2
f 253/350/2 656/849/2 655/848/2
f 254/351/2 446/591/2 657/850/2
f 124/206/2 658/851/2 508/687/2
f 124/206/2 659/852/2 658/851/2
f 253/350/2 445/590/2 660/853/2
f 252/349/3 661/854/3 636/829/3
f 252/349/3 662/855/3 661/854/3
f 115/189/3 499/668/3 663/856/3
f 250/347/3 664/857/3 442/587/3
f 250/347/3 665/858/3 664/857/3
f 251/348/3 443/588/3 666/859/3
f 118/194/3 667/860/3 502/675/3
f 118/194/3 668/861/3 667/860/3
f 250/347/3 442/587/3 669/862/3
f 249/346/4 670/863/4 633/826/4
f 249/346/4 671/864/4 670/863/4
f 118/195/4 502/674/4 672/865/4
f 247/344/4 673/866/4 439/584/4
f 247/344/4 674/867/4 673/866/4
f 248/345/4 440/585/4 675/868/4
f 120/199/4 676/869/4 504/679/4
f 120/199/4 677/870/4 676/869/4
f 247/344/4 439/584/4 678/871/4
f 246/343/5 679/872/5 630/823/5
f 246/343/5 680/873/5 679/872/5
f 117/193/5 501/673/5 681/874/5
f 244/341/5 682/875/5 436/581/5
f 244/341/5 683/876/5 682/875/5
f 245/342/5 437/582/5 684/877/5
f 123/205/5 685/878/5 507/685/5
f 123/205/5 686/879/5 685/878/5
f 244/341/5 436/581/5 687/880/5
f 243/340/6 688/881/6 627/820/6
f 243/340/6 689/882/6 688/881/6
f 119/197/6 503/677/6 690/883/6
f 241/338/6 691/884/6 433/578/6
f 241/338/6 692/885/6 691/884/6
f 242/339/6 434/579/6 693/886/6
f 125/209/6 694/887/6 509/689/6
f 125/209/6 695/888/6 694/887/6
f 241/338/6 433/578/6 696/889/6
f 240/337/7 697/890/7 624/817/7
f 240/337/7 698/891/7 697/890/7
f 121/201/7 505/681/7 699/892/7
f 238/335/7 700/893/7 430/575/7
f 238/335/7 701/894/7 700/893/7
f 239/336/7 431/576/7 702/895/7
f 122/203/7 703/896/7 506/683/7
f 122/203/7 704/897/7 703/896/7
f 238/335/7 430/575/7 705/898/7
f 237/334/8 706/899/8 621/814/8
f 237/334/8 707/900/8 706/899/8
f 124/207/8 508/686/8 708/901/8
f 235/332/8 709/902/8 427/572/8
f 235/332/8 710/903/8 709/902/8
f 236/333/8 428/573/8 711/904/8
f 90/163/8 712/905/8 282/403/8
f 90/163/8 713/906/8 712/905/8
f 235/332/8 427/572/8 714/907/8
f 234/331/8 715/908/8 618/811/8
f 234/331/8 716/909/8 715/908/8
f 91/164/8 283/404/8 717/910/8
f 232/329/8 718/911/8 424/569/8
f 232/329/8 719/912/8 718/911/8
f 233/330/8 425/570/8 720/913/8
f 78/139/8 721/914/8 270/379/8
f 78/139/8 722/915/8 721/914/8
f 232/329/8 424/569/8 723/916/8
f 231/328/8 724/917/8 615/808/8
f 231/328/8 725/918/8 724/917/8
f 92/165/8 284/405/8 726/919/8
f 229/326/8 727/920/8 421/566/8
f 229/326/8 728/921/8 727/920/8
f 230/327/8 422/567/8 729/922/8
f 91/164/8 730/923/8 283/404/8
f 91/164/8 731/924/8 730/923/8
f 229/326/8 421/566/8 732/925/8
f 228/325/8 733/926/8 612/805/8
f 228/325/8 734/927/8 733/926/8
f 136/230/8 520/711/8 735/928/8
f 226/323/8 736/929/8 418/563/8
f 226/323/8 737/930/8 736/929/8
f 227/324/8 419/564/8 738/931/8
f 141/238/8 739/932/8 525/718/8
f 141/238/8 740/933/8 739/932/8
f 226/323/8 418/563/8 741/934/8
f 225/322/7 742/935/7 609/802/7
f 225/322/7 743/936/7 742/935/7
f 94/167/7 286/407/7 744/937/7
f 223/320/7 745/938/7 415/560/7
f 223/320/7 746/939/7 745/938/7
f 224/321/7 416/561/7 747/940/7
f 134/227/7 748/941/7 518/706/7
f 134/227/7 749/942/7 748/941/7
f 223/320/7 415/560/7 750/943/7
f 222/319/7 751/944/7 606/799/7
f 222/319/7 752/945/7 751/944/7
f 95/168/7 287/408/7 753/946/7
f 220/317/7 754/947/7 412/557/7
f 220/317/7 755/948/7 754/947/7
f 221/318/7 413/558/7 756/949/7
f 94/167/7 757/950/7 286/407/7
f 94/167/7 758/951/7 757/950/7
f 220/317/7 412/557/7 759/952/7
f 219/316/7 760/953/7 603/796/7
f 219/316/7 761/954/7 760/953/7
f 133/225/7 517/705/7 762/955/7
f 217/314/7 763/956/7 409/554/7
f 217/314/7 764/957/7 763/956/7
f 218/315/7 410/555/7 765/958/7
f 144/241/7 766/959/7 528/721/7
f 144/241/7 767/960/7 766/959/7
f 217/314/7 409/554/7 768/961/7
f 216/313/6 769/962/6 600/793/6
f 216/313/6 770/963/6 769/962/6
f 97/170/6 289/410/6 771/964/6
f 214/311/6 772/965/6 406/551/6
f 214/311/6 773/966/6 772/965/6
f 215/312/6 407/552/6 774/967/6
f 137/233/6 775/968/6 521/712/6
f 137/233/6 776/969/6 775/968/6
f 214/311/6 406/551/6 777/970/6
f 213/310/6 778/971/6 597/790/6
f 213/310/6 779/972/6 778/971/6
f 98/171/6 290/411/6 780/973/6
f 211/308/6 781/974/6 403/548/6
f 211/308/6 782/975/6 781/974/6
f 212/309/6 404/549/6 783/976/6
f 97/170/6 784/977/6 289/410/6
f 97/170/6 785/978/6 784/977/6
f 211/308/6 403/548/6 786/979/6
f 210/307/6 787/980/6 594/787/6
f 210/307/6 788/981/6 787/980/6
f 131/221/6 515/701/6 789/982/6
f 208/305/6 790/983/6 400/545/6
f 208/305/6 791/984/6 790/983/6
f 209/306/6 401/546/6 792/985/6
f 147/244/6 793/986/6 531/724/6
f 147/244/6 794/987/6 793/986/6
f 208/305/6 400/545/6 795/988/6
f 207/304/5 796/989/5 591/784/5
f 207/304/5 797/990/5 796/989/5
f 100/173/5 292/413/5 798/991/5
f 205/302/5 799/992/5 397/542/5
f 205/302/5 800/993/5 799/992/5
f 206/303/5 398/543/5 801/994/5
f 135/229/5 802/995/5 519/708/5
f 135/229/5 803/996/5 802/995/5
f 205/302/5 397/542/5 804/997/5
f 204/301/5 805/998/5 588/781/5
f 204/301/5 806/999/5 805/998/5
f 101/174/5 293/414/5 807/1000/5
f 202/299/5 808/1001/5 394/539/5
f 202/299/5 809/1002/5 808/1001/5
f 203/300/5 395/540/5 810/1003/5
f 100/173/5 811/1004/5 292/413/5
f 100/173/5 812/1005/5 811/1004/5
f 202/299/5 394/539/5 813/1006/5
f 201/298/5 814/1007/5 585/778/5
f 201/298/5 815/1008/5 814/1007/5
f 129/217/5 513/697/5 816/1009/5
f 199/296/5 817/1010/5 391/536/5
f 199/296/5 818/1011/5 817/1010/5
f 200/297/5 392/537/5 819/1012/5
f 150/247/5 820/1013/5 534/727/5
f 150/247/5 821/1014/5 820/1013/5
f 199/296/5 391/536/5 822/1015/5
f 198/295/4 823/1016/4 582/775/4
f 198/295/4 824/1017/4 823/1016/4
f 103/176/4 295/416/4 825/1018/4
f 196/293/4 826/1019/4 388/533/4
f 196/293/4 827/1020/4 826/1019/4
f 197/294/4 389/534/4 828/1021/4
f 132/223/4 829/1022/4 516/703/4
f 132/223/4 830/1023/4 829/1022/4
f 196/293/4 388/533/4 831/1024/4
f 195/292/4 832/1025/4 579/772/4
f 195/292/4 833/1026/4 832/1025/4
f 104/177/4 296/417/4 834/1027/4
f 193/290/4 835/1028/4 385/530/4
f 193/290/4 836/1029/4 835/1028/4
f 194/291/4 386/531/4 837/1030/4
f 103/176/4 838/1031/4 295/416/4
f 103/176/4 839/1032/4 838/1031/4
f 193/290/4 385/530/4 840/1033/4
f 192/289/4 841/1034/4 576/769/4
f 192/289/4 842/1035/4 841/1034/4
f 130/218/4 514/699/4 843/1036/4
f 190/287/4 844/1037/4 382/527/4
f 190/287/4 845/1038/4 844/1037/4
f 191/288/4 383/528/4 846/1039/4
f 153/250/4 847/1040/4 537/730/4
f 153/250/4 848/1041/4 847/1040/4
f 190/287/4 382/527/4 849/1042/4
f 189/286/3 850/1043/3 573/766/3
f 189/286/3 851/1044/3 850/1043/3
f 106/179/3 298/419/3 852/1045/3
f 187/284/3 853/1046/3 379/524/3
f 187/284/3 854/1047/3 853/1046/3
f 188/285/3 380/525/3 855/1048/3
f 130/219/3 856/1049/3 514/698/3
f 130/219/3 857/1050/3 856/1049/3
f 187/284/3 379/524/3 858/1051/3
f 186/283/3 859/1052/3 570/763/3
f 186/283/3 860/1053/3 859/1052/3
f 107/180/3 299/420/3 861/1054/3
f 184/281/3 862/1055/3 376/521/3
f 184/281/3 863/1056/3 862/1055/3
f 185/282/3 377/522/3 864/1057/3
f 106/179/3 865/1058/3 298/419/3
f 106/179/3 866/1059/3 865/1058/3
f 184/281/3 376/521/3 867/1060/3
f 183/280/3 868/1061/3 567/760/3
f 183/280/3 869/1062/3 868/1061/3
f 127/212/3 511/693/3 870/1063/3
f 181/278/3 871/1064/3 373/518/3
f 181/278/3 872/1065/3 871/1064/3
f 182/279/3 374/519/3 873/1066/3
f 156/253/3 874/1067/3 540/733/3
f 156/253/3 875/1068/3 874/1067/3
f 181/278/3 373/518/3 876/1069/3
f 180/277/2 877/1070/2 564/757/2
f 180/277/2 878/1071/2 877/1070/2
f 109/182/2 301/422/2 879/1072/2
f 178/275/2 880/1073/2 370/515/2
f 178/275/2 881/1074/2 880/1073/2
f 179/276/2 371/516/2 882/1075/2
f 136/231/2 883/1076/2 520/710/2
f 136/231/2 884/1077/2 883/1076/2
f 178/275/2 370/515/2 885/1078/2
f 177/274/2 886/1079/2 561/754/2
f 177/274/2 887/1080/2 886/1079/2
f 110/183/2 302/423/2 888/1081/2
f 175/272/2 889/1082/2 367/512/2
f 175/272/2 890/1083/2 889/1082/2
f 176/273/2 368/513/2 891/1084/2
f 109/182/2 892/1085/2 301/422/2
f 109/182/2 893/1086/2 892/1085/2
f 175/272/2 367/512/2 894/1087/2
f 174/271/2 895/1088/2 558/751/2
f 174/271/2 896/1089/2 895/1088/2
f 128/214/2 512/694/2 897/1090/2
f 172/269/2 898/1091/2 364/509/2
f 172/269/2 899/1092/2 898/1091/2
f 173/270/2 365/510/2 900/1093/2
f 159/256/2 901/1094/2 543/736/2
f 159/256/2 902/1095/2 901/1094/2
f 172/269/2 364/509/2 903/1096/2
f 171/268/1 904/1097/1 555/748/1
f 171/268/1 905/1098/1 904/1097/1
f 112/185/1 304/425/1 906/1099/1
f 169/266/1 907/1100/1 361/506/1
f 169/266/1 908/1101/1 907/1100/1
f 170/267/1 362/507/1 909/1102/1
f 127/213/1 910/1103/1 511/692/1
f 127/213/1 911/1104/1 910/1103/1
f 169/266/1 361/506/1 912/1105/1
f 168/265/1 913/1106/1 552/745/1
f 168/265/1 914/1107/1 913/1106/1
f 113/186/1 305/426/1 915/1108/1
f 166/263/1 916/1109/1 358/503/1
f 166/263/1 917/1110/1 916/1109/1
f 167/264/1 359/504/1 918/1111/1
f 112/185/1 919/1112/1 304/425/1
f 112/185/1 920/1113/1 919/1112/1
f 166/263/1 358/503/1 921/1114/1
f 165/262/1 922/1115/1 549/742/1
f 165/262/1 923/1116/1 922/1115/1
f 68/118/1 260/358/1 924/1117/1
f 163/260/1 925/1118/1 355/500/1
f 163/260/1 926/1119/1 925/1118/1
f 164/261/1 356/501/1 927/1120/1
f 162/259/1 928/1121/1 546/739/1
f 162/259/1 929/1122/1 928/1121/1
f 163/260/1 355/500/1 930/1123/1
f 114/187/1 931/1124/1 498/667/1
f 114/187/1 932/1125/1 931/1124/1
f 116/191/1 308/430/1 933/1126/1
f 160/257/1 934/1127/1 352/497/1
f 160/257/1 935/1128/1 934/1127/1
f 161/258/1 353/498/1 936/1129/1
f 79/140/1 937/1130/1 463/621/1
f 79/140/1 938/1131/1 937/1130/1
f 160/257/1 352/497/1 939/1132/1
f 111/184/2 940/1133/2 495/664/2
f 111/184/2 941/1134/2 940/1133/2
f 80/143/2 464/622/2 942/1135/2
f 157/254/2 943/1136/2 349/494/2
f 157/254/2 944/1137/2 943/1136/2
f 158/255/2 350/495/2 945/1138/2
f 88/158/2 946/1139/2 472/639/2
f 88/158/2 947/1140/2 946/1139/2
f 157/254/2 349/494/2 948/1141/2
f 108/181/3 949/1142/3 492/661/3
f 108/181/3 950/1143/3 949/1142/3
f 79/141/3 463/620/3 951/1144/3
f 154/251/3 952/1145/3 346/491/3
f 154/251/3 953/1146/3 952/1145/3
f 155/252/3 347/492/3 954/1147/3
f 82/146/3 955/1148/3 466/627/3
f 82/146/3 956/1149/3 955/1148/3
f 154/251/3 346/491/3 957/1150/3
f 105/178/4 958/1151/4 489/658/4
f 105/178/4 959/1152/4 958/1151/4
f 82/147/4 466/626/4 960/1153/4
f 151/248/4 961/1154/4 343/488/4
f 151/248/4 962/1155/4 961/1154/4
f 152/249/4 344/489/4 963/1156/4
f 84/151/4 964/1157/4 468/630/4
f 84/151/4 965/1158/4 964/1157/4
f 151/248/4 343/488/4 966/1159/4
f 102/175/5 967/1160/5 486/655/5
f 102/175/5 968/1161/5 967/1160/5
f 81/145/5 465/624/5 969/1162/5
f 148/245/5 970/1163/5 340/485/5
f 148/245/5 971/1164/5 970/1163/5
f 149/246/5 341/486/5 972/1165/5
f 87/157/5 973/1166/5 471/636/5
f 87/157/5 974/1167/5 973/1166/5
f 148/245/5 340/485/5 975/1168/5
f 99/172/6 976/1169/6 483/652/6
f 99/172/6 977/1170/6 976/1169/6
f 83/149/6 467/628/6 978/1171/6
f 145/242/6 979/1172/6 337/482/6
f 145/242/6 980/1173/6 979/1172/6
f 146/243/6 338/483/6 981/1174/6
f 89/161/6 982/1175/6 473/640/6
f 89/161/6 983/1176/6 982/1175/6
f 145/242/6 337/482/6 984/1177/6
f 96/169/7 985/1178/7 480/649/7
f 96/169/7 986/1179/7 985/1178/7
f 85/153/7 469/632/7 987/1180/7
f 142/239/7 988/1181/7 334/479/7
f 142/239/7 989/1182/7 988/1181/7
f 143/240/7 335/480/7 990/1183/7
f 86/155/7 991/1184/7 470/634/7
f 86/155/7 992/1185/7 991/1184/7
f 142/239/7 334/479/7 993/1186/7
f 93/166/8 994/1187/8 477/646/8
f 93/166/8 995/1188/8 994/1187/8
f 88/159/8 472/638/8 996/1189/8
f 139/236/8 997/1190/8 331/476/8
f 139/236/8 998/1191/8 997/1190/8
f 140/237/8 332/477/8 999/1192/8
f 126/211/8 1000/1193/8 318/450/8
f 126/211/8 1001/1194/8 1000/1193/8
f 139/236/8 331/476/8 1002/1195/8
f 138/235/8 1003/1196/8 330/474/8
f 138/235/8 1004/1197/8 1003/1196/8
f 76/134/8 460/615/8 1005/1198/8
f 74/131/7 1006/1199/7 458/610/7
f 74/131/7 1007/1200/7 1006/1199/7
f 73/129/7 457/608/7 1008/1201/7
f 77/137/6 1009/1202/6 461/616/6
f 77/137/6 1010/1203/6 1009/1202/6
f 71/125/6 455/604/6 1011/1204/6
f 75/133/5 1012/1205/5 459/612/5
f 75/133/5 1013/1206/5 1012/1205/5
f 69/121/5 453/600/5 1014/1207/5
f 72/127/4 1015/1208/4 456/606/4
f 72/127/4 1016/1209/4 1015/1208/4
f 70/122/4 454/603/4 1017/1210/4
f 70/123/3 1018/1211/3 454/602/3
f 70/123/3 1019/1212/3 1018/1211/3
f 67/116/3 451/597/3 1020/1213/3
f 76/135/2 1021/1214/2 460/614/2
f 76/135/2 1022/1215/2 1021/1214/2
f 68/119/2 452/598/2 1023/1216/2
f 67/117/1 1024/1217/1 451/596/1
f 67/117/1 1025/1218/1 1024/1217/1
f 128/215/1 320/454/1 1026/1219/1
f 1026/1219/1 449/594/1 257/354/1
f 1026/1219/1 320/454/1 449/594/1
f 320/454/1 32/71/1 449/594/1
f 1024/1217/1 1026/1219/1 257/354/1
f 1024/1217/1 1025/1218/1 1026/1219/1
f 1025/1218/1 128/215/1 1026/1219/1
f 451/596/1 641/834/1 19/44/1
f 451/596/1 1024/1217/1 641/834/1
f 1024/1217/1 257/354/1 641/834/1
f 1023/1216/2 446/591/2 254/351/2
f 1023/1216/2 452/598/2 446/591/2
f 452/598/2 20/47/2 446/591/2
f 1021/1214/2 1023/1216/2 254/351/2
f 1021/1214/2 1022/1215/2 1023/1216/2
f 1022/1215/2 68/119/2 1023/1216/2
f 460/614/2 638/831/2 28/62/2
f 460/614/2 1021/1214/2 638/831/2
f 1021/1214/2 254/351/2 638/831/2
f 1020/1213/3 443/588/3 251/348/3
f 1020/1213/3 451/597/3 443/588/3
f 451/597/3 19/45/3 443/588/3
f 1018/1211/3 1020/1213/3 251/348/3
f 1018/1211/3 1019/1212/3 1020/1213/3
f 1019/1212/3 67/116/3 1020/1213/3
f 454/602/3 635/828/3 22/50/3
f 454/602/3 1018/1211/3 635/828/3
f 1018/1211/3 251/348/3 635/828/3
f 1017/1210/4 440/585/4 248/345/4
f 1017/1210/4 454/603/4 440/585/4
f 454/603/4 22/51/4 440/585/4
f 1015/1208/4 1017/1210/4 248/345/4
f 1015/1208/4 1016/1209/4 1017/1210/4
f 1016/1209/4 70/122/4 1017/1210/4
f 456/606/4 632/825/4 24/54/4
f 456/606/4 1015/1208/4 632/825/4
f 1015/1208/4 248/345/4 632/825/4
f 1014/1207/5 437/582/5 245/342/5
f 1014/1207/5 453/600/5 437/582/5
f 453/600/5 21/49/5 437/582/5
f 1012/1205/5 1014/1207/5 245/342/5
f 1012/1205/5 1013/1206/5 1014/1207/5
f 1013/1206/5 69/121/5 1014/1207/5
f 459/612/5 629/822/5 27/60/5
f 459/612/5 1012/1205/5 629/822/5
f 1012/1205/5 245/342/5 629/822/5
f 1011/1204/6 434/579/6 242/339/6
f 1011/1204/6 455/604/6 434/579/6
f 455/604/6 23/53/6 434/579/6
f 1009/1202/6 1011/1204/6 242/339/6
f 1009/1202/6 1010/1203/6 1011/1204/6
f 1010/1203/6 71/125/6 1011/1204/6
f 461/616/6 626/819/6 29/64/6
f 461/616/6 1009/1202/6 626/819/6
f 1009/1202/6 242/339/6 626/819/6
f 1008/1201/7 431/576/7 239/336/7
f 1008/1201/7 457/608/7 431/576/7
f 457/608/7 25/57/7 431/576/7
f 1006/1199/7 1008/1201/7 239/336/7
f 1006/1199/7 1007/1200/7 1008/1201/7
f 1007/1200/7 73/129/7 1008/1201/7
f 458/610/7 623/816/7 26/58/7
f 458/610/7 1006/1199/7 623/816/7
f 1006/1199/7 239/336/7 623/816/7
f 1005/1198/8 428/573/8 236/333/8
f 1005/1198/8 460/615/8 428/573/8
f 460/615/8 28/63/8 428/573/8
f 1003/1196/8 1005/1198/8 236/333/8
f 1003/1196/8 1004/1197/8 1005/1198/8
f 1004/1197/8 76/134/8 1005/1198/8
f 330/474/8 620/813/8 42/90/8
f 330/474/8 1003/1196/8 620/813/8
f 1003/1196/8 236/333/8 620/813/8
f 1002/1195/8 425/570/8 233/330/8
f 1002/1195/8 331/476/8 425/570/8
f 331/476/8 43/92/8 425/570/8
f 1000/1193/8 1002/1195/8 233/330/8
f 1000/1193/8 1001/1194/8 1002/1195/8
f 1001/1194/8 139/236/8 1002/1195/8
f 318/450/8 617/810/8 30/66/8
f 318/450/8 1000/1193/8 617/810/8
f 1000/1193/8 233/330/8 617/810/8
f 999/1192/8 422/567/8 230/327/8
f 999/1192/8 332/477/8 422/567/8
f 332/477/8 44/93/8 422/567/8
f 997/1190/8 999/1192/8 230/327/8
f 997/1190/8 998/1191/8 999/1192/8
f 998/1191/8 140/237/8 999/1192/8
f 331/476/8 614/807/8 43/92/8
f 331/476/8 997/1190/8 614/807/8
f 997/1190/8 230/327/8 614/807/8
f 996/1189/8 419/564/8 227/324/8
f 996/1189/8 472/638/8 419/564/8
f 472/638/8 40/87/8 419/564/8
f 994/1187/8 996/1189/8 227/324/8
f 994/1187/8 995/1188/8 996/1189/8
f 995/1188/8 88/159/8 996/1189/8
f 477/646/8 611/804/8 45/94/8
f 477/646/8 994/1187/8 611/804/8
f 994/1187/8 227/324/8 611/804/8
f 993/1186/7 416/561/7 224/321/7
f 993/1186/7 334/479/7 416/561/7
f 334/479/7 46/95/7 416/561/7
f 991/1184/7 993/1186/7 224/321/7
f 991/1184/7 992/1185/7 993/1186/7
f 992/1185/7 142/239/7 993/1186/7
f 470/634/7 608/801/7 38/82/7
f 470/634/7 991/1184/7 608/801/7
f 991/1184/7 224/321/7 608/801/7
f 990/1183/7 413/558/7 221/318/7
f 990/1183/7 335/480/7 413/558/7
f 335/480/7 47/96/7 413/558/7
f 988/1181/7 990/1183/7 221/318/7
f 988/1181/7 989/1182/7 990/1183/7
f 989/1182/7 143/240/7 990/1183/7
f 334/479/7 605/798/7 46/95/7
f 334/479/7 988/1181/7 605/798/7
f 988/1181/7 221/318/7 605/798/7
f 987/1180/7 410/555/7 218/315/7
f 987/1180/7 469/632/7 410/555/7
f 469/632/7 37/81/7 410/555/7
f 985/1178/7 987/1180/7 218/315/7
f 985/1178/7 986/1179/7 987/1180/7
f 986/1179/7 85/153/7 987/1180/7
f 480/649/7 602/795/7 48/97/7
f 480/649/7 985/1178/7 602/795/7
f 985/1178/7 218/315/7 602/795/7
f 984/1177/6 407/552/6 215/312/6
f 984/1177/6 337/482/6 407/552/6
f 337/482/6 49/98/6 407/552/6
f 982/1175/6 984/1177/6 215/312/6
f 982/1175/6 983/1176/6 984/1177/6
f 983/1176/6 145/242/6 984/1177/6
f 473/640/6 599/792/6 41/88/6
f 473/640/6 982/1175/6 599/792/6
f 982/1175/6 215/312/6 599/792/6
f 981/1174/6 404/549/6 212/309/6
f 981/1174/6 338/483/6 404/549/6
f 338/483/6 50/99/6 404/549/6
f 979/1172/6 981/1174/6 212/309/6
f 979/1172/6 980/1173/6 981/1174/6
f 980/1173/6 146/243/6 981/1174/6
f 337/482/6 596/789/6 49/98/6
f 337/482/6 979/1172/6 596/789/6
f 979/1172/6 212/309/6 596/789/6
f 978/1171/6 401/546/6 209/306/6
f 978/1171/6 467/628/6 401/546/6
f 467/628/6 35/77/6 401/546/6
f 976/1169/6 978/1171/6 209/306/6
f 976/1169/6 977/1170/6 978/1171/6
f 977/1170/6 83/149/6 978/1171/6
f 483/652/6 593/786/6 51/100/6
f 483/652/6 976/1169/6 593/786/6
f 976/1169/6 209/306/6 593/786/6
f 975/1168/5 398/543/5 206/303/5
f 975/1168/5 340/485/5 398/543/5
f 340/485/5 52/101/5 398/543/5
f 973/1166/5 975/1168/5 206/303/5
f 973/1166/5 974/1167/5 975/1168/5
f 974/1167/5 148/245/5 975/1168/5
f 471/636/5 590/783/5 39/84/5
f 471/636/5 973/1166/5 590/783/5
f 973/1166/5 206/303/5 590/783/5
f 972/1165/5 395/540/5 203/300/5
f 972/1165/5 341/486/5 395/540/5
f 341/486/5 53/102/5 395/540/5
f 970/1163/5 972/1165/5 203/300/5
f 970/1163/5 971/1164/5 972/1165/5
f 971/1164/5 149/246/5 972/1165/5
f 340/485/5 587/780/5 52/101/5
f 340/485/5 970/1163/5 587/780/5
f 970/1163/5 203/300/5 587/780/5
f 969/1162/5 392/537/5 200/297/5
f 969/1162/5 465/624/5 392/537/5
f 465/624/5 33/73/5 392/537/5
f 967/1160/5 969/1162/5 200/297/5
f 967/1160/5 968/1161/5 969/1162/5
f 968/1161/5 81/145/5 969/1162/5
f 486/655/5 584/777/5 54/103/5
f 486/655/5 967/1160/5 584/777/5
f 967/1160/5 200/297/5 584/777/5
f 966/1159/4 389/534/4 197/294/4
f 966/1159/4 343/488/4 389/534/4
f 343/488/4 55/104/4 389/534/4
f 964/1157/4 966/1159/4 197/294/4
f 964/1157/4 965/1158/4 966/1159/4
f 965/1158/4 151/248/4 966/1159/4
f 468/630/4 581/774/4 36/78/4
f 468/630/4 964/1157/4 581/774/4
f 964/1157/4 197/294/4 581/774/4
f 963/1156/4 386/531/4 194/291/4
f 963/1156/4 344/489/4 386/531/4
f 344/489/4 56/105/4 386/531/4
f 961/1154/4 963/1156/4 194/291/4
f 961/1154/4 962/1155/4 963/1156/4
f 962/1155/4 152/249/4 963/1156/4
f 343/488/4 578/771/4 55/104/4
f 343/488/4 961/1154/4 578/771/4
f 961/1154/4 194/291/4 578/771/4
f 960/1153/4 383/528/4 191/288/4
f 960/1153/4 466/626/4 383/528/4
f 466/626/4 34/75/4 383/528/4
f 958/1151/4 960/1153/4 191/288/4
f 958/1151/4 959/1152/4 960/1153/4
f 959/1152/4 82/147/4 960/1153/4
f 489/658/4 575/768/4 57/106/4
f 489/658/4 958/1151/4 575/768/4
f 958/1151/4 191/288/4 575/768/4
f 957/1150/3 380/525/3 188/285/3
f 957/1150/3 346/491/3 380/525/3
f 346/491/3 58/107/3 380/525/3
f 955/1148/3 957/1150/3 188/285/3
f 955/1148/3 956/1149/3 957/1150/3
f 956/1149/3 154/251/3 957/1150/3
f 466/627/3 572/765/3 34/74/3
f 466/627/3 955/1148/3 572/765/3
f 955/1148/3 188/285/3 572/765/3
f 954/1147/3 377/522/3 185/282/3
f 954/1147/3 347/492/3 377/522/3
f 347/492/3 59/108/3 377/522/3
f 952/1145/3 954/1147/3 185/282/3
f 952/1145/3 953/1146/3 954/1147/3
f 953/1146/3 155/252/3 954/1147/3
f 346/491/3 569/762/3 58/107/3
f 346/491/3 952/1145/3 569/762/3
f 952/1145/3 185/282/3 569/762/3
f 951/1144/3 374/519/3 182/279/3
f 951/1144/3 463/620/3 374/519/3
f 463/620/3 31/69/3 374/519/3
f 949/1142/3 951/1144/3 182/279/3
f 949/1142/3 950/1143/3 951/1144/3
f 950/1143/3 79/141/3 951/1144/3
f 492/661/3 566/759/3 60/109/3
f 492/661/3 949/1142/3 566/759/3
f 949/1142/3 182/279/3 566/759/3
f 948/1141/2 371/516/2 179/276/2
f 948/1141/2 349/494/2 371/516/2
f 349/494/2 61/110/2 371/516/2
f 946/1139/2 948/1141/2 179/276/2
f 946/1139/2 947/1140/2 948/1141/2
f 947/1140/2 157/254/2 948/1141/2
f 472/639/2 563/756/2 40/86/2
f 472/639/2 946/1139/2 563/756/2
f 946/1139/2 179/276/2 563/756/2
f 945/1138/2 368/513/2 176/273/2
f 945/1138/2 350/495/2 368/513/2
f 350/495/2 62/111/2 368/513/2
f 943/1136/2 945/1138/2 176/273/2
f 943/1136/2 944/1137/2 945/1138/2
f 944/1137/2 158/255/2 945/1138/2
f 349/494/2 560/753/2 61/110/2
f 349/494/2 943/1136/2 560/753/2
f 943/1136/2 176/273/2 560/753/2
f 942/1135/2 365/510/2 173/270/2
f 942/1135/2 464/622/2 365/510/2
f 464/622/2 32/70/2 365/510/2
f 940/1133/2 942/1135/2 173/270/2
f 940/1133/2 941/1134/2 942/1135/2
f 941/1134/2 80/143/2 942/1135/2
f 495/664/2 557/750/2 63/112/2
f 495/664/2 940/1133/2 557/750/2
f 940/1133/2 173/270/2 557/750/2
f 939/1132/1 362/507/1 170/267/1
f 939/1132/1 352/497/1 362/507/1
f 352/497/1 64/113/1 362/507/1
f 937/1130/1 939/1132/1 170/267/1
f 937/1130/1 938/1131/1 939/1132/1
f 938/1131/1 160/257/1 939/1132/1
f 463/621/1 554/747/1 31/68/1
f 463/621/1 937/1130/1 554/747/1
f 937/1130/1 170/267/1 554/747/1
f 936/1129/1 359/504/1 167/264/1
f 936/1129/1 353/498/1 359/504/1
f 353/498/1 65/114/1 359/504/1
f 934/1127/1 936/1129/1 167/264/1
f 934/1127/1 935/1128/1 936/1129/1
f 935/1128/1 161/258/1 936/1129/1
f 352/497/1 551/744/1 64/113/1
f 352/497/1 934/1127/1 551/744/1
f 934/1127/1 167/264/1 551/744/1
f 933/1126/1 356/501/1 164/261/1
f 933/1126/1 308/430/1 356/501/1
f 308/430/1 20/46/1 356/501/1
f 931/1124/1 933/1126/1 164/261/1
f 931/1124/1 932/1125/1 933/1126/1
f 932/1125/1 116/191/1 933/1126/1
f 498/667/1 548/741/1 66/115/1
f 498/667/1 931/1124/1 548/741/1
f 931/1124/1 164/261/1 548/741/1
f 930/1123/1 465/625/1 81/144/1
f 930/1123/1 355/500/1 465/625/1
f 355/500/1 33/72/1 465/625/1
f 928/1121/1 930/1123/1 81/144/1
f 928/1121/1 929/1122/1 930/1123/1
f 929/1122/1 163/260/1 930/1123/1
f 546/739/1 273/384/1 9/24/1
f 546/739/1 928/1121/1 273/384/1
f 928/1121/1 81/144/1 273/384/1
f 927/1120/1 357/502/1 165/262/1
f 927/1120/1 356/501/1 357/502/1
f 356/501/1 20/46/1 357/502/1
f 925/1118/1 927/1120/1 165/262/1
f 925/1118/1 926/1119/1 927/1120/1
f 926/1119/1 164/261/1 927/1120/1
f 355/500/1 549/742/1 33/72/1
f 355/500/1 925/1118/1 549/742/1
f 925/1118/1 165/262/1 549/742/1
f 924/1117/1 513/696/1 129/216/1
f 924/1117/1 260/358/1 513/696/1
f 260/358/1 2/5/1 513/696/1
f 922/1115/1 924/1117/1 129/216/1
f 922/1115/1 923/1116/1 924/1117/1
f 923/1116/1 68/118/1 924/1117/1
f 549/742/1 321/456/1 33/72/1
f 549/742/1 922/1115/1 321/456/1
f 922/1115/1 129/216/1 321/456/1
f 921/1114/1 354/499/1 162/259/1
f 921/1114/1 358/503/1 354/499/1
f 358/503/1 66/115/1 354/499/1
f 919/1112/1 921/1114/1 162/259/1
f 919/1112/1 920/1113/1 921/1114/1
f 920/1113/1 166/263/1 921/1114/1
f 304/425/1 546/739/1 9/24/1
f 304/425/1 919/1112/1 546/739/1
f 919/1112/1 162/259/1 546/739/1
f 918/1111/1 360/505/1 168/265/1
f 918/1111/1 359/504/1 360/505/1
f 359/504/1 65/114/1 360/505/1
f 916/1109/1 918/1111/1 168/265/1
f 916/1109/1 917/1110/1 918/1111/1
f 917/1110/1 167/264/1 918/1111/1
f 358/503/1 552/745/1 66/115/1
f 358/503/1 916/1109/1 552/745/1
f 916/1109/1 168/265/1 552/745/1
f 915/1108/1 306/427/1 114/187/1
f 915/1108/1 305/426/1 306/427/1
f 305/426/1 8/23/1 306/427/1
f 913/1106/1 915/1108/1 114/187/1
f 913/1106/1 914/1107/1 915/1108/1
f 914/1107/1 113/186/1 915/1108/1
f 552/745/1 498/667/1 66/115/1
f 552/745/1 913/1106/1 498/667/1
f 913/1106/1 114/187/1 498/667/1
f 912/1105/1 453/601/1 69/120/1
f 912/1105/1 361/506/1 453/601/1
f 361/506/1 21/48/1 453/601/1
f 910/1103/1 912/1105/1 69/120/1
f 910/1103/1 911/1104/1 912/1105/1
f 911/1104/1 169/266/1 912/1105/1
f 511/692/1 261/360/1 3/7/1
f 511/692/1 910/1103/1 261/360/1
f 910/1103/1 69/120/1 261/360/1
f 909/1102/1 363/508/1 171/268/1
f 909/1102/1 362/507/1 363/508/1
f 362/507/1 64/113/1 363/508/1
f 907/1100/1 909/1102/1 171/268/1
f 907/1100/1 908/1101/1 909/1102/1
f 908/1101/1 170/267/1 909/1102/1
f 361/506/1 555/748/1 21/48/1
f 361/506/1 907/1100/1 555/748/1
f 907/1100/1 171/268/1 555/748/1
f 906/1099/1 501/672/1 117/192/1
f 906/1099/1 304/425/1 501/672/1
f 304/425/1 9/24/1 501/672/1
f 904/1097/1 906/1099/1 117/192/1
f 904/1097/1 905/1098/1 906/1099/1
f 905/1098/1 112/185/1 906/1099/1
f 555/748/1 309/432/1 21/48/1
f 555/748/1 904/1097/1 309/432/1
f 904/1097/1 117/192/1 309/432/1
f 903/1096/2 312/438/2 120/198/2
f 903/1096/2 364/509/2 312/438/2
f 364/509/2 24/55/2 312/438/2
f 901/1094/2 903/1096/2 120/198/2
f 901/1094/2 902/1095/2 903/1096/2
f 902/1095/2 172/269/2 903/1096/2
f 543/736/2 504/678/2 12/30/2
f 543/736/2 901/1094/2 504/678/2
f 901/1094/2 120/198/2 504/678/2
f 900/1093/2 366/511/2 174/271/2
f 900/1093/2 365/510/2 366/511/2
f 365/510/2 32/70/2 366/511/2
f 898/1091/2 900/1093/2 174/271/2
f 898/1091/2 899/1092/2 900/1093/2
f 899/1092/2 173/270/2 900/1093/2
f 364/509/2 558/751/2 24/55/2
f 364/509/2 898/1091/2 558/751/2
f 898/1091/2 174/271/2 558/751/2
f 897/1090/2 264/366/2 72/126/2
f 897/1090/2 512/694/2 264/366/2
f 512/694/2 1/4/2 264/366/2
f 895/1088/2 897/1090/2 72/126/2
f 895/1088/2 896/1089/2 897/1090/2
f 896/1089/2 128/214/2 897/1090/2
f 558/751/2 456/607/2 24/55/2
f 558/751/2 895/1088/2 456/607/2
f 895/1088/2 72/126/2 456/607/2
f 894/1087/2 351/496/2 159/256/2
f 894/1087/2 367/512/2 351/496/2
f 367/512/2 63/112/2 351/496/2
f 892/1085/2 894/1087/2 159/256/2
f 892/1085/2 893/1086/2 894/1087/2
f 893/1086/2 175/272/2 894/1087/2
f 301/422/2 543/736/2 12/30/2
f 301/422/2 892/1085/2 543/736/2
f 892/1085/2 159/256/2 543/736/2
f 891/1084/2 369/514/2 177/274/2
f 891/1084/2 368/513/2 369/514/2
f 368/513/2 62/111/2 369/514/2
f 889/1082/2 891/1084/2 177/274/2
f 889/1082/2 890/1083/2 891/1084/2
f 890/1083/2 176/273/2 891/1084/2
f 367/512/2 561/754/2 63/112/2
f 367/512/2 889/1082/2 561/754/2
f 889/1082/2 177/274/2 561/754/2
f 888/1081/2 303/424/2 111/184/2
f 888/1081/2 302/423/2 303/424/2
f 302/423/2 8/22/2 303/424/2
f 886/1079/2 888/1081/2 111/184/2
f 886/1079/2 887/1080/2 888/1081/2
f 887/1080/2 110/183/2 888/1081/2
f 561/754/2 495/664/2 63/112/2
f 561/754/2 886/1079/2 495/664/2
f 886/1079/2 111/184/2 495/664/2
f 885/1078/2 324/462/2 132/222/2
f 885/1078/2 370/515/2 324/462/2
f 370/515/2 36/79/2 324/462/2
f 883/1076/2 885/1078/2 132/222/2
f 883/1076/2 884/1077/2 885/1078/2
f 884/1077/2 178/275/2 885/1078/2
f 520/710/2 516/702/2 5/13/2
f 520/710/2 883/1076/2 516/702/2
f 883/1076/2 132/222/2 516/702/2
f 882/1075/2 372/517/2 180/277/2
f 882/1075/2 371/516/2 372/517/2
f 371/516/2 61/110/2 372/517/2
f 880/1073/2 882/1075/2 180/277/2
f 880/1073/2 881/1074/2 882/1075/2
f 881/1074/2 179/276/2 882/1075/2
f 370/515/2 564/757/2 36/79/2
f 370/515/2 880/1073/2 564/757/2
f 880/1073/2 180/277/2 564/757/2
f 879/1072/2 276/390/2 84/150/2
f 879/1072/2 301/422/2 276/390/2
f 301/422/2 12/30/2 276/390/2
f 877/1070/2 879/1072/2 84/150/2
f 877/1070/2 878/1071/2 879/1072/2
f 878/1071/2 109/182/2 879/1072/2
f 564/757/2 468/631/2 36/79/2
f 564/757/2 877/1070/2 468/631/2
f 877/1070/2 84/150/2 468/631/2
f 876/1069/3 467/629/3 83/148/3
f 876/1069/3 373/518/3 467/629/3
f 373/518/3 35/76/3 467/629/3
f 874/1067/3 876/1069/3 83/148/3
f 874/1067/3 875/1068/3 876/1069/3
f 875/1068/3 181/278/3 876/1069/3
f 540/733/3 275/388/3 11/28/3
f 540/733/3 874/1067/3 275/388/3
f 874/1067/3 83/148/3 275/388/3
f 873/1066/3 375/520/3 183/280/3
f 873/1066/3 374/519/3 375/520/3
f 374/519/3 31/69/3 375/520/3
f 871/1064/3 873/1066/3 183/280/3
f 871/1064/3 872/1065/3 873/1066/3
f 872/1065/3 182/279/3 873/1066/3
f 373/518/3 567/760/3 35/76/3
f 373/518/3 871/1064/3 567/760/3
f 871/1064/3 183/280/3 567/760/3
f 870/1063/3 515/700/3 131/220/3
f 870/1063/3 511/693/3 515/700/3
f 511/693/3 3/8/3 515/700/3
f 868/1061/3 870/1063/3 131/220/3
f 868/1061/3 869/1062/3 870/1063/3
f 869/1062/3 127/212/3 870/1063/3
f 567/760/3 323/460/3 35/76/3
f 567/760/3 868/1061/3 323/460/3
f 868/1061/3 131/220/3 323/460/3
f 867/1060/3 348/493/3 156/253/3
f 867/1060/3 376/521/3 348/493/3
f 376/521/3 60/109/3 348/493/3
f 865/1058/3 867/1060/3 156/253/3
f 865/1058/3 866/1059/3 867/1060/3
f 866/1059/3 184/281/3 867/1060/3
f 298/419/3 540/733/3 11/28/3
f 298/419/3 865/1058/3 540/733/3
f 865/1058/3 156/253/3 540/733/3
f 864/1057/3 378/523/3 186/283/3
f 864/1057/3 377/522/3 378/523/3
f 377/522/3 59/108/3 378/523/3
f 862/1055/3 864/1057/3 186/283/3
f 862/1055/3 863/1056/3 864/1057/3
f 863/1056/3 185/282/3 864/1057/3
f 376/521/3 570/763/3 60/109/3
f 376/521/3 862/1055/3 570/763/3
f 862/1055/3 186/283/3 570/763/3
f 861/1054/3 300/421/3 108/181/3
f 861/1054/3 299/420/3 300/421/3
f 299/420/3 7/20/3 300/421/3
f 859/1052/3 861/1054/3 108/181/3
f 859/1052/3 860/1053/3 861/1054/3
f 860/1053/3 107/180/3 861/1054/3
f 570/763/3 492/661/3 60/109/3
f 570/763/3 859/1052/3 492/661/3
f 859/1052/3 108/181/3 492/661/3
f 858/1051/3 455/605/3 71/124/3
f 858/1051/3 379/524/3 455/605/3
f 379/524/3 23/52/3 455/605/3
f 856/1049/3 858/1051/3 71/124/3
f 856/1049/3 857/1050/3 858/1051/3
f 857/1050/3 187/284/3 858/1051/3
f 514/698/3 263/364/3 4/11/3
f 514/698/3 856/1049/3 263/364/3
f 856/1049/3 71/124/3 263/364/3
f 855/1048/3 381/526/3 189/286/3
f 855/1048/3 380/525/3 381/526/3
f 380/525/3 58/107/3 381/526/3
f 853/1046/3 855/1048/3 189/286/3
f 853/1046/3 854/1047/3 855/1048/3
f 854/1047/3 188/285/3 855/1048/3
f 379/524/3 573/766/3 23/52/3
f 379/524/3 853/1046/3 573/766/3
f 853/1046/3 189/286/3 573/766/3
f 852/1045/3 503/676/3 119/196/3
f 852/1045/3 298/419/3 503/676/3
f 298/419/3 11/28/3 503/676/3
f 850/1043/3 852/1045/3 119/196/3
f 850/1043/3 851/1044/3 852/1045/3
f 851/1044/3 106/179/3 852/1045/3
f 573/766/3 311/436/3 23/52/3
f 573/766/3 850/1043/3 311/436/3
f 850/1043/3 119/196/3 311/436/3
f 849/1042/4 469/633/4 85/152/4
f 849/1042/4 382/527/4 469/633/4
f 382/527/4 37/80/4 469/633/4
f 847/1040/4 849/1042/4 85/152/4
f 847/1040/4 848/1041/4 849/1042/4
f 848/1041/4 190/287/4 849/1042/4
f 537/730/4 277/392/4 13/32/4
f 537/730/4 847/1040/4 277/392/4
f 847/1040/4 85/152/4 277/392/4
f 846/1039/4 384/529/4 192/289/4
f 846/1039/4 383/528/4 384/529/4
f 383/528/4 34/75/4 384/529/4
f 844/1037/4 846/1039/4 192/289/4
f 844/1037/4 845/1038/4 846/1039/4
f 845/1038/4 191/288/4 846/1039/4
f 382/527/4 576/769/4 37/80/4
f 382/527/4 844/1037/4 576/769/4
f 844/1037/4 192/289/4 576/769/4
f 843/1036/4 517/704/4 133/224/4
f 843/1036/4 514/699/4 517/704/4
f 514/699/4 4/11/4 517/704/4
f 841/1034/4 843/1036/4 133/224/4
f 841/1034/4 842/1035/4 843/1036/4
f 842/1035/4 130/218/4 843/1036/4
f 576/769/4 325/464/4 37/80/4
f 576/769/4 841/1034/4 325/464/4
f 841/1034/4 133/224/4 325/464/4
f 840/1033/4 345/490/4 153/250/4
f 840/1033/4 385/530/4 345/490/4
f 385/530/4 57/106/4 345/490/4
f 838/1031/4 840/1033/4 153/250/4
f 838/1031/4 839/1032/4 840/1033/4
f 839/1032/4 193/290/4 840/1033/4
f 295/416/4 537/730/4 13/32/4
f 295/416/4 838/1031/4 537/730/4
f 838/1031/4 153/250/4 537/730/4
f 837/1030/4 387/532/4 195/292/4
f 837/1030/4 386/531/4 387/532/4
f 386/531/4 56/105/4 387/532/4
f 835/1028/4 837/1030/4 195/292/4
f 835/1028/4 836/1029/4 837/1030/4
f 836/1029/4 194/291/4 837/1030/4
f 385/530/4 579/772/4 57/106/4
f 385/530/4 835/1028/4 579/772/4
f 835/1028/4 195/292/4 579/772/4
f 834/1027/4 297/418/4 105/178/4
f 834/1027/4 296/417/4 297/418/4
f 296/417/4 10/26/4 297/418/4
f 832/1025/4 834/1027/4 105/178/4
f 832/1025/4 833/1026/4 834/1027/4
f 833/1026/4 104/177/4 834/1027/4
f 579/772/4 489/658/4 57/106/4
f 579/772/4 832/1025/4 489/658/4
f 832/1025/4 105/178/4 489/658/4
f 831/1024/4 457/609/4 73/128/4
f 831/1024/4 388/533/4 457/609/4
f 388/533/4 25/56/4 457/609/4
f 829/1022/4 831/1024/4 73/128/4
f 829/1022/4 830/1023/4 831/1024/4
f 830/1023/4 196/293/4 831/1024/4
f 516/703/4 265/368/4 5/14/4
f 516/703/4 829/1022/4 265/368/4
f 829/1022/4 73/128/4 265/368/4
f 828/1021/4 390/535/4 198/295/4
f 828/1021/4 389/534/4 390/535/4
f 389/534/4 55/104/4 390/535/4
f 826/1019/4 828/1021/4 198/295/4
f 826/1019/4 827/1020/4 828/1021/4
f 827/1020/4 197/294/4 828/1021/4
f 388/533/4 582/775/4 25/56/4
f 388/533/4 826/1019/4 582/775/4
f 826/1019/4 198/295/4 582/775/4
f 825/1018/4 505/680/4 121/200/4
f 825/1018/4 295/416/4 505/680/4
f 295/416/4 13/32/4 505/680/4
f 823/1016/4 825/1018/4 121/200/4
f 823/1016/4 824/1017/4 825/1018/4
f 824/1017/4 103/176/4 825/1018/4
f 582/775/4 313/440/4 25/56/4
f 582/775/4 823/1016/4 313/440/4
f 823/1016/4 121/200/4 313/440/4
f 822/1015/5 474/642/5 90/162/5
f 822/1015/5 391/536/5 474/642/5
f 391/536/5 42/91/5 474/642/5
f 820/1013/5 822/1015/5 90/162/5
f 820/1013/5 821/1014/5 822/1015/5
f 821/1014/5 199/296/5 822/1015/5
f 534/727/5 282/402/5 18/42/5
f 534/727/5 820/1013/5 282/402/5
f 820/1013/5 90/162/5 282/402/5
f 819/1012/5 393/538/5 201/298/5
f 819/1012/5 392/537/5 393/538/5
f 392/537/5 33/73/5 393/538/5
f 817/1010/5 819/1012/5 201/298/5
f 817/1010/5 818/1011/5 819/1012/5
f 818/1011/5 200/297/5 819/1012/5
f 391/536/5 585/778/5 42/91/5
f 391/536/5 817/1010/5 585/778/5
f 817/1010/5 201/298/5 585/778/5
f 816/1009/5 522/714/5 138/234/5
f 816/1009/5 513/697/5 522/714/5
f 513/697/5 2/6/5 522/714/5
f 814/1007/5 816/1009/5 138/234/5
f 814/1007/5 815/1008/5 816/1009/5
f 815/1008/5 129/217/5 816/1009/5
f 585/778/5 330/475/5 42/91/5
f 585/778/5 814/1007/5 330/475/5
f 814/1007/5 138/234/5 330/475/5
f 813/1006/5 342/487/5 150/247/5
f 813/1006/5 394/539/5 342/487/5
f 394/539/5 54/103/5 342/487/5
f 811/1004/5 813/1006/5 150/247/5
f 811/1004/5 812/1005/5 813/1006/5
f 812/1005/5 202/299/5 813/1006/5
f 292/413/5 534/727/5 18/42/5
f 292/413/5 811/1004/5 534/727/5
f 811/1004/5 150/247/5 534/727/5
f 810/1003/5 396/541/5 204/301/5
f 810/1003/5 395/540/5 396/541/5
f 395/540/5 53/102/5 396/541/5
f 808/1001/5 810/1003/5 204/301/5
f 808/1001/5 809/1002/5 810/1003/5
f 809/1002/5 203/300/5 810/1003/5
f 394/539/5 588/781/5 54/103/5
f 394/539/5 808/1001/5 588/781/5
f 808/1001/5 204/301/5 588/781/5
f 807/1000/5 294/415/5 102/175/5
f 807/1000/5 293/414/5 294/415/5
f 293/414/5 9/25/5 294/415/5
f 805/998/5 807/1000/5 102/175/5
f 805/998/5 806/999/5 807/1000/5
f 806/999/5 101/174/5 807/1000/5
f 588/781/5 486/655/5 54/103/5
f 588/781/5 805/998/5 486/655/5
f 805/998/5 102/175/5 486/655/5
f 804/997/5 462/618/5 78/138/5
f 804/997/5 397/542/5 462/618/5
f 397/542/5 30/67/5 462/618/5
f 802/995/5 804/997/5 78/138/5
f 802/995/5 803/996/5 804/997/5
f 803/996/5 205/302/5 804/997/5
f 519/708/5 270/378/5 6/16/5
f 519/708/5 802/995/5 270/378/5
f 802/995/5 78/138/5 270/378/5
f 801/994/5 399/544/5 207/304/5
f 801/994/5 398/543/5 399/544/5
f 398/543/5 52/101/5 399/544/5
f 799/992/5 801/994/5 207/304/5
f 799/992/5 800/993/5 801/994/5
f 800/993/5 206/303/5 801/994/5
f 397/542/5 591/784/5 30/67/5
f 397/542/5 799/992/5 591/784/5
f 799/992/5 207/304/5 591/784/5
f 798/991/5 510/690/5 126/210/5
f 798/991/5 292/413/5 510/690/5
f 292/413/5 18/42/5 510/690/5
f 796/989/5 798/991/5 126/210/5
f 796/989/5 797/990/5 798/991/5
f 797/990/5 100/173/5 798/991/5
f 591/784/5 318/451/5 30/67/5
f 591/784/5 796/989/5 318/451/5
f 796/989/5 126/210/5 318/451/5
f 795/988/6 315/444/6 123/204/6
f 795/988/6 400/545/6 315/444/6
f 400/545/6 27/61/6 315/444/6
f 793/986/6 795/988/6 123/204/6
f 793/986/6 794/987/6 795/988/6
f 794/987/6 208/305/6 795/988/6
f 531/724/6 507/684/6 15/36/6
f 531/724/6 793/986/6 507/684/6
f 793/986/6 123/204/6 507/684/6
f 792/985/6 402/547/6 210/307/6
f 792/985/6 401/546/6 402/547/6
f 401/546/6 35/77/6 402/547/6
f 790/983/6 792/985/6 210/307/6
f 790/983/6 791/984/6 792/985/6
f 791/984/6 209/306/6 792/985/6
f 400/545/6 594/787/6 27/61/6
f 400/545/6 790/983/6 594/787/6
f 790/983/6 210/307/6 594/787/6
f 789/982/6 267/372/6 75/132/6
f 789/982/6 515/701/6 267/372/6
f 515/701/6 3/9/6 267/372/6
f 787/980/6 789/982/6 75/132/6
f 787/980/6 788/981/6 789/982/6
f 788/981/6 131/221/6 789/982/6
f 594/787/6 459/613/6 27/61/6
f 594/787/6 787/980/6 459/613/6
f 787/980/6 75/132/6 459/613/6
f 786/979/6 339/484/6 147/244/6
f 786/979/6 403/548/6 339/484/6
f 403/548/6 51/100/6 339/484/6
f 784/977/6 786/979/6 147/244/6
f 784/977/6 785/978/6 786/979/6
f 785/978/6 211/308/6 786/979/6
f 289/410/6 531/724/6 15/36/6
f 289/410/6 784/977/6 531/724/6
f 784/977/6 147/244/6 531/724/6
f 783/976/6 405/550/6 213/310/6
f 783/976/6 404/549/6 405/550/6
f 404/549/6 50/99/6 405/550/6
f 781/974/6 783/976/6 213/310/6
f 781/974/6 782/975/6 783/976/6
f 782/975/6 212/309/6 783/976/6
f 403/548/6 597/790/6 51/100/6
f 403/548/6 781/974/6 597/790/6
f 781/974/6 213/310/6 597/790/6
f 780/973/6 291/412/6 99/172/6
f 780/973/6 290/411/6 291/412/6
f 290/411/6 11/29/6 291/412/6
f 778/971/6 780/973/6 99/172/6
f 778/971/6 779/972/6 780/973/6
f 779/972/6 98/171/6 780/973/6
f 597/790/6 483/652/6 51/100/6
f 597/790/6 778/971/6 483/652/6
f 778/971/6 99/172/6 483/652/6
f 777/970/6 327/468/6 135/228/6
f 777/970/6 406/551/6 327/468/6
f 406/551/6 39/85/6 327/468/6
f 775/968/6 777/970/6 135/228/6
f 775/968/6 776/969/6 777/970/6
f 776/969/6 214/311/6 777/970/6
f 521/712/6 519/709/6 6/17/6
f 521/712/6 775/968/6 519/709/6
f 775/968/6 135/228/6 519/709/6
f 774/967/6 408/553/6 216/313/6
f 774/967/6 407/552/6 408/553/6
f 407/552/6 49/98/6 408/553/6
f 772/965/6 774/967/6 216/313/6
f 772/965/6 773/966/6 774/967/6
f 773/966/6 215/312/6 774/967/6
f 406/551/6 600/793/6 39/85/6
f 406/551/6 772/965/6 600/793/6
f 772/965/6 216/313/6 600/793/6
f 771/964/6 279/396/6 87/156/6
f 771/964/6 289/410/6 279/396/6
f 289/410/6 15/36/6 279/396/6
f 769/962/6 771/964/6 87/156/6
f 769/962/6 770/963/6 771/964/6
f 770/963/6 97/170/6 771/964/6
f 600/793/6 471/637/6 39/85/6
f 600/793/6 769/962/6 471/637/6
f 769/962/6 87/156/6 471/637/6
f 768/961/7 317/448/7 125/208/7
f 768/961/7 409/554/7 317/448/7
f 409/554/7 29/65/7 317/448/7
f 766/959/7 768/961/7 125/208/7
f 766/959/7 767/960/7 768/961/7
f 767/960/7 217/314/7 768/961/7
f 528/721/7 509/688/7 17/40/7
f 528/721/7 766/959/7 509/688/7
f 766/959/7 125/208/7 509/688/7
f 765/958/7 411/556/7 219/316/7
f 765/958/7 410/555/7 411/556/7
f 410/555/7 37/81/7 411/556/7
f 763/956/7 765/958/7 219/316/7
f 763/956/7 764/957/7 765/958/7
f 764/957/7 218/315/7 765/958/7
f 409/554/7 603/796/7 29/65/7
f 409/554/7 763/956/7 603/796/7
f 763/956/7 219/316/7 603/796/7
f 762/955/7 269/376/7 77/136/7
f 762/955/7 517/705/7 269/376/7
f 517/705/7 4/12/7 269/376/7
f 760/953/7 762/955/7 77/136/7
f 760/953/7 761/954/7 762/955/7
f 761/954/7 133/225/7 762/955/7
f 603/796/7 461/617/7 29/65/7
f 603/796/7 760/953/7 461/617/7
f 760/953/7 77/136/7 461/617/7
f 759/952/7 336/481/7 144/241/7
f 759/952/7 412/557/7 336/481/7
f 412/557/7 48/97/7 336/481/7
f 757/950/7 759/952/7 144/241/7
f 757/950/7 758/951/7 759/952/7
f 758/951/7 220/317/7 759/952/7
f 286/407/7 528/721/7 17/40/7
f 286/407/7 757/950/7 528/721/7
f 757/950/7 144/241/7 528/721/7
f 756/949/7 414/559/7 222/319/7
f 756/949/7 413/558/7 414/559/7
f 413/558/7 47/96/7 414/559/7
f 754/947/7 756/949/7 222/319/7
f 754/947/7 755/948/7 756/949/7
f 755/948/7 221/318/7 756/949/7
f 412/557/7 606/799/7 48/97/7
f 412/557/7 754/947/7 606/799/7
f 754/947/7 222/319/7 606/799/7
f 753/946/7 288/409/7 96/169/7
f 753/946/7 287/408/7 288/409/7
f 287/408/7 13/33/7 288/409/7
f 751/944/7 753/946/7 96/169/7
f 751/944/7 752/945/7 753/946/7
f 752/945/7 95/168/7 753/946/7
f 606/799/7 480/649/7 48/97/7
f 606/799/7 751/944/7 480/649/7
f 751/944/7 96/169/7 480/649/7
f 750/943/7 329/472/7 137/232/7
f 750/943/7 415/560/7 329/472/7
f 415/560/7 41/89/7 329/472/7
f 748/941/7 750/943/7 137/232/7
f 748/941/7 749/942/7 750/943/7
f 749/942/7 223/320/7 750/943/7
f 518/706/7 521/713/7 6/18/7
f 518/706/7 748/941/7 521/713/7
f 748/941/7 137/232/7 521/713/7
f 747/940/7 417/562/7 225/322/7
f 747/940/7 416/561/7 417/562/7
f 416/561/7 46/95/7 417/562/7
f 745/938/7 747/940/7 225/322/7
f 745/938/7 746/939/7 747/940/7
f 746/939/7 224/321/7 747/940/7
f 415/560/7 609/802/7 41/89/7
f 415/560/7 745/938/7 609/802/7
f 745/938/7 225/322/7 609/802/7
f 744/937/7 281/400/7 89/160/7
f 744/937/7 286/407/7 281/400/7
f 286/407/7 17/40/7 281/400/7
f 742/935/7 744/937/7 89/160/7
f 742/935/7 743/936/7 744/937/7
f 743/936/7 94/167/7 744/937/7
f 609/802/7 473/641/7 41/89/7
f 609/802/7 742/935/7 473/641/7
f 742/935/7 89/160/7 473/641/7
f 741/934/8 314/442/8 122/202/8
f 741/934/8 418/563/8 314/442/8
f 418/563/8 26/59/8 314/442/8
f 739/932/8 741/934/8 122/202/8
f 739/932/8 740/933/8 741/934/8
f 740/933/8 226/323/8 741/934/8
f 525/718/8 506/682/8 14/34/8
f 525/718/8 739/932/8 506/682/8
f 739/932/8 122/202/8 506/682/8
f 738/931/8 420/565/8 228/325/8
f 738/931/8 419/564/8 420/565/8
f 419/564/8 40/87/8 420/565/8
f 736/929/8 738/931/8 228/325/8
f 736/929/8 737/930/8 738/931/8
f 737/930/8 227/324/8 738/931/8
f 418/563/8 612/805/8 26/59/8
f 418/563/8 736/929/8 612/805/8
f 736/929/8 228/325/8 612/805/8
f 735/928/8 266/370/8 74/130/8
f 735/928/8 520/711/8 266/370/8
f 520/711/8 5/15/8 266/370/8
f 733/926/8 735/928/8 74/130/8
f 733/926/8 734/927/8 735/928/8
f 734/927/8 136/230/8 735/928/8
f 612/805/8 458/611/8 26/59/8
f 612/805/8 733/926/8 458/611/8
f 733/926/8 74/130/8 458/611/8
f 732/925/8 333/478/8 141/238/8
f 732/925/8 421/566/8 333/478/8
f 421/566/8 45/94/8 333/478/8
f 730/923/8 732/925/8 141/238/8
f 730/923/8 731/924/8 732/925/8
f 731/924/8 229/326/8 732/925/8
f 283/404/8 525/718/8 14/34/8
f 283/404/8 730/923/8 525/718/8
f 730/923/8 141/238/8 525/718/8
f 729/922/8 423/568/8 231/328/8
f 729/922/8 422/567/8 423/568/8
f 422/567/8 44/93/8 423/568/8
f 727/920/8 729/922/8 231/328/8
f 727/920/8 728/921/8 729/922/8
f 728/921/8 230/327/8 729/922/8
f 421/566/8 615/808/8 45/94/8
f 421/566/8 727/920/8 615/808/8
f 727/920/8 231/328/8 615/808/8
f 726/919/8 285/406/8 93/166/8
f 726/919/8 284/405/8 285/406/8
f 284/405/8 16/38/8 285/406/8
f 724/917/8 726/919/8 93/166/8
f 724/917/8 725/918/8 726/919/8
f 725/918/8 92/165/8 726/919/8
f 615/808/8 477/646/8 45/94/8
f 615/808/8 724/917/8 477/646/8
f 724/917/8 93/166/8 477/646/8
f 723/916/8 326/466/8 134/226/8
f 723/916/8 424/569/8 326/466/8
f 424/569/8 38/83/8 326/466/8
f 721/914/8 723/916/8 134/226/8
f 721/914/8 722/915/8 723/916/8
f 722/915/8 232/329/8 723/916/8
f 270/379/8 518/707/8 6/19/8
f 270/379/8 721/914/8 518/707/8
f 721/914/8 134/226/8 518/707/8
f 720/913/8 426/571/8 234/331/8
f 720/913/8 425/570/8 426/571/8
f 425/570/8 43/92/8 426/571/8
f 718/911/8 720/913/8 234/331/8
f 718/911/8 719/912/8 720/913/8
f 719/912/8 233/330/8 720/913/8
f 424/569/8 618/811/8 38/83/8
f 424/569/8 718/911/8 618/811/8
f 718/911/8 234/331/8 618/811/8
f 717/910/8 278/394/8 86/154/8
f 717/910/8 283/404/8 278/394/8
f 283/404/8 14/34/8 278/394/8
f 715/908/8 717/910/8 86/154/8
f 715/908/8 716/909/8 717/910/8
f 716/909/8 91/164/8 717/910/8
f 618/811/8 470/635/8 38/83/8
f 618/811/8 715/908/8 470/635/8
f 715/908/8 86/154/8 470/635/8
f 714/907/8 332/477/8 140/237/8
f 714/907/8 427/572/8 332/477/8
f 427/572/8 44/93/8 332/477/8
f 712/905/8 714/907/8 140/237/8
f 712/905/8 713/906/8 714/907/8
f 713/906/8 235/332/8 714/907/8
f 282/403/8 524/717/8 18/43/8
f 282/403/8 712/905/8 524/717/8
f 712/905/8 140/237/8 524/717/8
f 711/904/8 429/574/8 237/334/8
f 711/904/8 428/573/8 429/574/8
f 428/573/8 28/63/8 429/574/8
f 709/902/8 711/904/8 237/334/8
f 709/902/8 710/903/8 711/904/8
f 710/903/8 236/333/8 711/904/8
f 427/572/8 621/814/8 44/93/8
f 427/572/8 709/902/8 621/814/8
f 709/902/8 237/334/8 621/814/8
f 708/901/8 284/405/8 92/165/8
f 708/901/8 508/686/8 284/405/8
f 508/686/8 16/38/8 284/405/8
f 706/899/8 708/901/8 92/165/8
f 706/899/8 707/900/8 708/901/8
f 707/900/8 124/207/8 708/901/8
f 621/814/8 476/645/8 44/93/8
f 621/814/8 706/899/8 476/645/8
f 706/899/8 92/165/8 476/645/8
f 705/898/7 335/480/7 143/240/7
f 705/898/7 430/575/7 335/480/7
f 430/575/7 47/96/7 335/480/7
f 703/896/7 705/898/7 143/240/7
f 703/896/7 704/897/7 705/898/7
f 704/897/7 238/335/7 705/898/7
f 506/683/7 527/720/7 14/35/7
f 506/683/7 703/896/7 527/720/7
f 703/896/7 143/240/7 527/720/7
f 702/895/7 432/577/7 240/337/7
f 702/895/7 431/576/7 432/577/7
f 431/576/7 25/57/7 432/577/7
f 700/893/7 702/895/7 240/337/7
f 700/893/7 701/894/7 702/895/7
f 701/894/7 239/336/7 702/895/7
f 430/575/7 624/817/7 47/96/7
f 430/575/7 700/893/7 624/817/7
f 700/893/7 240/337/7 624/817/7
f 699/892/7 287/408/7 95/168/7
f 699/892/7 505/681/7 287/408/7
f 505/681/7 13/33/7 287/408/7
f 697/890/7 699/892/7 95/168/7
f 697/890/7 698/891/7 699/892/7
f 698/891/7 121/201/7 699/892/7
f 624/817/7 479/648/7 47/96/7
f 624/817/7 697/890/7 479/648/7
f 697/890/7 95/168/7 479/648/7
f 696/889/6 338/483/6 146/243/6
f 696/889/6 433/578/6 338/483/6
f 433/578/6 50/99/6 338/483/6
f 694/887/6 696/889/6 146/243/6
f 694/887/6 695/888/6 696/889/6
f 695/888/6 241/338/6 696/889/6
f 509/689/6 530/723/6 17/41/6
f 509/689/6 694/887/6 530/723/6
f 694/887/6 146/243/6 530/723/6
f 693/886/6 435/580/6 243/340/6
f 693/886/6 434/579/6 435/580/6
f 434/579/6 23/53/6 435/580/6
f 691/884/6 693/886/6 243/340/6
f 691/884/6 692/885/6 693/886/6
f 692/885/6 242/339/6 693/886/6
f 433/578/6 627/820/6 50/99/6
f 433/578/6 691/884/6 627/820/6
f 691/884/6 243/340/6 627/820/6
f 690/883/6 290/411/6 98/171/6
f 690/883/6 503/677/6 290/411/6
f 503/677/6 11/29/6 290/411/6
f 688/881/6 690/883/6 98/171/6
f 688/881/6 689/882/6 690/883/6
f 689/882/6 119/197/6 690/883/6
f 627/820/6 482/651/6 50/99/6
f 627/820/6 688/881/6 482/651/6
f 688/881/6 98/171/6 482/651/6
f 687/880/5 341/486/5 149/246/5
f 687/880/5 436/581/5 341/486/5
f 436/581/5 53/102/5 341/486/5
f 685/878/5 687/880/5 149/246/5
f 685/878/5 686/879/5 687/880/5
f 686/879/5 244/341/5 687/880/5
f 507/685/5 533/726/5 15/37/5
f 507/685/5 685/878/5 533/726/5
f 685/878/5 149/246/5 533/726/5
f 684/877/5 438/583/5 246/343/5
f 684/877/5 437/582/5 438/583/5
f 437/582/5 21/49/5 438/583/5
f 682/875/5 684/877/5 246/343/5
f 682/875/5 683/876/5 684/877/5
f 683/876/5 245/342/5 684/877/5
f 436/581/5 630/823/5 53/102/5
f 436/581/5 682/875/5 630/823/5
f 682/875/5 246/343/5 630/823/5
f 681/874/5 293/414/5 101/174/5
f 681/874/5 501/673/5 293/414/5
f 501/673/5 9/25/5 293/414/5
f 679/872/5 681/874/5 101/174/5
f 679/872/5 680/873/5 681/874/5
f 680/873/5 117/193/5 681/874/5
f 630/823/5 485/654/5 53/102/5
f 630/823/5 679/872/5 485/654/5
f 679/872/5 101/174/5 485/654/5
f 678/871/4 344/489/4 152/249/4
f 678/871/4 439/584/4 344/489/4
f 439/584/4 56/105/4 344/489/4
f 676/869/4 678/871/4 152/249/4
f 676/869/4 677/870/4 678/871/4
f 677/870/4 247/344/4 678/871/4
f 504/679/4 536/729/4 12/31/4
f 504/679/4 676/869/4 536/729/4
f 676/869/4 152/249/4 536/729/4
f 675/868/4 441/586/4 249/346/4
f 675/868/4 440/585/4 441/586/4
f 440/585/4 22/51/4 441/586/4
f 673/866/4 675/868/4 249/346/4
f 673/866/4 674/867/4 675/868/4
f 674/867/4 248/345/4 675/868/4
f 439/584/4 633/826/4 56/105/4
f 439/584/4 673/866/4 633/826/4
f 673/866/4 249/346/4 633/826/4
f 672/865/4 296/417/4 104/177/4
f 672/865/4 502/674/4 296/417/4
f 502/674/4 10/26/4 296/417/4
f 670/863/4 672/865/4 104/177/4
f 670/863/4 671/864/4 672/865/4
f 671/864/4 118/195/4 672/865/4
f 633/826/4 488/657/4 56/105/4
f 633/826/4 670/863/4 488/657/4
f 670/863/4 104/177/4 488/657/4
f 669/862/3 347/492/3 155/252/3
f 669/862/3 442/587/3 347/492/3
f 442/587/3 59/108/3 347/492/3
f 667/860/3 669/862/3 155/252/3
f 667/860/3 668/861/3 669/862/3
f 668/861/3 250/347/3 669/862/3
f 502/675/3 539/732/3 10/27/3
f 502/675/3 667/860/3 539/732/3
f 667/860/3 155/252/3 539/732/3
f 666/859/3 444/589/3 252/349/3
f 666/859/3 443/588/3 444/589/3
f 443/588/3 19/45/3 444/589/3
f 664/857/3 666/859/3 252/349/3
f 664/857/3 665/858/3 666/859/3
f 665/858/3 251/348/3 666/859/3
f 442/587/3 636/829/3 59/108/3
f 442/587/3 664/857/3 636/829/3
f 664/857/3 252/349/3 636/829/3
f 663/856/3 299/420/3 107/180/3
f 663/856/3 499/668/3 299/420/3
f 499/668/3 7/20/3 299/420/3
f 661/854/3 663/856/3 107/180/3
f 661/854/3 662/855/3 663/856/3
f 662/855/3 115/189/3 663/856/3
f 636/829/3 491/660/3 59/108/3
f 636/829/3 661/854/3 491/660/3
f 661/854/3 107/180/3 491/660/3
f 660/853/2 350/495/2 158/255/2
f 660/853/2 445/590/2 350/495/2
f 445/590/2 62/111/2 350/495/2
f 658/851/2 660/853/2 158/255/2
f 658/851/2 659/852/2 660/853/2
f 659/852/2 253/350/2 660/853/2
f 508/687/2 542/735/2 16/39/2
f 508/687/2 658/851/2 542/735/2
f 658/851/2 158/255/2 542/735/2
f 657/850/2 447/592/2 255/352/2
f 657/850/2 446/591/2 447/592/2
f 446/591/2 20/47/2 447/592/2
f 655/848/2 657/850/2 255/352/2
f 655/848/2 656/849/2 657/850/2
f 656/849/2 254/351/2 657/850/2
f 445/590/2 639/832/2 62/111/2
f 445/590/2 655/848/2 639/832/2
f 655/848/2 255/352/2 639/832/2
f 654/847/2 302/423/2 110/183/2
f 654/847/2 500/670/2 302/423/2
f 500/670/2 8/22/2 302/423/2
f 652/845/2 654/847/2 110/183/2
f 652/845/2 653/846/2 654/847/2
f 653/846/2 116/190/2 654/847/2
f 639/832/2 494/663/2 62/111/2
f 639/832/2 652/845/2 494/663/2
f 652/845/2 110/183/2 494/663/2
f 651/844/1 353/498/1 161/258/1
f 651/844/1 448/593/1 353/498/1
f 448/593/1 65/114/1 353/498/1
f 649/842/1 651/844/1 161/258/1
f 649/842/1 650/843/1 651/844/1
f 650/843/1 256/353/1 651/844/1
f 499/669/1 545/738/1 7/21/1
f 499/669/1 649/842/1 545/738/1
f 649/842/1 161/258/1 545/738/1
f 648/841/1 450/595/1 258/355/1
f 648/841/1 449/594/1 450/595/1
f 449/594/1 32/71/1 450/595/1
f 646/839/1 648/841/1 258/355/1
f 646/839/1 647/840/1 648/841/1
f 647/840/1 257/354/1 648/841/1
f 448/593/1 642/835/1 65/114/1
f 448/593/1 646/839/1 642/835/1
f 646/839/1 258/355/1 642/835/1
f 645/838/1 305/426/1 113/186/1
f 645/838/1 272/382/1 305/426/1
f 272/382/1 8/23/1 305/426/1
f 643/836/1 645/838/1 113/186/1
f 643/836/1 644/837/1 645/838/1
f 644/837/1 80/142/1 645/838/1
f 642/835/1 497/666/1 65/114/1
f 642/835/1 643/836/1 497/666/1
f 643/836/1 113/186/1 497/666/1
f 450/595/1 644/837/1 258/355/1
f 450/595/1 464/623/1 644/837/1
f 464/623/1 80/142/1 644/837/1
f 640/833/1 647/840/1 256/353/1
f 640/833/1 641/834/1 647/840/1
f 641/834/1 257/354/1 647/840/1
f 307/428/1 650/843/1 115/188/1
f 307/428/1 640/833/1 650/843/1
f 640/833/1 256/353/1 650/843/1
f 447/592/2 653/846/2 255/352/2
f 447/592/2 308/431/2 653/846/2
f 308/431/2 116/190/2 653/846/2
f 637/830/2 656/849/2 253/350/2
f 637/830/2 638/831/2 656/849/2
f 638/831/2 254/351/2 656/849/2
f 316/446/2 659/852/2 124/206/2
f 316/446/2 637/830/2 659/852/2
f 637/830/2 253/350/2 659/852/2
f 444/589/3 662/855/3 252/349/3
f 444/589/3 307/429/3 662/855/3
f 307/429/3 115/189/3 662/855/3
f 634/827/3 665/858/3 250/347/3
f 634/827/3 635/828/3 665/858/3
f 635/828/3 251/348/3 665/858/3
f 310/434/3 668/861/3 118/194/3
f 310/434/3 634/827/3 668/861/3
f 634/827/3 250/347/3 668/861/3
f 441/586/4 671/864/4 249/346/4
f 441/586/4 310/435/4 671/864/4
f 310/435/4 118/195/4 671/864/4
f 631/824/4 674/867/4 247/344/4
f 631/824/4 632/825/4 674/867/4
f 632/825/4 248/345/4 674/867/4
f 312/439/4 677/870/4 120/199/4
f 312/439/4 631/824/4 677/870/4
f 631/824/4 247/344/4 677/870/4
f 438/583/5 680/873/5 246/343/5
f 438/583/5 309/433/5 680/873/5
f 309/433/5 117/193/5 680/873/5
f 628/821/5 683/876/5 244/341/5
f 628/821/5 629/822/5 683/876/5
f 629/822/5 245/342/5 683/876/5
f 315/445/5 686/879/5 123/205/5
f 315/445/5 628/821/5 686/879/5
f 628/821/5 244/341/5 686/879/5
f 435/580/6 689/882/6 243/340/6
f 435/580/6 311/437/6 689/882/6
f 311/437/6 119/197/6 689/882/6
f 625/818/6 692/885/6 241/338/6
f 625/818/6 626/819/6 692/885/6
f 626/819/6 242/339/6 692/885/6
f 317/449/6 695/888/6 125/209/6
f 317/449/6 625/818/6 695/888/6
f 625/818/6 241/338/6 695/888/6
f 432/577/7 698/891/7 240/337/7
f 432/577/7 313/441/7 698/891/7
f 313/441/7 121/201/7 698/891/7
f 622/815/7 701/894/7 238/335/7
f 622/815/7 623/816/7 701/894/7
f 623/816/7 239/336/7 701/894/7
f 314/443/7 704/897/7 122/203/7
f 314/443/7 622/815/7 704/897/7
f 622/815/7 238/335/7 704/897/7
f 429/574/8 707/900/8 237/334/8
f 429/574/8 316/447/8 707/900/8
f 316/447/8 124/207/8 707/900/8
f 619/812/8 710/903/8 235/332/8
f 619/812/8 620/813/8 710/903/8
f 620/813/8 236/333/8 710/903/8
f 474/643/8 713/906/8 90/163/8
f 474/643/8 619/812/8 713/906/8
f 619/812/8 235/332/8 713/906/8
f 426/571/8 716/909/8 234/331/8
f 426/571/8 475/644/8 716/909/8
f 475/644/8 91/164/8 716/909/8
f 616/809/8 719/912/8 232/329/8
f 616/809/8 617/810/8 719/912/8
f 617/810/8 233/330/8 719/912/8
f 462/619/8 722/915/8 78/139/8
f 462/619/8 616/809/8 722/915/8
f 616/809/8 232/329/8 722/915/8
f 423/568/8 725/918/8 231/328/8
f 423/568/8 476/645/8 725/918/8
f 476/645/8 92/165/8 725/918/8
f 613/806/8 728/921/8 229/326/8
f 613/806/8 614/807/8 728/921/8
f 614/807/8 230/327/8 728/921/8
f 475/644/8 731/924/8 91/164/8
f 475/644/8 613/806/8 731/924/8
f 613/806/8 229/326/8 731/924/8
f 420/565/8 734/927/8 228/325/8
f 420/565/8 328/470/8 734/927/8
f 328/470/8 136/230/8 734/927/8
f 610/803/8 737/930/8 226/323/8
f 610/803/8 611/804/8 737/930/8
f 611/804/8 227/324/8 737/930/8
f 333/478/8 740/933/8 141/238/8
f 333/478/8 610/803/8 740/933/8
f 610/803/8 226/323/8 740/933/8
f 417/562/7 743/936/7 225/322/7
f 417/562/7 478/647/7 743/936/7
f 478/647/7 94/167/7 743/936/7
f 607/800/7 746/939/7 223/320/7
f 607/800/7 608/801/7 746/939/7
f 608/801/7 224/321/7 746/939/7
f 326/467/7 749/942/7 134/227/7
f 326/467/7 607/800/7 749/942/7
f 607/800/7 223/320/7 749/942/7
f 414/559/7 752/945/7 222/319/7
f 414/559/7 479/648/7 752/945/7
f 479/648/7 95/168/7 752/945/7
f 604/797/7 755/948/7 220/317/7
f 604/797/7 605/798/7 755/948/7
f 605/798/7 221/318/7 755/948/7
f 478/647/7 758/951/7 94/167/7
f 478/647/7 604/797/7 758/951/7
f 604/797/7 220/317/7 758/951/7
f 411/556/7 761/954/7 219/316/7
f 411/556/7 325/465/7 761/954/7
f 325/465/7 133/225/7 761/954/7
f 601/794/7 764/957/7 217/314/7
f 601/794/7 602/795/7 764/957/7
f 602/795/7 218/315/7 764/957/7
f 336/481/7 767/960/7 144/241/7
f 336/481/7 601/794/7 767/960/7
f 601/794/7 217/314/7 767/960/7
f 408/553/6 770/963/6 216/313/6
f 408/553/6 481/650/6 770/963/6
f 481/650/6 97/170/6 770/963/6
f 598/791/6 773/966/6 214/311/6
f 598/791/6 599/792/6 773/966/6
f 599/792/6 215/312/6 773/966/6
f 329/473/6 776/969/6 137/233/6
f 329/473/6 598/791/6 776/969/6
f 598/791/6 214/311/6 776/969/6
f 405/550/6 779/972/6 213/310/6
f 405/550/6 482/651/6 779/972/6
f 482/651/6 98/171/6 779/972/6
f 595/788/6 782/975/6 211/308/6
f 595/788/6 596/789/6 782/975/6
f 596/789/6 212/309/6 782/975/6
f 481/650/6 785/978/6 97/170/6
f 481/650/6 595/788/6 785/978/6
f 595/788/6 211/308/6 785/978/6
f 402/547/6 788/981/6 210/307/6
f 402/547/6 323/461/6 788/981/6
f 323/461/6 131/221/6 788/981/6
f 592/785/6 791/984/6 208/305/6
f 592/785/6 593/786/6 791/984/6
f 593/786/6 209/306/6 791/984/6
f 339/484/6 794/987/6 147/244/6
f 339/484/6 592/785/6 794/987/6
f 592/785/6 208/305/6 794/987/6
f 399/544/5 797/990/5 207/304/5
f 399/544/5 484/653/5 797/990/5
f 484/653/5 100/173/5 797/990/5
f 589/782/5 800/993/5 205/302/5
f 589/782/5 590/783/5 800/993/5
f 590/783/5 206/303/5 800/993/5
f 327/469/5 803/996/5 135/229/5
f 327/469/5 589/782/5 803/996/5
f 589/782/5 205/302/5 803/996/5
f 396/541/5 806/999/5 204/301/5
f 396/541/5 485/654/5 806/999/5
f 485/654/5 101/174/5 806/999/5
f 586/779/5 809/1002/5 202/299/5
f 586/779/5 587/780/5 809/1002/5
f 587/780/5 203/300/5 809/1002/5
f 484/653/5 812/1005/5 100/173/5
f 484/653/5 586/779/5 812/1005/5
f 586/779/5 202/299/5 812/1005/5
f 393/538/5 815/1008/5 201/298/5
f 393/538/5 321/457/5 815/1008/5
f 321/457/5 129/217/5 815/1008/5
f 583/776/5 818/1011/5 199/296/5
f 583/776/5 584/777/5 818/1011/5
f 584/777/5 200/297/5 818/1011/5
f 342/487/5 821/1014/5 150/247/5
f 342/487/5 583/776/5 821/1014/5
f 583/776/5 199/296/5 821/1014/5
f 390/535/4 824/1017/4 198/295/4
f 390/535/4 487/656/4 824/1017/4
f 487/656/4 103/176/4 824/1017/4
f 580/773/4 827/1020/4 196/293/4
f 580/773/4 581/774/4 827/1020/4
f 581/774/4 197/294/4 827/1020/4
f 324/463/4 830/1023/4 132/223/4
f 324/463/4 580/773/4 830/1023/4
f 580/773/4 196/293/4 830/1023/4
f 387/532/4 833/1026/4 195/292/4
f 387/532/4 488/657/4 833/1026/4
f 488/657/4 104/177/4 833/1026/4
f 577/770/4 836/1029/4 193/290/4
f 577/770/4 578/771/4 836/1029/4
f 578/771/4 194/291/4 836/1029/4
f 487/656/4 839/1032/4 103/176/4
f 487/656/4 577/770/4 839/1032/4
f 577/770/4 193/290/4 839/1032/4
f 384/529/4 842/1035/4 192/289/4
f 384/529/4 322/458/4 842/1035/4
f 322/458/4 130/218/4 842/1035/4
f 574/767/4 845/1038/4 190/287/4
f 574/767/4 575/768/4 845/1038/4
f 575/768/4 191/288/4 845/1038/4
f 345/490/4 848/1041/4 153/250/4
f 345/490/4 574/767/4 848/1041/4
f 574/767/4 190/287/4 848/1041/4
f 381/526/3 851/1044/3 189/286/3
f 381/526/3 490/659/3 851/1044/3
f 490/659/3 106/179/3 851/1044/3
f 571/764/3 854/1047/3 187/284/3
f 571/764/3 572/765/3 854/1047/3
f 572/765/3 188/285/3 854/1047/3
f 322/459/3 857/1050/3 130/219/3
f 322/459/3 571/764/3 857/1050/3
f 571/764/3 187/284/3 857/1050/3
f 378/523/3 860/1053/3 186/283/3
f 378/523/3 491/660/3 860/1053/3
f 491/660/3 107/180/3 860/1053/3
f 568/761/3 863/1056/3 184/281/3
f 568/761/3 569/762/3 863/1056/3
f 569/762/3 185/282/3 863/1056/3
f 490/659/3 866/1059/3 106/179/3
f 490/659/3 568/761/3 866/1059/3
f 568/761/3 184/281/3 866/1059/3
f 375/520/3 869/1062/3 183/280/3
f 375/520/3 319/452/3 869/1062/3
f 319/452/3 127/212/3 869/1062/3
f 565/758/3 872/1065/3 181/278/3
f 565/758/3 566/759/3 872/1065/3
f 566/759/3 182/279/3 872/1065/3
f 348/493/3 875/1068/3 156/253/3
f 348/493/3 565/758/3 875/1068/3
f 565/758/3 181/278/3 875/1068/3
f 372/517/2 878/1071/2 180/277/2
f 372/517/2 493/662/2 878/1071/2
f 493/662/2 109/182/2 878/1071/2
f 562/755/2 881/1074/2 178/275/2
f 562/755/2 563/756/2 881/1074/2
f 563/756/2 179/276/2 881/1074/2
f 328/471/2 884/1077/2 136/231/2
f 328/471/2 562/755/2 884/1077/2
f 562/755/2 178/275/2 884/1077/2
f 369/514/2 887/1080/2 177/274/2
f 369/514/2 494/663/2 887/1080/2
f 494/663/2 110/183/2 887/1080/2
f 559/752/2 890/1083/2 175/272/2
f 559/752/2 560/753/2 890/1083/2
f 560/753/2 176/273/2 890/1083/2
f 493/662/2 893/1086/2 109/182/2
f 493/662/2 559/752/2 893/1086/2
f 559/752/2 175/272/2 893/1086/2
f 366/511/2 896/1089/2 174/271/2
f 366/511/2 320/455/2 896/1089/2
f 320/455/2 128/214/2 896/1089/2
f 556/749/2 899/1092/2 172/269/2
f 556/749/2 557/750/2 899/1092/2
f 557/750/2 173/270/2 899/1092/2
f 351/496/2 902/1095/2 159/256/2
f 351/496/2 556/749/2 902/1095/2
f 556/749/2 172/269/2 902/1095/2
f 363/508/1 905/1098/1 171/268/1
f 363/508/1 496/665/1 905/1098/1
f 496/665/1 112/185/1 905/1098/1
f 553/746/1 908/1101/1 169/266/1
f 553/746/1 554/747/1 908/1101/1
f 554/747/1 170/267/1 908/1101/1
f 319/453/1 911/1104/1 127/213/1
f 319/453/1 553/746/1 911/1104/1
f 553/746/1 169/266/1 911/1104/1
f 360/505/1 914/1107/1 168/265/1
f 360/505/1 497/666/1 914/1107/1
f 497/666/1 113/186/1 914/1107/1
f 550/743/1 917/1110/1 166/263/1
f 550/743/1 551/744/1 917/1110/1
f 551/744/1 167/264/1 917/1110/1
f 496/665/1 920/1113/1 112/185/1
f 496/665/1 550/743/1 920/1113/1
f 550/743/1 166/263/1 920/1113/1
f 357/502/1 923/1116/1 165/262/1
f 357/502/1 452/599/1 923/1116/1
f 452/599/1 68/118/1 923/1116/1
f 547/740/1 926/1119/1 163/260/1
f 547/740/1 548/741/1 926/1119/1
f 548/741/1 164/261/1 926/1119/1
f 354/499/1 929/1122/1 162/259/1
f 354/499/1 547/740/1 929/1122/1
f 547/740/1 163/260/1 929/1122/1
f 306/427/1 932/1125/1 114/187/1
f 306/427/1 500/671/1 932/1125/1
f 500/671/1 116/191/1 932/1125/1
f 544/737/1 935/1128/1 160/257/1
f 544/737/1 545/738/1 935/1128/1
f 545/738/1 161/258/1 935/1128/1
f 271/380/1 938/1131/1 79/140/1
f 271/380/1 544/737/1 938/1131/1
f 544/737/1 160/257/1 938/1131/1
f 303/424/2 941/1134/2 111/184/2
f 303/424/2 272/383/2 941/1134/2
f 272/383/2 80/143/2 941/1134/2
f 541/734/2 944/1137/2 157/254/2
f 541/734/2 542/735/2 944/1137/2
f 542/735/2 158/255/2 944/1137/2
f 280/398/2 947/1140/2 88/158/2
f 280/398/2 541/734/2 947/1140/2
f 541/734/2 157/254/2 947/1140/2
f 300/421/3 950/1143/3 108/181/3
f 300/421/3 271/381/3 950/1143/3
f 271/381/3 79/141/3 950/1143/3
f 538/731/3 953/1146/3 154/251/3
f 538/731/3 539/732/3 953/1146/3
f 539/732/3 155/252/3 953/1146/3
f 274/386/3 956/1149/3 82/146/3
f 274/386/3 538/731/3 956/1149/3
f 538/731/3 154/251/3 956/1149/3
f 297/418/4 959/1152/4 105/178/4
f 297/418/4 274/387/4 959/1152/4
f 274/387/4 82/147/4 959/1152/4
f 535/728/4 962/1155/4 151/248/4
f 535/728/4 536/729/4 962/1155/4
f 536/729/4 152/249/4 962/1155/4
f 276/391/4 965/1158/4 84/151/4
f 276/391/4 535/728/4 965/1158/4
f 535/728/4 151/248/4 965/1158/4
f 294/415/5 968/1161/5 102/175/5
f 294/415/5 273/385/5 968/1161/5
f 273/385/5 81/145/5 968/1161/5
f 532/725/5 971/1164/5 148/245/5
f 532/725/5 533/726/5 971/1164/5
f 533/726/5 149/246/5 971/1164/5
f 279/397/5 974/1167/5 87/157/5
f 279/397/5 532/725/5 974/1167/5
f 532/725/5 148/245/5 974/1167/5
f 291/412/6 977/1170/6 99/172/6
f 291/412/6 275/389/6 977/1170/6
f 275/389/6 83/149/6 977/1170/6
f 529/722/6 980/1173/6 145/242/6
f 529/722/6 530/723/6 980/1173/6
f 530/723/6 146/243/6 980/1173/6
f 281/401/6 983/1176/6 89/161/6
f 281/401/6 529/722/6 983/1176/6
f 529/722/6 145/242/6 983/1176/6
f 288/409/7 986/1179/7 96/169/7
f 288/409/7 277/393/7 986/1179/7
f 277/393/7 85/153/7 986/1179/7
f 526/719/7 989/1182/7 142/239/7
f 526/719/7 527/720/7 989/1182/7
f 527/720/7 143/240/7 989/1182/7
f 278/395/7 992/1185/7 86/155/7
f 278/395/7 526/719/7 992/1185/7
f 526/719/7 142/239/7 992/1185/7
f 285/406/8 995/1188/8 93/166/8
f 285/406/8 280/399/8 995/1188/8
f 280/399/8 88/159/8 995/1188/8
f 523/716/8 998/1191/8 139/236/8
f 523/716/8 524/717/8 998/1191/8
f 524/717/8 140/237/8 998/1191/8
f 510/691/8 1001/1194/8 126/211/8
f 510/691/8 523/716/8 1001/1194/8
f 523/716/8 139/236/8 1001/1194/8
f 522/715/8 1004/1197/8 138/235/8
f 522/715/8 268/374/8 1004/1197/8
f 268/374/8 76/134/8 1004/1197/8
f 266/371/7 1007/1200/7 74/131/7
f 266/371/7 265/369/7 1007/1200/7
f 265/369/7 73/129/7 1007/1200/7
f 269/377/6 1010/1203/6 77/137/6
f 269/377/6 263/365/6 1010/1203/6
f 263/365/6 71/125/6 1010/1203/6
f 267/373/5 1013/1206/5 75/133/5
f 267/373/5 261/361/5 1013/1206/5
f 261/361/5 69/121/5 1013/1206/5
f 264/367/4 1016/1209/4 72/127/4
f 264/367/4 262/362/4 1016/1209/4
f 262/362/4 70/122/4 1016/1209/4
f 262/363/3 1019/1212/3 70/123/3
f 262/363/3 259/356/3 1019/1212/3
f 259/356/3 67/116/3 1019/1212/3
f 268/375/2 1022/1215/2 76/135/2
f 268/375/2 260/359/2 1022/1215/2
f 260/359/2 68/119/2 1022/1215/2
f 259/357/1 1025/1218/1 67/117/1
f 259/357/1 512/695/1 1025/1218/1
f 512/695/1 128/215/1 1025/1218/1
