# Blender 4.2.3 LTS
# www.blender.org
mtllib logo.mtl
o MirroRRhythm
v -0.884346 -0.093353 0.116553
v -0.673283 -0.093353 0.116553
v -0.864777 0.111111 0.116553
v -0.685984 0.111111 0.116553
v -0.793787 -0.093353 0.116553
v -0.778418 0.012781 0.116553
v -0.759435 -0.093353 0.116553
v -0.770963 0.012781 0.116553
v -0.722516 -0.093353 0.116553
v -0.737663 0.111111 0.116553
v -0.812543 0.111610 0.116553
v -0.830392 -0.093353 0.116553
v -0.744022 0.092357 0.116553
v -0.662844 -0.094391 0.116553
v -0.615061 -0.094391 0.116553
v -0.805187 0.091353 0.116553
v -0.873750 0.016617 0.116553
v -0.680160 0.016617 0.116553
v -0.805664 -0.049046 0.116553
v -0.745751 -0.046507 0.116553
v -0.728455 0.010717 0.116553
v -0.822720 0.010717 0.116553
v -0.730884 0.010793 0.116553
v -0.819870 0.010793 0.116553
v -0.662844 0.038999 0.116553
v -0.615061 0.038999 0.116553
v -0.665056 0.079308 0.116553
v -0.610623 0.079308 0.116553
v -0.646599 0.110564 0.116553
v -0.630893 0.110564 0.116553
v -0.638746 0.052253 0.116553
v -0.638746 0.110564 0.116553
v -0.620758 0.104039 0.116553
v -0.655828 0.104039 0.116553
v -0.651901 0.060162 0.116553
v -0.642672 0.110564 0.116553
v -0.634820 0.110564 0.116553
v -0.624684 0.060162 0.116553
v -0.612221 0.091674 0.116553
v -0.663911 0.091674 0.116553
v -0.597083 -0.093913 0.116553
v -0.547133 -0.093913 0.116553
v -0.597083 0.038522 0.116553
v -0.548873 0.038946 0.116553
v -0.547433 -0.015373 0.116553
v -0.597083 -0.009859 0.116553
v -0.597083 0.019356 0.116553
v -0.547808 0.028166 0.116553
v -0.533731 -0.004944 0.116553
v -0.530907 0.037866 0.116553
v -0.507095 -0.009694 0.116553
v -0.488565 0.026980 0.116553
v -0.544822 -0.012887 0.116553
v -0.545243 0.027994 0.116553
v -0.548639 -0.019860 0.116553
v -0.597083 -0.015509 0.116553
v -0.525122 -0.002180 0.116553
v -0.514356 0.039111 0.116553
v -0.517569 -0.006853 0.116553
v -0.502658 0.038297 0.116553
v -0.486347 -0.095870 0.116553
v -0.438120 -0.095870 0.116553
v -0.486346 0.038302 0.116553
v -0.438622 0.038302 0.116553
v -0.438059 -0.015205 0.116553
v -0.486346 -0.009859 0.116553
v -0.486346 0.019356 0.116553
v -0.438101 0.027709 0.116553
v -0.424950 -0.004275 0.116553
v -0.419587 0.038050 0.116553
v -0.398404 -0.009861 0.116553
v -0.379847 0.029072 0.116553
v -0.435753 -0.012719 0.116553
v -0.434521 0.028297 0.116553
v -0.439124 -0.019693 0.116553
v -0.486346 -0.015509 0.116553
v -0.414244 -0.003352 0.116553
v -0.403994 0.039296 0.116553
v -0.408016 -0.008125 0.116553
v -0.391851 0.037226 0.116553
v -0.332874 -0.007625 0.107904
v -0.359384 0.027788 0.116553
v -0.312755 0.000096 0.107904
v -0.312759 0.043377 0.116553
v -0.338941 -0.030226 0.107904
v -0.389081 -0.030226 0.116553
v -0.377506 0.007588 0.116553
v -0.337665 -0.016396 0.107904
v -0.323863 -0.001767 0.107904
v -0.336729 0.039788 0.116553
v -0.324779 0.042512 0.116553
v -0.318417 -0.000358 0.107904
v -0.335841 -0.011804 0.107904
v -0.338877 -0.025708 0.107904
v -0.387741 -0.017218 0.116553
v -0.348396 0.034931 0.116553
v -0.383799 -0.004487 0.116553
v -0.338558 -0.021091 0.107904
v -0.328797 -0.004203 0.107904
v -0.369232 0.018525 0.116553
v -0.292634 -0.007625 0.107904
v -0.266127 0.027787 0.116553
v -0.286569 -0.030226 0.107904
v -0.236429 -0.030226 0.116553
v -0.248004 0.007588 0.116553
v -0.287846 -0.016395 0.107904
v -0.301646 -0.001766 0.107904
v -0.288779 0.039787 0.116553
v -0.300734 0.042512 0.116553
v -0.307093 -0.000358 0.107904
v -0.289670 -0.011803 0.107904
v -0.286633 -0.025708 0.107904
v -0.237769 -0.017218 0.116553
v -0.277114 0.034930 0.116553
v -0.241710 -0.004487 0.116553
v -0.286952 -0.021091 0.107904
v -0.296711 -0.004203 0.107904
v -0.256279 0.018525 0.116553
v -0.292634 -0.052827 0.107904
v -0.266126 -0.088240 0.116553
v -0.312755 -0.060549 0.107904
v -0.312755 -0.103830 0.116553
v -0.248005 -0.068041 0.116553
v -0.287846 -0.044058 0.107904
v -0.301646 -0.058686 0.107904
v -0.288782 -0.100242 0.116553
v -0.300736 -0.102966 0.116553
v -0.307093 -0.060095 0.107904
v -0.289670 -0.048650 0.107904
v -0.286633 -0.034745 0.107904
v -0.237769 -0.043235 0.116553
v -0.277114 -0.095384 0.116553
v -0.241711 -0.055965 0.116553
v -0.286952 -0.039362 0.107904
v -0.296711 -0.056250 0.107904
v -0.256279 -0.078977 0.116553
v -0.332876 -0.052827 0.107904
v -0.359384 -0.088240 0.116553
v -0.377505 -0.068041 0.116553
v -0.337664 -0.044058 0.107904
v -0.323864 -0.058686 0.107904
v -0.336728 -0.100242 0.116553
v -0.324774 -0.102966 0.116553
v -0.318417 -0.060095 0.107904
v -0.335840 -0.048650 0.107904
v -0.338877 -0.034745 0.107904
v -0.387741 -0.043235 0.116553
v -0.348396 -0.095384 0.116553
v -0.383799 -0.055965 0.116553
v -0.338558 -0.039362 0.107904
v -0.328799 -0.056250 0.107904
v -0.369231 -0.078977 0.116553
v -0.085551 -0.102163 0.116553
v -0.011470 -0.102163 0.116553
v -0.065793 0.195439 0.116553
v -0.011470 0.196003 0.116553
v -0.011470 0.138444 0.116553
v -0.080111 0.134129 0.107904
v -0.122805 0.194725 0.116553
v -0.115973 0.131953 0.107904
v -0.205221 0.111659 0.116553
v -0.129862 0.105678 0.107904
v -0.182595 0.166061 0.116553
v -0.126842 0.120769 0.107904
v -0.104351 0.195448 0.116553
v -0.110394 0.134129 0.107904
v -0.198516 0.138554 0.116553
v -0.128956 0.113446 0.107904
v -0.123084 0.126836 0.107904
v -0.156702 0.186562 0.116553
v -0.205152 0.099151 0.116553
v -0.129912 0.101356 0.107904
v -0.203014 0.124742 0.116553
v -0.129532 0.109674 0.107904
v -0.128083 0.117171 0.107904
v -0.191749 0.152611 0.116553
v -0.170874 0.177771 0.116553
v -0.125197 0.124015 0.107904
v -0.120185 0.129403 0.107904
v -0.140499 0.191948 0.116553
v -0.011470 0.069579 0.116553
v -0.080111 0.067684 0.107904
v -0.011470 0.015056 0.116553
v -0.085456 -0.001012 0.116553
v -0.219201 -0.102163 0.116553
v -0.146108 -0.102163 0.116553
v -0.090797 -0.000516 0.116553
v -0.158549 0.011654 0.116553
v -0.135169 -0.074802 0.116553
v -0.220058 -0.066565 0.116553
v -0.110233 0.067692 0.107904
v -0.083757 0.067692 0.107904
v -0.186378 0.048013 0.116553
v -0.126451 0.083429 0.107904
v -0.198467 0.073886 0.116553
v -0.128886 0.092440 0.107904
v -0.169925 0.026426 0.116553
v -0.122072 0.074378 0.107904
v -0.160119 0.018372 0.116553
v -0.116778 0.069591 0.107904
v -0.202814 0.086658 0.116553
v -0.129598 0.096884 0.107904
v -0.192835 0.060884 0.116553
v -0.127819 0.087989 0.107904
v -0.178824 0.036227 0.116553
v -0.124683 0.078850 0.107904
v 0.082262 -0.102163 0.116553
v 0.008532 -0.102163 0.116553
v 0.057677 0.196223 0.116553
v 0.008532 0.196003 0.116553
v 0.008532 0.138444 0.116553
v 0.077124 0.134129 0.107904
v 0.115484 0.195499 0.116553
v 0.112986 0.131953 0.107904
v 0.199049 0.111275 0.116553
v 0.126875 0.105678 0.107904
v 0.176108 0.166435 0.116553
v 0.123855 0.120769 0.107904
v 0.096773 0.196232 0.116553
v 0.107407 0.134129 0.107904
v 0.192251 0.138545 0.116553
v 0.125969 0.113446 0.107904
v 0.120097 0.126836 0.107904
v 0.149854 0.187222 0.116553
v 0.198979 0.098593 0.116553
v 0.126925 0.101356 0.107904
v 0.196811 0.124540 0.116553
v 0.126545 0.109674 0.107904
v 0.125096 0.117171 0.107904
v 0.185389 0.152798 0.116553
v 0.164223 0.178308 0.116553
v 0.122211 0.124015 0.107904
v 0.117199 0.129403 0.107904
v 0.133425 0.192684 0.116553
v 0.008532 0.069579 0.116553
v 0.077124 0.067684 0.107904
v 0.008532 0.015056 0.116553
v 0.081581 0.004515 0.116553
v 0.216881 -0.102163 0.116553
v 0.143178 -0.102163 0.116553
v 0.086211 0.000343 0.116553
v 0.164410 0.007579 0.114529
v 0.132871 -0.073072 0.116553
v 0.216309 -0.070662 0.116553
v 0.107246 0.067692 0.107904
v 0.080771 0.067692 0.107904
v 0.179944 0.046741 0.116553
v 0.123465 0.083429 0.107904
v 0.192201 0.072975 0.116553
v 0.125900 0.092440 0.107904
v 0.163261 0.024854 0.116553
v 0.119086 0.074378 0.107904
v 0.159945 0.017691 0.116553
v 0.113791 0.069591 0.107904
v 0.196609 0.085926 0.116553
v 0.126612 0.096884 0.107904
v 0.186490 0.059792 0.116553
v 0.124833 0.087989 0.107904
v 0.172284 0.034791 0.116553
v 0.121697 0.078850 0.107904
v 0.248063 -0.096206 0.116553
v 0.300250 -0.096206 0.116553
v 0.248063 0.122674 0.116553
v 0.300250 0.122674 0.116553
v 0.300929 0.041956 0.116553
v 0.248063 0.021938 0.116553
v 0.303701 -0.016854 0.116553
v 0.248063 -0.016854 0.116553
v 0.248063 0.019256 0.116553
v 0.300744 0.036262 0.116553
v 0.306291 -0.010985 0.116553
v 0.248063 -0.010985 0.116553
v 0.318263 0.041921 0.116553
v 0.317755 -0.005012 0.116553
v 0.310907 -0.007804 0.116553
v 0.303877 0.033299 0.116553
v 0.314116 -0.005609 0.116553
v 0.310689 0.038228 0.116553
v 0.334540 0.043297 0.116553
v 0.323732 -0.005618 0.116553
v 0.320918 -0.005097 0.116553
v 0.324790 0.043159 0.116553
v 0.367980 0.027423 0.116553
v 0.326316 -0.007718 0.116553
v 0.383352 -0.007295 0.116553
v 0.326981 -0.011596 0.116553
v 0.325409 -0.006492 0.116553
v 0.349280 0.039821 0.116553
v 0.326897 -0.009531 0.116553
v 0.378359 0.013169 0.116553
v 0.383943 -0.096206 0.116553
v 0.326674 -0.096206 0.116553
v 0.625758 -0.092972 0.116553
v 0.670650 -0.092972 0.116553
v 0.625758 0.118821 0.116553
v 0.669249 0.118821 0.116553
v 0.670633 0.029444 0.116553
v 0.626587 0.021938 0.116553
v 0.672506 -0.018653 0.116553
v 0.626587 -0.016854 0.116553
v 0.626587 0.019256 0.116553
v 0.672446 0.026762 0.116553
v 0.673941 -0.013943 0.116553
v 0.626587 -0.010985 0.116553
v 0.690341 0.039926 0.116553
v 0.689260 -0.004166 0.116553
v 0.677311 -0.009038 0.116553
v 0.676909 0.030657 0.116553
v 0.682912 -0.005209 0.116553
v 0.682767 0.036234 0.116553
v 0.706618 0.041302 0.116553
v 0.699690 -0.005224 0.116553
v 0.694779 -0.004315 0.116553
v 0.696868 0.041164 0.116553
v 0.738262 0.026662 0.116553
v 0.704199 -0.008888 0.116553
v 0.753812 -0.013118 0.116553
v 0.705360 -0.015655 0.116553
v 0.702615 -0.006749 0.116553
v 0.721358 0.037826 0.116553
v 0.705213 -0.012052 0.116553
v 0.748967 0.011893 0.116553
v 0.753812 -0.094001 0.116553
v 0.705939 -0.094001 0.116553
v 0.394389 -0.157663 0.116553
v 0.452129 -0.157663 0.116553
v 0.484432 0.040506 0.116553
v 0.524883 0.009190 0.116553
v 0.505215 -0.038029 0.116553
v 0.464370 -0.017094 0.116553
v 0.481159 -0.089512 0.116553
v 0.429173 -0.081337 0.116553
v 0.429034 -0.057606 0.116553
v 0.491794 -0.066752 0.116553
v 0.458288 -0.016900 0.116553
v 0.421642 -0.049999 0.116553
v 0.433004 0.038158 0.116553
v 0.379156 0.038158 0.116553
v 0.455348 -0.146577 0.116553
v 0.394061 -0.145670 0.116553
v 0.400595 -0.141671 0.116553
v 0.456952 -0.143029 0.116553
v 0.530367 0.041490 0.116553
v 0.527435 0.009190 0.116553
v 0.542555 -0.053877 0.116553
v 0.591775 -0.047062 0.116486
v 0.542594 0.081536 0.116553
v 0.595099 0.081536 0.116553
v 0.561264 -0.094053 0.116553
v 0.596075 -0.050154 0.116486
v 0.622073 -0.090605 0.116553
v 0.608362 -0.050357 0.115925
v 0.587778 -0.102428 0.116553
v 0.600744 -0.051211 0.116486
v 0.548513 -0.079260 0.116553
v 0.593914 -0.048814 0.116486
v 0.598370 -0.050983 0.116486
v 0.573750 -0.101063 0.116553
v 0.602897 -0.099993 0.116553
v 0.603113 -0.051059 0.116486
v 0.591687 -0.004818 0.116553
v 0.540867 -0.004094 0.116553
v 0.542639 0.041490 0.116553
v 0.595099 0.038551 0.116553
v 0.614763 -0.004838 0.116553
v 0.615337 0.038065 0.116553
v 0.594652 -0.004818 0.116553
v 0.599299 0.038551 0.116553
v 0.527215 0.001843 0.116553
v 0.530275 -0.003385 0.116553
v 0.768175 -0.092691 0.116553
v 0.816866 -0.092691 0.116553
v 0.768290 0.027785 0.116553
v 0.814714 0.032826 0.116553
v 0.771544 0.037810 0.116553
v 0.812905 0.037558 0.116553
v 0.822066 -0.004597 0.116553
v 0.768060 0.000272 0.116553
v 0.768214 0.018706 0.116553
v 0.816565 0.023705 0.116553
v 0.825020 -0.003222 0.116553
v 0.821381 0.025856 0.116553
v 0.841592 -0.003249 0.116553
v 0.848389 0.040053 0.116553
v 0.833492 -0.002253 0.116553
v 0.834262 0.037108 0.116553
v 0.844784 -0.009733 0.116553
v 0.896315 -0.009608 0.116553
v 0.844529 -0.007025 0.116553
v 0.871080 0.032816 0.116553
v 0.859117 0.038135 0.116553
v 0.843476 -0.004880 0.116553
v 0.820223 -0.007049 0.116553
v 0.768023 -0.004112 0.116553
v 0.844602 -0.092019 0.116553
v 0.895284 -0.092019 0.116553
v 0.827798 0.032707 0.116553
v 0.828827 -0.002440 0.116553
v 0.838189 -0.002362 0.116553
v 0.840577 0.039412 0.116553
v 0.844657 -0.008379 0.116553
v 0.881862 0.022073 0.116553
v 0.901000 -0.004536 0.116553
v 0.891770 0.024892 0.116553
v 0.914142 -0.003520 0.116553
v 0.914973 0.037883 0.116553
v 0.919553 -0.007465 0.116553
v 0.949386 0.031368 0.116553
v 0.920887 -0.013668 0.116553
v 0.969901 -0.011704 0.116553
v 0.924204 -0.092019 0.116553
v 0.972300 -0.092019 0.116553
v 0.920691 -0.010475 0.116553
v 0.963421 0.012827 0.116553
v 0.917497 -0.005028 0.116553
v 0.932927 0.037994 0.116553
v 0.909680 -0.003041 0.116553
v 0.901884 0.033037 0.116553
v 0.898204 -0.006676 0.116553
v 0.886886 0.022134 0.116553
v 0.896963 0.028104 0.116553
v 0.904981 -0.003366 0.116553
v 0.844784 -0.013849 0.116553
v 0.895670 -0.013351 0.116553
v -0.878998 -0.116563 0.116553
v -0.836069 -0.116563 0.116553
v -0.903431 -0.088172 0.116553
v -0.895849 0.016224 0.116553
v -0.887531 0.105929 0.116553
v -0.864809 0.135020 0.116553
v -0.812611 0.135020 0.116553
v -0.796122 0.122777 0.116553
v -0.776932 0.071921 0.116553
v -0.773771 0.071812 0.116553
v -0.753515 0.121090 0.116553
v -0.739132 0.135020 0.116553
v -0.684162 0.135020 0.116553
v -0.879540 0.123644 0.116553
v -0.895398 -0.107387 0.116553
v -0.814191 -0.099429 0.116553
v -0.822271 -0.111039 0.116553
v -0.809868 -0.099429 0.116553
v -0.796363 -0.116685 0.116553
v -0.757323 -0.116685 0.116553
v -0.739822 -0.094962 0.116553
v -0.722429 -0.116685 0.116553
v -0.672232 -0.116685 0.116553
v -0.670954 -0.113507 0.116553
v -0.665143 -0.113507 0.116553
v -0.663632 -0.116520 0.116553
v -0.674322 0.121876 0.116553
v -0.669502 0.121876 0.116553
v -0.655847 0.131953 0.116553
v -0.616486 0.131953 0.116553
v -0.672805 0.015874 0.116553
v -0.668021 0.025031 0.116553
v -0.657832 -0.116520 0.116553
v -0.620074 -0.116520 0.116553
v -0.607423 -0.107230 0.116553
v -0.604052 -0.107230 0.116553
v -0.612420 -0.113442 0.116553
v -0.590393 0.061922 0.116553
v -0.646006 0.134361 0.116553
v -0.636166 0.134361 0.116553
v -0.626326 0.134361 0.116553
v -0.662675 0.126914 0.116553
v -0.606956 0.122191 0.116553
v -0.593823 0.108372 0.116553
v -0.593591 0.083144 0.116553
v -0.592777 0.065015 0.116553
v -0.572276 0.061811 0.116553
v -0.554495 0.073602 0.116553
v -0.560771 0.071700 0.116553
v -0.540688 0.069950 0.116553
v -0.606299 -0.107230 0.116553
v -0.605176 -0.107230 0.116553
v -0.605062 -0.088172 0.116553
v -0.610297 -0.088172 0.116553
v -0.604614 -0.107230 0.116553
v -0.603558 -0.088172 0.116553
v -0.590741 -0.117563 0.116553
v -0.599888 -0.112935 0.116553
v -0.552739 -0.117563 0.116553
v -0.527045 -0.040915 0.116553
v -0.525700 -0.033841 0.116553
v -0.523557 -0.031090 0.116553
v -0.537878 -0.106610 0.116553
v -0.529242 -0.092151 0.116553
v -0.520759 -0.031207 0.116553
v -0.517336 -0.031207 0.116553
v -0.513718 -0.031207 0.116553
v -0.509406 -0.034187 0.116553
v -0.509406 -0.092547 0.116553
v -0.502014 -0.104870 0.116553
v -0.486813 -0.116708 0.116553
v -0.442806 -0.116708 0.116553
v -0.529375 0.065761 0.116553
v -0.515260 0.063355 0.116553
v -0.504261 0.061810 0.116553
v -0.493903 0.060023 0.116553
v -0.476714 0.062537 0.116553
v -0.544319 0.034164 0.116553
v -0.535032 0.067855 0.116553
v -0.537832 0.038455 0.116553
v -0.484280 0.062305 0.116553
v -0.442922 0.061051 0.116553
v -0.425041 0.062365 0.116553
v -0.411629 0.065451 0.116553
v -0.386116 0.063585 0.116553
v -0.365449 0.045382 0.116553
v -0.413063 -0.116863 0.116553
v -0.312760 0.061738 0.116553
v -0.408122 -0.030226 0.116553
v -0.383320 -0.117018 0.116553
v -0.342710 0.057255 0.116553
v -0.327779 0.060658 0.116553
v -0.407005 -0.020057 0.116553
v -0.357287 0.051186 0.116553
v -0.403230 -0.012573 0.116553
v -0.371016 -0.117018 0.116553
v -0.254495 0.042260 0.116553
v -0.217388 -0.030226 0.116553
v -0.231851 0.017022 0.116553
v -0.282798 0.057253 0.116553
v -0.297735 0.060658 0.116553
v -0.219063 -0.013972 0.116553
v -0.268223 0.051184 0.116553
v -0.223987 0.001934 0.116553
v -0.242190 0.030687 0.116553
v -0.254494 -0.102712 0.116553
v -0.312755 -0.117114 0.116553
v -0.231851 -0.077474 0.116553
v -0.282802 -0.117114 0.116553
v -0.297737 -0.117114 0.116553
v -0.219063 -0.046480 0.116553
v -0.268223 -0.111638 0.116553
v -0.223987 -0.062386 0.116553
v -0.242190 -0.091139 0.116553
v -0.371016 -0.102712 0.116553
v -0.393659 -0.077474 0.116553
v -0.342708 -0.117114 0.116553
v -0.327773 -0.117114 0.116553
v -0.406448 -0.046480 0.116553
v -0.357287 -0.111638 0.116553
v -0.401523 -0.062386 0.116553
v -0.383320 -0.091139 0.116553
v -0.254494 -0.117114 0.116553
v -0.242190 -0.117114 0.116553
v -0.231851 -0.117114 0.116553
v -0.212697 -0.118476 0.116553
v -0.153335 -0.118841 0.116553
v -0.221303 0.112527 0.116553
v -0.221582 0.097409 0.116553
v -0.220508 0.081744 0.116553
v -0.216882 0.065463 0.116553
v -0.210121 0.050108 0.116553
v -0.201643 0.037697 0.116553
v -0.193873 0.028608 0.116553
v -0.186830 0.022168 0.116553
v -0.187618 0.013277 0.116553
v -0.192982 0.006285 0.116553
v -0.219966 0.128341 0.116553
v -0.216522 0.145287 0.116553
v -0.209373 0.162556 0.116553
v -0.197857 0.179152 0.116553
v -0.182797 0.194029 0.116553
v -0.165164 0.205791 0.116553
v -0.145468 0.213028 0.116553
v -0.124895 0.216269 0.116553
v -0.104609 0.216297 0.116553
v -0.071514 0.216297 0.116553
v -0.021154 0.216297 0.116553
v 0.018168 0.214517 0.116553
v 0.005477 0.211626 0.116553
v 0.004501 0.205845 0.116553
v -0.001357 0.205845 0.116553
v -0.004983 0.212082 0.116553
v 0.215208 0.094886 0.116553
v 0.214929 0.110004 0.116553
v 0.214134 0.079221 0.116553
v 0.210508 0.062939 0.116553
v 0.203747 0.047584 0.116553
v 0.195269 0.035174 0.116553
v 0.187499 0.026084 0.116553
v 0.180456 0.019644 0.116553
v 0.181244 0.012857 0.116553
v 0.213592 0.125817 0.116553
v 0.210148 0.142763 0.116553
v 0.202999 0.160032 0.116553
v 0.191483 0.176629 0.116553
v 0.176423 0.191506 0.116553
v 0.158790 0.203267 0.116553
v 0.139094 0.210504 0.116553
v 0.118521 0.213745 0.116553
v 0.098235 0.213773 0.116553
v 0.065140 0.213773 0.116553
v 0.229923 -0.052864 0.116553
v -0.077303 -0.117016 0.116553
v -0.115319 -0.102163 0.116553
v -0.115319 -0.117929 0.116553
v -0.021154 -0.118153 0.116553
v 0.074317 -0.118153 0.116553
v 0.018168 -0.118153 0.116553
v 0.209711 -0.118153 0.116553
v 0.150348 -0.118153 0.116553
v 0.112333 -0.102163 0.116553
v 0.112333 -0.118153 0.116553
v 0.257081 -0.122695 0.116553
v 0.293103 -0.122695 0.116553
v 0.376122 -0.122695 0.116553
v 0.337628 -0.122695 0.116553
v 0.205583 -0.020004 0.116553
v 0.230360 -0.016854 0.116553
v 0.230360 -0.010985 0.116553
v 0.229319 0.021938 0.116553
v 0.229319 0.019256 0.116553
v 0.228972 0.114799 0.116553
v 0.257081 0.141963 0.116553
v 0.238605 0.133420 0.116553
v 0.315365 -0.088172 0.116553
v 0.315365 -0.122695 0.116553
v 0.315951 -0.014986 0.116553
v 0.293103 0.142182 0.116553
v 0.309570 0.133639 0.116553
v 0.317804 0.114799 0.116553
v 0.319411 0.057403 0.116553
v 0.323195 0.059739 0.116553
v 0.334689 0.063174 0.116553
v 0.358842 0.059444 0.116553
v 0.372785 0.053249 0.116553
v 0.387244 0.062838 0.116553
v 0.445260 0.009929 0.116553
v 0.402447 -0.008697 0.116553
v 0.385303 -0.122695 0.116553
v 0.377982 -0.133091 0.116553
v 0.373337 -0.151639 0.116553
v 0.400066 -0.181811 0.116553
v 0.383312 -0.168398 0.116553
v 0.444842 -0.178292 0.116553
v 0.428185 0.062312 0.116553
v 0.440628 0.058248 0.116553
v 0.456553 0.037155 0.116553
v 0.464432 0.042875 0.116553
v 0.478320 0.061200 0.116553
v 0.522167 0.064006 0.116553
v 0.544766 0.104452 0.116553
v 0.526692 0.086744 0.116553
v 0.591283 0.104634 0.116553
v 0.603533 0.090614 0.116553
v 0.602751 0.122466 0.116553
v 0.620053 0.010385 0.116553
v 0.620053 0.027760 0.116553
v 0.620998 0.144591 0.116553
v 0.477179 -0.146577 0.116553
v 0.479119 -0.143029 0.116553
v 0.500983 -0.098822 0.116553
v 0.513626 -0.074420 0.116553
v 0.526043 -0.045696 0.116553
v 0.524370 -0.077796 0.116553
v 0.543530 -0.102107 0.116553
v 0.561929 -0.119089 0.116553
v 0.584199 -0.122270 0.116553
v 0.606314 -0.122101 0.116553
v 0.622640 -0.115588 0.116553
v 0.630063 -0.117685 0.116553
v 0.666085 -0.118456 0.116553
v 0.689849 -0.098577 0.116553
v 0.680812 -0.111539 0.116553
v 0.710610 -0.117877 0.116553
v 0.697919 -0.109510 0.116553
v 0.749104 -0.116563 0.116553
v 0.673073 0.144242 0.116553
v 0.695244 0.114799 0.116553
v 0.686087 0.133726 0.116553
v 0.697895 0.090456 0.116553
v 0.696061 0.061226 0.116553
v 0.705811 0.063117 0.116553
v 0.726977 0.063584 0.116553
v 0.748288 0.047809 0.116553
v 0.772437 -0.118848 0.116553
v 0.764739 -0.112999 0.116553
v 0.758380 -0.112634 0.116553
v 0.756882 -0.088172 0.116553
v 0.764660 -0.088172 0.116553
v 0.758801 -0.008819 0.116553
v 0.765124 -0.007114 0.116553
v 0.753458 0.047866 0.116553
v 0.765778 0.062639 0.116553
v 0.750011 0.047828 0.116553
v 0.751735 0.047847 0.116553
v 0.747153 0.023463 0.116553
v 0.760277 0.025624 0.116553
v 0.753849 0.011132 0.116553
v 0.763587 0.014919 0.116553
v 0.705287 -0.013854 0.116553
v 0.752019 0.001150 0.116553
v 0.704264 -0.113694 0.116553
v 0.700229 -0.093374 0.116553
v 0.764317 -0.000781 0.116553
v 0.757149 -0.000536 0.116553
v 0.812604 -0.119192 0.116553
v 0.816820 0.063642 0.116553
v 0.848822 -0.119024 0.116553
v 0.821474 -0.115723 0.116553
v 0.828837 -0.105682 0.116553
v 0.833858 -0.105682 0.116553
v 0.840217 -0.114810 0.116553
v 0.891065 -0.119206 0.116553
v 0.900269 -0.113730 0.116553
v 0.906461 -0.105149 0.116553
v 0.913657 -0.104967 0.116553
v 0.918176 -0.113547 0.116553
v 0.927548 -0.118111 0.116553
v 0.908278 -0.013510 0.116553
v 0.908503 -0.010041 0.116553
v 0.908878 -0.007070 0.116553
v 0.909249 -0.004782 0.116553
v 0.910059 -0.105058 0.116553
v 0.965418 -0.118666 0.116553
v 0.979676 -0.109903 0.116553
v 0.989315 -0.097197 0.116553
v 0.993533 -0.007359 0.116553
v 0.986048 0.019582 0.116553
v 0.967866 0.045494 0.116553
v 0.954760 0.059116 0.116553
v 0.915776 0.064252 0.116553
v 0.899474 0.062035 0.116553
v 0.892111 0.054002 0.116553
v 0.882813 0.053474 0.116553
v 0.865768 0.063827 0.116553
v 0.877680 0.057752 0.116553
v 0.840480 0.064822 0.116553
v 0.849261 0.064830 0.116553
v 0.827991 0.064033 0.116553
v 0.834262 0.064526 0.116553
v 0.822406 0.063838 0.116553
v -0.868939 0.016224 0.145469
v -0.878998 -0.088172 0.145469
v -0.716503 -0.088172 0.145469
v -0.678631 -0.088172 0.145469
v -0.685160 0.016224 0.145469
v -0.690689 0.105929 0.145469
v -0.817000 0.105929 0.145469
v -0.860420 0.105929 0.145469
v -0.771361 -0.000700 0.145469
v -0.778438 -0.000700 0.145469
v -0.801064 -0.046110 0.145469
v -0.787928 -0.088172 0.145469
v -0.765517 -0.088172 0.145469
v -0.739457 0.088230 0.145469
v -0.750666 -0.043700 0.145469
v -0.620074 -0.088172 0.145469
v -0.620074 0.032780 0.145469
v -0.733107 0.105929 0.145469
v -0.725493 0.016224 0.145469
v -0.810180 0.087069 0.145469
v -0.836644 -0.088172 0.145469
v -0.826008 0.016224 0.145469
v -0.657832 -0.088172 0.145469
v -0.732739 0.016224 0.145469
v -0.818364 0.016224 0.145469
v -0.657831 0.032780 0.145469
v -0.616160 0.090095 0.145469
v -0.614808 0.079631 0.145469
v -0.649739 0.063429 0.145469
v -0.660871 0.079631 0.145469
v -0.653062 0.100559 0.145469
v -0.645252 0.106081 0.145469
v -0.635284 0.106081 0.145469
v -0.631961 0.106081 0.145469
v -0.626707 0.063429 0.145469
v -0.638607 0.056736 0.145469
v -0.641929 0.106081 0.145469
v -0.638607 0.106081 0.145469
v -0.638607 0.076064 0.145469
v -0.623384 0.100559 0.145469
v -0.659903 0.090095 0.145469
v -0.638607 0.064755 0.145469
v -0.645834 0.084842 0.145469
v -0.630996 0.084842 0.145469
v -0.647787 0.072212 0.145469
v -0.628851 0.072212 0.145469
v -0.552984 -0.015509 0.145469
v -0.552984 -0.088172 0.145469
v -0.590741 -0.088172 0.145469
v -0.590741 0.019356 0.145469
v -0.590741 0.032780 0.145469
v -0.552984 0.032780 0.145469
v -0.552035 0.021892 0.145469
v -0.551919 -0.011021 0.145469
v -0.590741 -0.015509 0.145469
v -0.590741 -0.009859 0.145469
v -0.530881 0.033448 0.145469
v -0.534794 0.000746 0.145469
v -0.549614 -0.008536 0.145469
v -0.548335 0.021567 0.145469
v -0.494907 0.026980 0.145469
v -0.510089 -0.004339 0.145469
v -0.516856 -0.002603 0.145469
v -0.516264 0.034693 0.145469
v -0.524088 0.001669 0.145469
v -0.505934 0.033879 0.145469
v -0.442806 -0.015509 0.145469
v -0.442806 -0.088172 0.145469
v -0.480563 -0.088172 0.145469
v -0.480563 0.019356 0.145469
v -0.480563 0.032780 0.145469
v -0.442806 0.032780 0.145469
v -0.442341 0.020624 0.145469
v -0.441740 -0.011021 0.145469
v -0.480563 -0.015509 0.145469
v -0.480563 -0.009859 0.145469
v -0.420703 0.033448 0.145469
v -0.424616 0.000746 0.145469
v -0.439435 -0.008536 0.145469
v -0.439319 0.020934 0.145469
v -0.384728 0.026980 0.145469
v -0.399910 -0.004339 0.145469
v -0.406677 -0.002603 0.145469
v -0.406086 0.034693 0.145469
v -0.413909 0.001669 0.145469
v -0.395756 0.033879 0.145469
v -0.328797 -0.004203 0.145469
v -0.332874 -0.007625 0.145469
v -0.353603 0.020595 0.145469
v -0.323289 0.033493 0.145469
v -0.312759 0.034251 0.145469
v -0.338941 -0.030226 0.145469
v -0.379618 -0.030226 0.145469
v -0.378444 -0.018831 0.145469
v -0.335841 -0.011804 0.145469
v -0.362229 0.012480 0.145469
v -0.369477 0.002900 0.145469
v -0.338558 -0.021091 0.145469
v -0.337665 -0.016396 0.145469
v -0.318417 -0.000358 0.145469
v -0.323863 -0.001767 0.145469
v -0.343977 0.026852 0.145469
v -0.333757 0.031107 0.145469
v -0.312755 0.000096 0.145469
v -0.338877 -0.025708 0.145469
v -0.374991 -0.007678 0.145469
v -0.296711 -0.004203 0.145469
v -0.292634 -0.007625 0.145469
v -0.271908 0.020594 0.145469
v -0.286569 -0.030226 0.145469
v -0.245892 -0.030226 0.145469
v -0.247066 -0.018831 0.145469
v -0.289670 -0.011803 0.145469
v -0.256033 0.002900 0.145469
v -0.263281 0.012480 0.145469
v -0.287846 -0.016395 0.145469
v -0.286952 -0.021091 0.145469
v -0.307093 -0.000358 0.145469
v -0.301646 -0.001766 0.145469
v -0.281533 0.026851 0.145469
v -0.291752 0.031106 0.145469
v -0.302224 0.033493 0.145469
v -0.286633 -0.025708 0.145469
v -0.250519 -0.007678 0.145469
v -0.296711 -0.056250 0.145469
v -0.292634 -0.052827 0.145469
v -0.271908 -0.081047 0.145469
v -0.302226 -0.093947 0.145469
v -0.312755 -0.094705 0.145469
v -0.289670 -0.048650 0.145469
v -0.256033 -0.063352 0.145469
v -0.263281 -0.072933 0.145469
v -0.287846 -0.044058 0.145469
v -0.286952 -0.039362 0.145469
v -0.307093 -0.060095 0.145469
v -0.301646 -0.058686 0.145469
v -0.281533 -0.087305 0.145469
v -0.291754 -0.091561 0.145469
v -0.312755 -0.060549 0.145469
v -0.247066 -0.041622 0.145469
v -0.250519 -0.052774 0.145469
v -0.286633 -0.034745 0.145469
v -0.332876 -0.052827 0.145469
v -0.328799 -0.056250 0.145469
v -0.353602 -0.081047 0.145469
v -0.338877 -0.034745 0.145469
v -0.335840 -0.048650 0.145469
v -0.362229 -0.072933 0.145469
v -0.369477 -0.063352 0.145469
v -0.338558 -0.039362 0.145469
v -0.337664 -0.044058 0.145469
v -0.323864 -0.058686 0.145469
v -0.318417 -0.060095 0.145469
v -0.333756 -0.091561 0.145469
v -0.343977 -0.087305 0.145469
v -0.323284 -0.093947 0.145469
v -0.374991 -0.052774 0.145469
v -0.378444 -0.041622 0.145469
v -0.021154 0.015056 0.145469
v -0.021154 -0.088172 0.145469
v -0.077303 -0.088172 0.145469
v -0.080111 0.134129 0.145469
v -0.071514 0.182444 0.145469
v -0.021154 0.182555 0.145469
v -0.021154 0.138444 0.145469
v -0.080111 0.067684 0.145469
v -0.115973 0.131953 0.145469
v -0.120448 0.181831 0.145469
v -0.104609 0.182451 0.145469
v -0.110394 0.134129 0.145469
v -0.129862 0.105678 0.145469
v -0.191185 0.110536 0.145469
v -0.189291 0.121765 0.145469
v -0.120185 0.129403 0.145469
v -0.161705 0.167279 0.145469
v -0.171765 0.157229 0.145469
v -0.128083 0.117171 0.145469
v -0.126842 0.120769 0.145469
v -0.179622 0.145685 0.145469
v -0.185430 0.133620 0.145469
v -0.129532 0.109674 0.145469
v -0.128956 0.113446 0.145469
v -0.125197 0.124015 0.145469
v -0.123084 0.126836 0.145469
v -0.135635 0.179448 0.145469
v -0.149542 0.174825 0.145469
v -0.129912 0.101356 0.145469
v -0.191125 0.099800 0.145469
v -0.021154 0.069579 0.145469
v -0.078468 0.013206 0.145469
v -0.146300 -0.070662 0.145469
v -0.153335 -0.088172 0.145469
v -0.212697 -0.088172 0.145469
v -0.211865 -0.070662 0.145469
v -0.143474 0.024909 0.145469
v -0.090076 0.013943 0.145469
v -0.110233 0.067692 0.145469
v -0.083757 0.067692 0.145469
v -0.152474 0.030468 0.145469
v -0.116778 0.069591 0.145469
v -0.180554 0.066956 0.145469
v -0.175012 0.055909 0.145469
v -0.127819 0.087989 0.145469
v -0.126451 0.083429 0.145469
v -0.189119 0.089078 0.145469
v -0.185388 0.078115 0.145469
v -0.129598 0.096884 0.145469
v -0.128886 0.092440 0.145469
v -0.168529 0.045793 0.145469
v -0.160891 0.037381 0.145469
v -0.124683 0.078850 0.145469
v -0.122072 0.074378 0.145469
v 0.018168 0.015056 0.145469
v 0.018168 -0.088172 0.145469
v 0.074317 -0.088172 0.145469
v 0.077124 0.134129 0.145469
v 0.068528 0.182444 0.145469
v 0.018168 0.182555 0.145469
v 0.018168 0.138444 0.145469
v 0.077124 0.067684 0.145469
v 0.112986 0.131953 0.145469
v 0.117461 0.181831 0.145469
v 0.101622 0.182451 0.145469
v 0.107407 0.134129 0.145469
v 0.126875 0.105678 0.145469
v 0.188198 0.110536 0.145469
v 0.186304 0.121765 0.145469
v 0.117199 0.129403 0.145469
v 0.168778 0.157229 0.145469
v 0.158719 0.167279 0.145469
v 0.123855 0.120769 0.145469
v 0.125096 0.117171 0.145469
v 0.182444 0.133620 0.145469
v 0.176635 0.145685 0.145469
v 0.125969 0.113446 0.145469
v 0.126545 0.109674 0.145469
v 0.120097 0.126836 0.145469
v 0.122211 0.124015 0.145469
v 0.146555 0.174825 0.145469
v 0.132648 0.179448 0.145469
v 0.126925 0.101356 0.145469
v 0.188139 0.099800 0.145469
v 0.018168 0.069579 0.145469
v 0.075481 0.013206 0.145469
v 0.143314 -0.070662 0.145469
v 0.150348 -0.088172 0.145469
v 0.209711 -0.088172 0.145469
v 0.208878 -0.070662 0.145469
v 0.140487 0.024909 0.145469
v 0.087090 0.013943 0.145469
v 0.107246 0.067692 0.145469
v 0.080771 0.067692 0.145469
v 0.149487 0.030468 0.145469
v 0.113791 0.069591 0.145469
v 0.172026 0.055909 0.145469
v 0.177567 0.066956 0.145469
v 0.124833 0.087989 0.145469
v 0.123465 0.083429 0.145469
v 0.182402 0.078115 0.145469
v 0.186133 0.089078 0.145469
v 0.126612 0.096884 0.145469
v 0.125900 0.092440 0.145469
v 0.157904 0.037381 0.145469
v 0.165542 0.045793 0.145469
v 0.121697 0.078850 0.145469
v 0.119086 0.074378 0.145469
v 0.295485 -0.016854 0.145469
v 0.293103 -0.088172 0.145469
v 0.257081 -0.088172 0.145469
v 0.257081 0.021938 0.145469
v 0.257081 0.114799 0.145469
v 0.293103 0.114799 0.145469
v 0.294509 0.021938 0.145469
v 0.257081 0.019256 0.145469
v 0.297273 -0.010985 0.145469
v 0.257081 -0.016854 0.145469
v 0.257081 -0.010985 0.145469
v 0.296322 0.019256 0.145469
v 0.316552 0.032386 0.145469
v 0.316358 0.001196 0.145469
v 0.308449 -0.000103 0.145469
v 0.301563 0.022961 0.145469
v 0.301471 -0.004874 0.145469
v 0.308978 0.028693 0.145469
v 0.332829 0.033762 0.145469
v 0.329353 -0.000122 0.145469
v 0.323235 0.001010 0.145469
v 0.323079 0.033623 0.145469
v 0.361047 0.021301 0.145469
v 0.334970 -0.004687 0.145469
v 0.332998 -0.002023 0.145469
v 0.347569 0.030286 0.145469
v 0.376122 -0.013118 0.145469
v 0.336417 -0.013118 0.145469
v 0.336234 -0.008629 0.145469
v 0.371130 0.007345 0.145469
v 0.376122 -0.088172 0.145469
v 0.337628 -0.088172 0.145469
v 0.668467 -0.016854 0.145469
v 0.666085 -0.088172 0.145469
v 0.630063 -0.088172 0.145469
v 0.630063 0.021938 0.145469
v 0.630063 0.114799 0.145469
v 0.666085 0.114799 0.145469
v 0.667491 0.021938 0.145469
v 0.630063 0.019256 0.145469
v 0.670255 -0.010985 0.145469
v 0.630063 -0.016854 0.145469
v 0.630063 -0.010985 0.145469
v 0.669304 0.019256 0.145469
v 0.689534 0.032386 0.145469
v 0.689340 0.001196 0.145469
v 0.681431 -0.000103 0.145469
v 0.674545 0.022961 0.145469
v 0.674453 -0.004874 0.145469
v 0.681960 0.028693 0.145469
v 0.705811 0.033762 0.145469
v 0.702335 -0.000122 0.145469
v 0.696217 0.001010 0.145469
v 0.696061 0.033623 0.145469
v 0.734029 0.021301 0.145469
v 0.707952 -0.004687 0.145469
v 0.705980 -0.002023 0.145469
v 0.720551 0.030286 0.145469
v 0.749104 -0.013118 0.145469
v 0.709399 -0.013118 0.145469
v 0.709307 -0.010874 0.145469
v 0.709216 -0.008629 0.145469
v 0.744112 0.007345 0.145469
v 0.747813 -0.002229 0.145469
v 0.749104 -0.088172 0.145469
v 0.710610 -0.088172 0.145469
v 0.448060 -0.146577 0.145469
v 0.444842 -0.151639 0.145469
v 0.400066 -0.151639 0.145469
v 0.466105 -0.025584 0.145469
v 0.488529 0.033999 0.145469
v 0.522058 0.013730 0.145469
v 0.497928 -0.038029 0.145469
v 0.434711 -0.057606 0.145469
v 0.484506 -0.066752 0.145469
v 0.473872 -0.089512 0.145469
v 0.406273 -0.141671 0.145469
v 0.434851 -0.081337 0.145469
v 0.427320 -0.049999 0.145469
v 0.456553 -0.025280 0.145469
v 0.388930 0.032606 0.145469
v 0.428185 0.032606 0.145469
v 0.442369 0.003663 0.145469
v 0.408125 -0.008697 0.145469
v 0.449665 -0.143029 0.145469
v 0.399739 -0.145670 0.145469
v 0.530367 0.034067 0.145469
v 0.530259 0.013730 0.145469
v 0.587065 0.001541 0.145469
v 0.587065 -0.051049 0.145469
v 0.548782 -0.055436 0.145469
v 0.548109 0.034067 0.145469
v 0.548782 0.076155 0.145469
v 0.587065 0.076155 0.145469
v 0.592395 -0.054882 0.145469
v 0.564868 -0.085221 0.145469
v 0.554993 -0.073203 0.145469
v 0.589716 -0.053221 0.145469
v 0.603988 -0.055600 0.145469
v 0.614551 -0.086836 0.145469
v 0.601572 -0.090457 0.145469
v 0.595240 -0.055909 0.145469
v 0.575875 -0.091401 0.145469
v 0.588243 -0.092605 0.145469
v 0.601118 -0.056003 0.145469
v 0.598182 -0.056192 0.145469
v 0.587065 0.034067 0.145469
v 0.547213 0.001541 0.145469
v 0.610044 0.033581 0.145469
v 0.610044 0.001513 0.145469
v 0.591265 0.001541 0.145469
v 0.591265 0.034067 0.145469
v 0.530298 0.002755 0.145469
v 0.531215 0.001541 0.145469
v 0.816186 -0.003805 0.145469
v 0.812604 -0.088172 0.145469
v 0.772437 -0.088172 0.145469
v 0.773325 0.018706 0.145469
v 0.773401 0.027785 0.145469
v 0.812845 0.028311 0.145469
v 0.776656 0.032517 0.145469
v 0.811037 0.033043 0.145469
v 0.813940 0.019190 0.145469
v 0.818635 -0.000547 0.145469
v 0.773135 -0.004112 0.145469
v 0.773171 0.000272 0.145469
v 0.821381 0.021652 0.145469
v 0.822560 0.001280 0.145469
v 0.848389 0.034404 0.145469
v 0.844580 0.001244 0.145469
v 0.840058 0.002423 0.145469
v 0.827798 0.027057 0.145469
v 0.827619 0.002318 0.145469
v 0.833817 0.002568 0.145469
v 0.840577 0.033762 0.145469
v 0.834262 0.031458 0.145469
v 0.891946 -0.007730 0.145469
v 0.848822 -0.007372 0.145469
v 0.848652 -0.005572 0.145469
v 0.859117 0.032485 0.145469
v 0.847082 -0.000923 0.145469
v 0.848482 -0.003773 0.145469
v 0.881862 0.016423 0.145469
v 0.871080 0.027166 0.145469
v 0.891065 -0.088172 0.145469
v 0.848822 -0.088172 0.145469
v 0.848822 -0.012840 0.145469
v 0.891065 -0.012840 0.145469
v 0.898342 -0.000807 0.145469
v 0.891770 0.018838 0.145469
v 0.894525 -0.003727 0.145469
v 0.886886 0.016933 0.145469
v 0.916283 0.000581 0.145469
v 0.914973 0.031830 0.145469
v 0.910192 0.001235 0.145469
v 0.896963 0.022051 0.145469
v 0.923671 -0.004804 0.145469
v 0.945575 0.026435 0.145469
v 0.920864 -0.001478 0.145469
v 0.930460 0.032389 0.145469
v 0.925491 -0.013274 0.145469
v 0.965418 -0.013274 0.145469
v 0.925224 -0.008913 0.145469
v 0.958937 0.011257 0.145469
v 0.927500 -0.088172 0.145469
v 0.965418 -0.088172 0.145469
v 0.903777 0.000791 0.145469
v 0.901884 0.026984 0.145469
v -0.884346 -0.093353 0.107904
v -0.673283 -0.093353 0.107904
v -0.864777 0.111111 0.107904
v -0.685984 0.111111 0.107904
v -0.793787 -0.093353 0.107904
v -0.778418 0.012781 0.107904
v -0.759435 -0.093353 0.107904
v -0.770963 0.012781 0.107904
v -0.722516 -0.093353 0.107904
v -0.737663 0.111111 0.107904
v -0.812543 0.111610 0.107904
v -0.830392 -0.093353 0.107904
v -0.744022 0.092357 0.107904
v -0.662844 -0.094391 0.107904
v -0.615061 -0.094391 0.107904
v -0.805187 0.091353 0.107904
v -0.873750 0.016617 0.107904
v -0.680160 0.016617 0.107904
v -0.805664 -0.049046 0.107904
v -0.745751 -0.046507 0.107904
v -0.728455 0.010717 0.107904
v -0.822720 0.010717 0.107904
v -0.730884 0.010793 0.107904
v -0.819870 0.010793 0.107904
v -0.662844 0.038999 0.107904
v -0.615061 0.038999 0.107904
v -0.665056 0.079308 0.107904
v -0.610623 0.079308 0.107904
v -0.646599 0.110564 0.107904
v -0.630893 0.110564 0.107904
v -0.638746 0.052253 0.107904
v -0.638746 0.110564 0.107904
v -0.620758 0.104039 0.107904
v -0.655828 0.104039 0.107904
v -0.651901 0.060162 0.107904
v -0.642672 0.110564 0.107904
v -0.634820 0.110564 0.107904
v -0.624684 0.060162 0.107904
v -0.612221 0.091674 0.107904
v -0.663911 0.091674 0.107904
v -0.597083 -0.093913 0.107904
v -0.547133 -0.093913 0.107904
v -0.597083 0.038522 0.107904
v -0.548873 0.038946 0.107904
v -0.547433 -0.015373 0.107904
v -0.597083 -0.009859 0.107904
v -0.597083 0.019356 0.107904
v -0.547808 0.028166 0.107904
v -0.533731 -0.004944 0.107904
v -0.530907 0.037866 0.107904
v -0.507095 -0.009694 0.107904
v -0.488565 0.026980 0.107904
v -0.544822 -0.012887 0.107904
v -0.545243 0.027994 0.107904
v -0.548639 -0.019860 0.107904
v -0.597083 -0.015509 0.107904
v -0.525122 -0.002180 0.107904
v -0.514356 0.039111 0.107904
v -0.517569 -0.006853 0.107904
v -0.502658 0.038297 0.107904
v -0.486347 -0.095870 0.107904
v -0.438120 -0.095870 0.107904
v -0.486346 0.038302 0.107904
v -0.438622 0.038302 0.107904
v -0.438059 -0.015205 0.107904
v -0.486346 -0.009859 0.107904
v -0.486346 0.019356 0.107904
v -0.438101 0.027709 0.107904
v -0.424950 -0.004275 0.107904
v -0.419587 0.038050 0.107904
v -0.398404 -0.009861 0.107904
v -0.379847 0.029072 0.107904
v -0.435753 -0.012719 0.107904
v -0.434521 0.028297 0.107904
v -0.439124 -0.019693 0.107904
v -0.486346 -0.015509 0.107904
v -0.414244 -0.003352 0.107904
v -0.403994 0.039296 0.107904
v -0.408016 -0.008125 0.107904
v -0.391851 0.037226 0.107904
v -0.340922 0.001415 0.107904
v -0.359384 0.027788 0.107904
v -0.312755 0.012226 0.107904
v -0.312759 0.043377 0.107904
v -0.349415 -0.030226 0.107904
v -0.389081 -0.030226 0.107904
v -0.377506 0.007588 0.107904
v -0.347628 -0.010865 0.107904
v -0.328306 0.009617 0.107904
v -0.336729 0.039788 0.107904
v -0.324779 0.042512 0.107904
v -0.320682 0.011589 0.107904
v -0.345075 -0.004435 0.107904
v -0.349325 -0.023900 0.107904
v -0.387741 -0.017218 0.107904
v -0.348396 0.034931 0.107904
v -0.383799 -0.004487 0.107904
v -0.348879 -0.017438 0.107904
v -0.335214 0.006206 0.107904
v -0.369232 0.018525 0.107904
v -0.284586 0.001415 0.107904
v -0.266127 0.027787 0.107904
v -0.276095 -0.030226 0.107904
v -0.236429 -0.030226 0.107904
v -0.248004 0.007588 0.107904
v -0.277883 -0.010862 0.107904
v -0.297203 0.009618 0.107904
v -0.288779 0.039787 0.107904
v -0.300734 0.042512 0.107904
v -0.304828 0.011590 0.107904
v -0.280436 -0.004433 0.107904
v -0.276185 -0.023900 0.107904
v -0.237769 -0.017218 0.107904
v -0.277114 0.034930 0.107904
v -0.241710 -0.004487 0.107904
v -0.276631 -0.017437 0.107904
v -0.290293 0.006206 0.107904
v -0.256279 0.018525 0.107904
v -0.284586 -0.061868 0.107904
v -0.266126 -0.088240 0.107904
v -0.312755 -0.072678 0.107904
v -0.312755 -0.103830 0.107904
v -0.248005 -0.068041 0.107904
v -0.277883 -0.049591 0.107904
v -0.297203 -0.070070 0.107904
v -0.288782 -0.100242 0.107904
v -0.300736 -0.102966 0.107904
v -0.304828 -0.072042 0.107904
v -0.280436 -0.056020 0.107904
v -0.276185 -0.036552 0.107904
v -0.237769 -0.043235 0.107904
v -0.277114 -0.095384 0.107904
v -0.241711 -0.055965 0.107904
v -0.276631 -0.043016 0.107904
v -0.290293 -0.066659 0.107904
v -0.256279 -0.078977 0.107904
v -0.340924 -0.061868 0.107904
v -0.359384 -0.088240 0.107904
v -0.377505 -0.068041 0.107904
v -0.347627 -0.049590 0.107904
v -0.328307 -0.070070 0.107904
v -0.336728 -0.100242 0.107904
v -0.324774 -0.102966 0.107904
v -0.320682 -0.072042 0.107904
v -0.345074 -0.056020 0.107904
v -0.349326 -0.036553 0.107904
v -0.387741 -0.043235 0.107904
v -0.348396 -0.095384 0.107904
v -0.383799 -0.055965 0.107904
v -0.348879 -0.043016 0.107904
v -0.335217 -0.066659 0.107904
v -0.369231 -0.078977 0.107904
v -0.085551 -0.102163 0.107904
v -0.011470 -0.102163 0.107904
v -0.065793 0.195439 0.107904
v -0.011470 0.196003 0.107904
v -0.011470 0.138444 0.107904
v -0.070151 0.147418 0.107904
v -0.122805 0.194725 0.107904
v -0.120357 0.144371 0.107904
v -0.205221 0.111659 0.107904
v -0.139802 0.107587 0.107904
v -0.182595 0.166061 0.107904
v -0.135574 0.128714 0.107904
v -0.104351 0.195448 0.107904
v -0.112547 0.147418 0.107904
v -0.198516 0.138554 0.107904
v -0.138533 0.118462 0.107904
v -0.130312 0.137208 0.107904
v -0.156702 0.186562 0.107904
v -0.205152 0.099151 0.107904
v -0.139872 0.101535 0.107904
v -0.203014 0.124742 0.107904
v -0.139340 0.113181 0.107904
v -0.137311 0.123677 0.107904
v -0.191749 0.152611 0.107904
v -0.170874 0.177771 0.107904
v -0.133272 0.133259 0.107904
v -0.126255 0.140802 0.107904
v -0.140499 0.191948 0.107904
v -0.011470 0.069579 0.107904
v -0.070151 0.054394 0.107904
v -0.011470 0.015056 0.107904
v -0.085456 -0.001012 0.107904
v -0.219201 -0.102163 0.107904
v -0.146108 -0.102163 0.107904
v -0.090797 -0.000516 0.107904
v -0.158549 0.011654 0.107904
v -0.135169 -0.074802 0.107904
v -0.220058 -0.066565 0.107904
v -0.112321 0.054406 0.107904
v -0.075256 0.054406 0.107904
v -0.186378 0.048013 0.107904
v -0.135027 0.076439 0.107904
v -0.198467 0.073886 0.107904
v -0.138436 0.089054 0.107904
v -0.169925 0.026426 0.107904
v -0.128896 0.063767 0.107904
v -0.160119 0.018372 0.107904
v -0.121485 0.057064 0.107904
v -0.202814 0.086658 0.107904
v -0.139433 0.095275 0.107904
v -0.192835 0.060884 0.107904
v -0.136942 0.082823 0.107904
v -0.178824 0.036227 0.107904
v -0.132552 0.070027 0.107904
v 0.082262 -0.102163 0.107904
v 0.008532 -0.102163 0.107904
v 0.057677 0.196223 0.107904
v 0.008532 0.196003 0.107904
v 0.008532 0.138444 0.107904
v 0.067164 0.147418 0.107904
v 0.115484 0.195499 0.107904
v 0.117371 0.144371 0.107904
v 0.199049 0.111275 0.107904
v 0.136816 0.107587 0.107904
v 0.176108 0.166435 0.107904
v 0.132587 0.128714 0.107904
v 0.096773 0.196232 0.107904
v 0.109560 0.147418 0.107904
v 0.192251 0.138545 0.107904
v 0.135547 0.118462 0.107904
v 0.127326 0.137208 0.107904
v 0.149854 0.187222 0.107904
v 0.198979 0.098593 0.107904
v 0.136886 0.101535 0.107904
v 0.196811 0.124540 0.107904
v 0.136353 0.113181 0.107904
v 0.134325 0.123677 0.107904
v 0.185389 0.152798 0.107904
v 0.164223 0.178308 0.107904
v 0.130285 0.133259 0.107904
v 0.123269 0.140802 0.107904
v 0.133425 0.192684 0.107904
v 0.008532 0.069579 0.107904
v 0.067164 0.054394 0.107904
v 0.008532 0.015056 0.107904
v 0.081581 0.004515 0.107904
v 0.216881 -0.102163 0.107904
v 0.143178 -0.102163 0.107904
v 0.086211 0.000343 0.107904
v 0.164410 0.007579 0.105880
v 0.132871 -0.073072 0.107904
v 0.216309 -0.070662 0.107904
v 0.109335 0.054406 0.107904
v 0.072269 0.054406 0.107904
v 0.179944 0.046741 0.107904
v 0.132040 0.076439 0.107904
v 0.192201 0.072975 0.107904
v 0.135450 0.089054 0.107904
v 0.163261 0.024854 0.107904
v 0.125910 0.063767 0.107904
v 0.159945 0.017691 0.107904
v 0.118498 0.057064 0.107904
v 0.196609 0.085926 0.107904
v 0.136446 0.095275 0.107904
v 0.186490 0.059792 0.107904
v 0.133956 0.082823 0.107904
v 0.172284 0.034791 0.107904
v 0.129565 0.070027 0.107904
v 0.248063 -0.096206 0.107904
v 0.300250 -0.096206 0.107904
v 0.248063 0.122674 0.107904
v 0.300250 0.122674 0.107904
v 0.300929 0.041956 0.107904
v 0.248063 0.021938 0.107904
v 0.303701 -0.016854 0.107904
v 0.248063 -0.016854 0.107904
v 0.248063 0.019256 0.107904
v 0.300744 0.036262 0.107904
v 0.306291 -0.010985 0.107904
v 0.248063 -0.010985 0.107904
v 0.318263 0.041921 0.107904
v 0.317755 -0.005012 0.107904
v 0.310907 -0.007804 0.107904
v 0.303877 0.033299 0.107904
v 0.314116 -0.005609 0.107904
v 0.310689 0.038228 0.107904
v 0.334540 0.043297 0.107904
v 0.323732 -0.005618 0.107904
v 0.320918 -0.005097 0.107904
v 0.324790 0.043159 0.107904
v 0.367980 0.027423 0.107904
v 0.326316 -0.007718 0.107904
v 0.383352 -0.007295 0.107904
v 0.326981 -0.011596 0.107904
v 0.325409 -0.006492 0.107904
v 0.349280 0.039821 0.107904
v 0.326897 -0.009531 0.107904
v 0.378359 0.013169 0.107904
v 0.383943 -0.096206 0.107904
v 0.326674 -0.096206 0.107904
v 0.625758 -0.092972 0.107904
v 0.670650 -0.092972 0.107904
v 0.625758 0.118821 0.107904
v 0.669249 0.118821 0.107904
v 0.670633 0.029444 0.107904
v 0.626587 0.021938 0.107904
v 0.672506 -0.018653 0.107904
v 0.626587 -0.016854 0.107904
v 0.626587 0.019256 0.107904
v 0.672446 0.026762 0.107904
v 0.673941 -0.013943 0.107904
v 0.626587 -0.010985 0.107904
v 0.690341 0.039926 0.107904
v 0.689260 -0.004166 0.107904
v 0.677311 -0.009038 0.107904
v 0.676909 0.030657 0.107904
v 0.682912 -0.005209 0.107904
v 0.682767 0.036234 0.107904
v 0.706618 0.041302 0.107904
v 0.699690 -0.005224 0.107904
v 0.694779 -0.004315 0.107904
v 0.696868 0.041164 0.107904
v 0.738262 0.026662 0.107904
v 0.704199 -0.008888 0.107904
v 0.753812 -0.013118 0.107904
v 0.705360 -0.015655 0.107904
v 0.702615 -0.006749 0.107904
v 0.721358 0.037826 0.107904
v 0.705213 -0.012052 0.107904
v 0.748967 0.011893 0.107904
v 0.753812 -0.094001 0.107904
v 0.705939 -0.094001 0.107904
v 0.394389 -0.157663 0.107904
v 0.452129 -0.157663 0.107904
v 0.484432 0.040506 0.107904
v 0.524883 0.009190 0.107904
v 0.505215 -0.038029 0.107904
v 0.464370 -0.017094 0.107904
v 0.481159 -0.089512 0.107904
v 0.429173 -0.081337 0.107904
v 0.429034 -0.057606 0.107904
v 0.491794 -0.066752 0.107904
v 0.458288 -0.016900 0.107904
v 0.421642 -0.049999 0.107904
v 0.433004 0.038158 0.107904
v 0.379156 0.038158 0.107904
v 0.455348 -0.146577 0.107904
v 0.394061 -0.145670 0.107904
v 0.400595 -0.141671 0.107904
v 0.456952 -0.143029 0.107904
v 0.530367 0.041490 0.107904
v 0.527435 0.009190 0.107904
v 0.542555 -0.053877 0.107904
v 0.591775 -0.047062 0.107837
v 0.542594 0.081536 0.107904
v 0.595099 0.081536 0.107904
v 0.561264 -0.094053 0.107904
v 0.596075 -0.050154 0.107837
v 0.622073 -0.090605 0.107904
v 0.608362 -0.050357 0.107275
v 0.587778 -0.102428 0.107904
v 0.600744 -0.051211 0.107837
v 0.548513 -0.079260 0.107904
v 0.593914 -0.048814 0.107837
v 0.598370 -0.050983 0.107837
v 0.573750 -0.101063 0.107904
v 0.602897 -0.099993 0.107904
v 0.603113 -0.051059 0.107837
v 0.591687 -0.004818 0.107904
v 0.540867 -0.004094 0.107904
v 0.542639 0.041490 0.107904
v 0.595099 0.038551 0.107904
v 0.614763 -0.004838 0.107904
v 0.615337 0.038065 0.107904
v 0.594652 -0.004818 0.107904
v 0.599299 0.038551 0.107904
v 0.527215 0.001843 0.107904
v 0.530275 -0.003385 0.107904
v 0.768175 -0.092691 0.107904
v 0.816866 -0.092691 0.107904
v 0.768290 0.027785 0.107904
v 0.814714 0.032826 0.107904
v 0.771544 0.037810 0.107904
v 0.812905 0.037558 0.107904
v 0.822066 -0.004597 0.107904
v 0.768060 0.000272 0.107904
v 0.768214 0.018706 0.107904
v 0.816565 0.023705 0.107904
v 0.825020 -0.003222 0.107904
v 0.821381 0.025856 0.107904
v 0.841592 -0.003249 0.107904
v 0.848389 0.040053 0.107904
v 0.833492 -0.002253 0.107904
v 0.834262 0.037108 0.107904
v 0.844784 -0.009733 0.107904
v 0.896315 -0.009608 0.107904
v 0.844529 -0.007025 0.107904
v 0.871080 0.032816 0.107904
v 0.859117 0.038135 0.107904
v 0.843476 -0.004880 0.107904
v 0.820223 -0.007049 0.107904
v 0.768023 -0.004112 0.107904
v 0.844602 -0.092019 0.107904
v 0.895284 -0.092019 0.107904
v 0.827798 0.032707 0.107904
v 0.828827 -0.002440 0.107904
v 0.838189 -0.002362 0.107904
v 0.840577 0.039412 0.107904
v 0.844657 -0.008379 0.107904
v 0.881862 0.022073 0.107904
v 0.901000 -0.004536 0.107904
v 0.891770 0.024892 0.107904
v 0.914142 -0.003520 0.107904
v 0.914973 0.037883 0.107904
v 0.919553 -0.007465 0.107904
v 0.949386 0.031368 0.107904
v 0.920887 -0.013668 0.107904
v 0.969901 -0.011704 0.107904
v 0.924204 -0.092019 0.107904
v 0.972300 -0.092019 0.107904
v 0.920691 -0.010475 0.107904
v 0.963421 0.012827 0.107904
v 0.917497 -0.005028 0.107904
v 0.932927 0.037994 0.107904
v 0.909680 -0.003041 0.107904
v 0.901884 0.033037 0.107904
v 0.898204 -0.006676 0.107904
v 0.886886 0.022134 0.107904
v 0.896963 0.028104 0.107904
v 0.904981 -0.003366 0.107904
v 0.844784 -0.013849 0.107904
v 0.895670 -0.013351 0.107904
v -0.878998 -0.116563 0.107904
v -0.836069 -0.116563 0.107904
v -0.903431 -0.088172 0.107904
v -0.895849 0.016224 0.107904
v -0.887531 0.105929 0.107904
v -0.864809 0.135020 0.107904
v -0.812611 0.135020 0.107904
v -0.796122 0.122777 0.107904
v -0.776932 0.071921 0.107904
v -0.773771 0.071812 0.107904
v -0.753515 0.121090 0.107904
v -0.739132 0.135020 0.107904
v -0.684162 0.135020 0.107904
v -0.879540 0.123644 0.107904
v -0.895398 -0.107387 0.107904
v -0.814191 -0.099429 0.107904
v -0.822271 -0.111039 0.107904
v -0.809868 -0.099429 0.107904
v -0.796363 -0.116685 0.107904
v -0.757323 -0.116685 0.107904
v -0.739822 -0.094962 0.107904
v -0.722429 -0.116685 0.107904
v -0.672232 -0.116685 0.107904
v -0.670954 -0.113507 0.107904
v -0.665143 -0.113507 0.107904
v -0.663632 -0.116520 0.107904
v -0.674322 0.121876 0.107904
v -0.669502 0.121876 0.107904
v -0.655847 0.131953 0.107904
v -0.616486 0.131953 0.107904
v -0.672805 0.015874 0.107904
v -0.668021 0.025031 0.107904
v -0.657832 -0.116520 0.107904
v -0.620074 -0.116520 0.107904
v -0.607423 -0.107230 0.107904
v -0.604052 -0.107230 0.107904
v -0.612420 -0.113442 0.107904
v -0.590393 0.061922 0.107904
v -0.646006 0.134361 0.107904
v -0.636166 0.134361 0.107904
v -0.626326 0.134361 0.107904
v -0.662675 0.126914 0.107904
v -0.606956 0.122191 0.107904
v -0.593823 0.108372 0.107904
v -0.593591 0.083144 0.107904
v -0.592777 0.065015 0.107904
v -0.572276 0.061811 0.107904
v -0.554495 0.073602 0.107904
v -0.560771 0.071700 0.107904
v -0.540688 0.069950 0.107904
v -0.606299 -0.107230 0.107904
v -0.605176 -0.107230 0.107904
v -0.605062 -0.088172 0.107904
v -0.610297 -0.088172 0.107904
v -0.604614 -0.107230 0.107904
v -0.603558 -0.088172 0.107904
v -0.590741 -0.117563 0.107904
v -0.599888 -0.112935 0.107904
v -0.552739 -0.117563 0.107904
v -0.527045 -0.040915 0.107904
v -0.525700 -0.033841 0.107904
v -0.523557 -0.031090 0.107904
v -0.537878 -0.106610 0.107904
v -0.529242 -0.092151 0.107904
v -0.520759 -0.031207 0.107904
v -0.517336 -0.031207 0.107904
v -0.513718 -0.031207 0.107904
v -0.509406 -0.034187 0.107904
v -0.509406 -0.092547 0.107904
v -0.502014 -0.104870 0.107904
v -0.486813 -0.116708 0.107904
v -0.442806 -0.116708 0.107904
v -0.529375 0.065761 0.107904
v -0.515260 0.063355 0.107904
v -0.504261 0.061810 0.107904
v -0.493903 0.060023 0.107904
v -0.476714 0.062537 0.107904
v -0.544319 0.034164 0.107904
v -0.535032 0.067855 0.107904
v -0.537832 0.038455 0.107904
v -0.484280 0.062305 0.107904
v -0.442922 0.061051 0.107904
v -0.425041 0.062365 0.107904
v -0.411629 0.065451 0.107904
v -0.386116 0.063585 0.107904
v -0.365449 0.045382 0.107904
v -0.413063 -0.116863 0.107904
v -0.312760 0.061738 0.107904
v -0.408122 -0.030226 0.107904
v -0.383320 -0.117018 0.107904
v -0.342710 0.057255 0.107904
v -0.327779 0.060658 0.107904
v -0.407005 -0.020057 0.107904
v -0.357287 0.051186 0.107904
v -0.403230 -0.012573 0.107904
v -0.371016 -0.117018 0.107904
v -0.254495 0.042260 0.107904
v -0.217388 -0.030226 0.107904
v -0.231851 0.017022 0.107904
v -0.282798 0.057253 0.107904
v -0.297735 0.060658 0.107904
v -0.219063 -0.013972 0.107904
v -0.268223 0.051184 0.107904
v -0.223987 0.001934 0.107904
v -0.242190 0.030687 0.107904
v -0.254494 -0.102712 0.107904
v -0.312755 -0.117114 0.107904
v -0.231851 -0.077474 0.107904
v -0.282802 -0.117114 0.107904
v -0.297737 -0.117114 0.107904
v -0.219063 -0.046480 0.107904
v -0.268223 -0.111638 0.107904
v -0.223987 -0.062386 0.107904
v -0.242190 -0.091139 0.107904
v -0.371016 -0.102712 0.107904
v -0.393659 -0.077474 0.107904
v -0.342708 -0.117114 0.107904
v -0.327773 -0.117114 0.107904
v -0.406448 -0.046480 0.107904
v -0.357287 -0.111638 0.107904
v -0.401523 -0.062386 0.107904
v -0.383320 -0.091139 0.107904
v -0.254494 -0.117114 0.107904
v -0.242190 -0.117114 0.107904
v -0.231851 -0.117114 0.107904
v -0.212697 -0.118476 0.107904
v -0.153335 -0.118841 0.107904
v -0.221303 0.112527 0.107904
v -0.221582 0.097409 0.107904
v -0.220508 0.081744 0.107904
v -0.216882 0.065463 0.107904
v -0.210121 0.050108 0.107904
v -0.201643 0.037697 0.107904
v -0.193873 0.028608 0.107904
v -0.186830 0.022168 0.107904
v -0.187618 0.013277 0.107904
v -0.192982 0.006285 0.107904
v -0.219966 0.128341 0.107904
v -0.216522 0.145287 0.107904
v -0.209373 0.162556 0.107904
v -0.197857 0.179152 0.107904
v -0.182797 0.194029 0.107904
v -0.165164 0.205791 0.107904
v -0.145468 0.213028 0.107904
v -0.124895 0.216269 0.107904
v -0.104609 0.216297 0.107904
v -0.071514 0.216297 0.107904
v -0.021154 0.216297 0.107904
v 0.018168 0.214517 0.107904
v 0.005477 0.211626 0.107904
v 0.004501 0.205845 0.107904
v -0.001357 0.205845 0.107904
v -0.004983 0.212082 0.107904
v 0.215208 0.094886 0.107904
v 0.214929 0.110004 0.107904
v 0.214134 0.079221 0.107904
v 0.210508 0.062939 0.107904
v 0.203747 0.047584 0.107904
v 0.195269 0.035174 0.107904
v 0.187499 0.026084 0.107904
v 0.180456 0.019644 0.107904
v 0.181244 0.012857 0.107904
v 0.213592 0.125817 0.107904
v 0.210148 0.142763 0.107904
v 0.202999 0.160032 0.107904
v 0.191483 0.176629 0.107904
v 0.176423 0.191506 0.107904
v 0.158790 0.203267 0.107904
v 0.139094 0.210504 0.107904
v 0.118521 0.213745 0.107904
v 0.098235 0.213773 0.107904
v 0.065140 0.213773 0.107904
v 0.229923 -0.052864 0.107904
v -0.077303 -0.117016 0.107904
v -0.115319 -0.102163 0.107904
v -0.115319 -0.117929 0.107904
v -0.021154 -0.118153 0.107904
v 0.074317 -0.118153 0.107904
v 0.018168 -0.118153 0.107904
v 0.209711 -0.118153 0.107904
v 0.150348 -0.118153 0.107904
v 0.112333 -0.102163 0.107904
v 0.112333 -0.118153 0.107904
v 0.257081 -0.122695 0.107904
v 0.293103 -0.122695 0.107904
v 0.376122 -0.122695 0.107904
v 0.337628 -0.122695 0.107904
v 0.205583 -0.020004 0.107904
v 0.230360 -0.016854 0.107904
v 0.230360 -0.010985 0.107904
v 0.229319 0.021938 0.107904
v 0.229319 0.019256 0.107904
v 0.228972 0.114799 0.107904
v 0.257081 0.141963 0.107904
v 0.238605 0.133420 0.107904
v 0.315365 -0.088172 0.107904
v 0.315365 -0.122695 0.107904
v 0.315951 -0.014986 0.107904
v 0.293103 0.142182 0.107904
v 0.309570 0.133639 0.107904
v 0.317804 0.114799 0.107904
v 0.319411 0.057403 0.107904
v 0.323195 0.059739 0.107904
v 0.334689 0.063174 0.107904
v 0.358842 0.059444 0.107904
v 0.372785 0.053249 0.107904
v 0.387244 0.062838 0.107904
v 0.445260 0.009929 0.107904
v 0.402447 -0.008697 0.107904
v 0.385303 -0.122695 0.107904
v 0.377982 -0.133091 0.107904
v 0.373337 -0.151639 0.107904
v 0.400066 -0.181811 0.107904
v 0.383312 -0.168398 0.107904
v 0.444842 -0.178292 0.107904
v 0.428185 0.062312 0.107904
v 0.440628 0.058248 0.107904
v 0.456553 0.037155 0.107904
v 0.464432 0.042875 0.107904
v 0.478320 0.061200 0.107904
v 0.522167 0.064006 0.107904
v 0.544766 0.104452 0.107904
v 0.526692 0.086744 0.107904
v 0.591283 0.104634 0.107904
v 0.603533 0.090614 0.107904
v 0.602751 0.122466 0.107904
v 0.620053 0.010385 0.107904
v 0.620053 0.027760 0.107904
v 0.620998 0.144591 0.107904
v 0.477179 -0.146577 0.107904
v 0.479119 -0.143029 0.107904
v 0.500983 -0.098822 0.107904
v 0.513626 -0.074420 0.107904
v 0.526043 -0.045696 0.107904
v 0.524370 -0.077796 0.107904
v 0.543530 -0.102107 0.107904
v 0.561929 -0.119089 0.107904
v 0.584199 -0.122270 0.107904
v 0.606314 -0.122101 0.107904
v 0.622640 -0.115588 0.107904
v 0.630063 -0.117685 0.107904
v 0.666085 -0.118456 0.107904
v 0.689849 -0.098577 0.107904
v 0.680812 -0.111539 0.107904
v 0.710610 -0.117877 0.107904
v 0.697919 -0.109510 0.107904
v 0.749104 -0.116563 0.107904
v 0.673073 0.144242 0.107904
v 0.695244 0.114799 0.107904
v 0.686087 0.133726 0.107904
v 0.697895 0.090456 0.107904
v 0.696061 0.061226 0.107904
v 0.705811 0.063117 0.107904
v 0.726977 0.063584 0.107904
v 0.748288 0.047809 0.107904
v 0.772437 -0.118848 0.107904
v 0.764739 -0.112999 0.107904
v 0.758380 -0.112634 0.107904
v 0.756882 -0.088172 0.107904
v 0.764660 -0.088172 0.107904
v 0.758801 -0.008819 0.107904
v 0.765124 -0.007114 0.107904
v 0.753458 0.047866 0.107904
v 0.765778 0.062639 0.107904
v 0.750011 0.047828 0.107904
v 0.751735 0.047847 0.107904
v 0.747153 0.023463 0.107904
v 0.760277 0.025624 0.107904
v 0.753849 0.011132 0.107904
v 0.763587 0.014919 0.107904
v 0.705287 -0.013854 0.107904
v 0.752019 0.001150 0.107904
v 0.704264 -0.113694 0.107904
v 0.700229 -0.093374 0.107904
v 0.764317 -0.000781 0.107904
v 0.757149 -0.000536 0.107904
v 0.812604 -0.119192 0.107904
v 0.816820 0.063642 0.107904
v 0.848822 -0.119024 0.107904
v 0.821474 -0.115723 0.107904
v 0.828837 -0.105682 0.107904
v 0.833858 -0.105682 0.107904
v 0.840217 -0.114810 0.107904
v 0.891065 -0.119206 0.107904
v 0.900269 -0.113730 0.107904
v 0.906461 -0.105149 0.107904
v 0.913657 -0.104967 0.107904
v 0.918176 -0.113547 0.107904
v 0.927548 -0.118111 0.107904
v 0.908278 -0.013510 0.107904
v 0.908503 -0.010041 0.107904
v 0.908878 -0.007070 0.107904
v 0.909249 -0.004782 0.107904
v 0.910059 -0.105058 0.107904
v 0.965418 -0.118666 0.107904
v 0.979676 -0.109903 0.107904
v 0.989315 -0.097197 0.107904
v 0.993533 -0.007359 0.107904
v 0.986048 0.019582 0.107904
v 0.967866 0.045494 0.107904
v 0.954760 0.059116 0.107904
v 0.915776 0.064252 0.107904
v 0.899474 0.062035 0.107904
v 0.892111 0.054002 0.107904
v 0.882813 0.053474 0.107904
v 0.865768 0.063827 0.107904
v 0.877680 0.057752 0.107904
v 0.840480 0.064822 0.107904
v 0.849261 0.064830 0.107904
v 0.827991 0.064033 0.107904
v 0.834262 0.064526 0.107904
v 0.822406 0.063838 0.107904
v -0.868939 0.016224 0.136820
v -0.878998 -0.088172 0.136820
v -0.716503 -0.088172 0.136820
v -0.678631 -0.088172 0.136820
v -0.685160 0.016224 0.136820
v -0.690689 0.105929 0.136820
v -0.817000 0.105929 0.136820
v -0.860420 0.105929 0.136820
v -0.771361 -0.000700 0.136820
v -0.778438 -0.000700 0.136820
v -0.801064 -0.046110 0.136820
v -0.787928 -0.088172 0.136820
v -0.765517 -0.088172 0.136820
v -0.739457 0.088230 0.136820
v -0.750666 -0.043700 0.136820
v -0.620074 -0.088172 0.136820
v -0.620074 0.032780 0.136820
v -0.733107 0.105929 0.136820
v -0.725493 0.016224 0.136820
v -0.810180 0.087069 0.136820
v -0.836644 -0.088172 0.136820
v -0.826008 0.016224 0.136820
v -0.657832 -0.088172 0.136820
v -0.732739 0.016224 0.136820
v -0.818364 0.016224 0.136820
v -0.657831 0.032780 0.136820
v -0.616160 0.090095 0.136820
v -0.614808 0.079631 0.136820
v -0.649739 0.063429 0.136820
v -0.660871 0.079631 0.136820
v -0.653062 0.100559 0.136820
v -0.645252 0.106081 0.136820
v -0.635284 0.106081 0.136820
v -0.631961 0.106081 0.136820
v -0.626707 0.063429 0.136820
v -0.638607 0.056736 0.136820
v -0.641929 0.106081 0.136820
v -0.638607 0.106081 0.136820
v -0.638607 0.076064 0.136820
v -0.623384 0.100559 0.136820
v -0.659903 0.090095 0.136820
v -0.638607 0.064755 0.136820
v -0.645834 0.084842 0.136820
v -0.630996 0.084842 0.136820
v -0.647787 0.072212 0.136820
v -0.628851 0.072212 0.136820
v -0.552984 -0.015509 0.136820
v -0.552984 -0.088172 0.136820
v -0.590741 -0.088172 0.136820
v -0.590741 0.019356 0.136820
v -0.590741 0.032780 0.136820
v -0.552984 0.032780 0.136820
v -0.552035 0.021892 0.136820
v -0.551919 -0.011021 0.136820
v -0.590741 -0.015509 0.136820
v -0.590741 -0.009859 0.136820
v -0.530881 0.033448 0.136820
v -0.534794 0.000746 0.136820
v -0.549614 -0.008536 0.136820
v -0.548335 0.021567 0.136820
v -0.494907 0.026980 0.136820
v -0.510089 -0.004339 0.136820
v -0.516856 -0.002603 0.136820
v -0.516264 0.034693 0.136820
v -0.524088 0.001669 0.136820
v -0.505934 0.033879 0.136820
v -0.442806 -0.015509 0.136820
v -0.442806 -0.088172 0.136820
v -0.480563 -0.088172 0.136820
v -0.480563 0.019356 0.136820
v -0.480563 0.032780 0.136820
v -0.442806 0.032780 0.136820
v -0.442341 0.020624 0.136820
v -0.441740 -0.011021 0.136820
v -0.480563 -0.015509 0.136820
v -0.480563 -0.009859 0.136820
v -0.420703 0.033448 0.136820
v -0.424616 0.000746 0.136820
v -0.439435 -0.008536 0.136820
v -0.439319 0.020934 0.136820
v -0.384728 0.026980 0.136820
v -0.399910 -0.004339 0.136820
v -0.406677 -0.002603 0.136820
v -0.406086 0.034693 0.136820
v -0.413909 0.001669 0.136820
v -0.395756 0.033879 0.136820
v -0.335214 0.006206 0.136820
v -0.340922 0.001415 0.136820
v -0.353603 0.020595 0.136820
v -0.323289 0.033493 0.136820
v -0.312759 0.034251 0.136820
v -0.349415 -0.030226 0.136820
v -0.379618 -0.030226 0.136820
v -0.378444 -0.018831 0.136820
v -0.345075 -0.004435 0.136820
v -0.362229 0.012480 0.136820
v -0.369477 0.002900 0.136820
v -0.348879 -0.017438 0.136820
v -0.347628 -0.010865 0.136820
v -0.320682 0.011589 0.136820
v -0.328306 0.009617 0.136820
v -0.343977 0.026852 0.136820
v -0.333757 0.031107 0.136820
v -0.312755 0.012226 0.136820
v -0.349325 -0.023900 0.136820
v -0.374991 -0.007678 0.136820
v -0.290293 0.006206 0.136820
v -0.284586 0.001415 0.136820
v -0.271908 0.020594 0.136820
v -0.276095 -0.030226 0.136820
v -0.245892 -0.030226 0.136820
v -0.247066 -0.018831 0.136820
v -0.280436 -0.004433 0.136820
v -0.256033 0.002900 0.136820
v -0.263281 0.012480 0.136820
v -0.277883 -0.010862 0.136820
v -0.276631 -0.017437 0.136820
v -0.304828 0.011590 0.136820
v -0.297203 0.009618 0.136820
v -0.281533 0.026851 0.136820
v -0.291752 0.031106 0.136820
v -0.302224 0.033493 0.136820
v -0.276185 -0.023900 0.136820
v -0.250519 -0.007678 0.136820
v -0.290293 -0.066659 0.136820
v -0.284586 -0.061868 0.136820
v -0.271908 -0.081047 0.136820
v -0.302226 -0.093947 0.136820
v -0.312755 -0.094705 0.136820
v -0.280436 -0.056020 0.136820
v -0.256033 -0.063352 0.136820
v -0.263281 -0.072933 0.136820
v -0.277883 -0.049591 0.136820
v -0.276631 -0.043016 0.136820
v -0.304828 -0.072042 0.136820
v -0.297203 -0.070070 0.136820
v -0.281533 -0.087305 0.136820
v -0.291754 -0.091561 0.136820
v -0.312755 -0.072678 0.136820
v -0.247066 -0.041622 0.136820
v -0.250519 -0.052774 0.136820
v -0.276185 -0.036552 0.136820
v -0.340924 -0.061868 0.136820
v -0.335217 -0.066659 0.136820
v -0.353602 -0.081047 0.136820
v -0.349326 -0.036553 0.136820
v -0.345074 -0.056020 0.136820
v -0.362229 -0.072933 0.136820
v -0.369477 -0.063352 0.136820
v -0.348879 -0.043016 0.136820
v -0.347627 -0.049590 0.136820
v -0.328307 -0.070070 0.136820
v -0.320682 -0.072042 0.136820
v -0.333756 -0.091561 0.136820
v -0.343977 -0.087305 0.136820
v -0.323284 -0.093947 0.136820
v -0.374991 -0.052774 0.136820
v -0.378444 -0.041622 0.136820
v -0.021154 0.015056 0.136820
v -0.021154 -0.088172 0.136820
v -0.077303 -0.088172 0.136820
v -0.070151 0.147418 0.136820
v -0.071514 0.182444 0.136820
v -0.021154 0.182555 0.136820
v -0.021154 0.138444 0.136820
v -0.070151 0.054394 0.136820
v -0.120357 0.144371 0.136820
v -0.120448 0.181831 0.136820
v -0.104609 0.182451 0.136820
v -0.112547 0.147418 0.136820
v -0.139802 0.107587 0.136820
v -0.191185 0.110536 0.136820
v -0.189291 0.121765 0.136820
v -0.126255 0.140802 0.136820
v -0.161705 0.167279 0.136820
v -0.171765 0.157229 0.136820
v -0.137311 0.123677 0.136820
v -0.135574 0.128714 0.136820
v -0.179622 0.145685 0.136820
v -0.185430 0.133620 0.136820
v -0.139340 0.113181 0.136820
v -0.138533 0.118462 0.136820
v -0.133272 0.133259 0.136820
v -0.130312 0.137208 0.136820
v -0.135635 0.179448 0.136820
v -0.149542 0.174825 0.136820
v -0.139872 0.101535 0.136820
v -0.191125 0.099800 0.136820
v -0.021154 0.069579 0.136820
v -0.078468 0.013206 0.136820
v -0.146300 -0.070662 0.136820
v -0.153335 -0.088172 0.136820
v -0.212697 -0.088172 0.136820
v -0.211865 -0.070662 0.136820
v -0.143474 0.024909 0.136820
v -0.090076 0.013943 0.136820
v -0.112321 0.054406 0.136820
v -0.075256 0.054406 0.136820
v -0.152474 0.030468 0.136820
v -0.121485 0.057064 0.136820
v -0.180554 0.066956 0.136820
v -0.175012 0.055909 0.136820
v -0.136942 0.082823 0.136820
v -0.135027 0.076439 0.136820
v -0.189119 0.089078 0.136820
v -0.185388 0.078115 0.136820
v -0.139433 0.095275 0.136820
v -0.138436 0.089054 0.136820
v -0.168529 0.045793 0.136820
v -0.160891 0.037381 0.136820
v -0.132552 0.070027 0.136820
v -0.128896 0.063767 0.136820
v 0.018168 0.015056 0.136820
v 0.018168 -0.088172 0.136820
v 0.074317 -0.088172 0.136820
v 0.067164 0.147418 0.136820
v 0.068528 0.182444 0.136820
v 0.018168 0.182555 0.136820
v 0.018168 0.138444 0.136820
v 0.067164 0.054394 0.136820
v 0.117371 0.144371 0.136820
v 0.117461 0.181831 0.136820
v 0.101622 0.182451 0.136820
v 0.109560 0.147418 0.136820
v 0.136816 0.107587 0.136820
v 0.188198 0.110536 0.136820
v 0.186304 0.121765 0.136820
v 0.123269 0.140802 0.136820
v 0.168778 0.157229 0.136820
v 0.158719 0.167279 0.136820
v 0.132587 0.128714 0.136820
v 0.134325 0.123677 0.136820
v 0.182444 0.133620 0.136820
v 0.176635 0.145685 0.136820
v 0.135547 0.118462 0.136820
v 0.136353 0.113181 0.136820
v 0.127326 0.137208 0.136820
v 0.130285 0.133259 0.136820
v 0.146555 0.174825 0.136820
v 0.132648 0.179448 0.136820
v 0.136886 0.101535 0.136820
v 0.188139 0.099800 0.136820
v 0.018168 0.069579 0.136820
v 0.075481 0.013206 0.136820
v 0.143314 -0.070662 0.136820
v 0.150348 -0.088172 0.136820
v 0.209711 -0.088172 0.136820
v 0.208878 -0.070662 0.136820
v 0.140487 0.024909 0.136820
v 0.087090 0.013943 0.136820
v 0.109335 0.054406 0.136820
v 0.072269 0.054406 0.136820
v 0.149487 0.030468 0.136820
v 0.118498 0.057064 0.136820
v 0.172026 0.055909 0.136820
v 0.177567 0.066956 0.136820
v 0.133956 0.082823 0.136820
v 0.132040 0.076439 0.136820
v 0.182402 0.078115 0.136820
v 0.186133 0.089078 0.136820
v 0.136446 0.095275 0.136820
v 0.135450 0.089054 0.136820
v 0.157904 0.037381 0.136820
v 0.165542 0.045793 0.136820
v 0.129565 0.070027 0.136820
v 0.125910 0.063767 0.136820
v 0.295485 -0.016854 0.136820
v 0.293103 -0.088172 0.136820
v 0.257081 -0.088172 0.136820
v 0.257081 0.021938 0.136820
v 0.257081 0.114799 0.136820
v 0.293103 0.114799 0.136820
v 0.294509 0.021938 0.136820
v 0.257081 0.019256 0.136820
v 0.297273 -0.010985 0.136820
v 0.257081 -0.016854 0.136820
v 0.257081 -0.010985 0.136820
v 0.296322 0.019256 0.136820
v 0.316552 0.032386 0.136820
v 0.316358 0.001196 0.136820
v 0.308449 -0.000103 0.136820
v 0.301563 0.022961 0.136820
v 0.301471 -0.004874 0.136820
v 0.308978 0.028693 0.136820
v 0.332829 0.033762 0.136820
v 0.329353 -0.000122 0.136820
v 0.323235 0.001010 0.136820
v 0.323079 0.033623 0.136820
v 0.361047 0.021301 0.136820
v 0.334970 -0.004687 0.136820
v 0.332998 -0.002023 0.136820
v 0.347569 0.030286 0.136820
v 0.376122 -0.013118 0.136820
v 0.336417 -0.013118 0.136820
v 0.336234 -0.008629 0.136820
v 0.371130 0.007345 0.136820
v 0.376122 -0.088172 0.136820
v 0.337628 -0.088172 0.136820
v 0.668467 -0.016854 0.136820
v 0.666085 -0.088172 0.136820
v 0.630063 -0.088172 0.136820
v 0.630063 0.021938 0.136820
v 0.630063 0.114799 0.136820
v 0.666085 0.114799 0.136820
v 0.667491 0.021938 0.136820
v 0.630063 0.019256 0.136820
v 0.670255 -0.010985 0.136820
v 0.630063 -0.016854 0.136820
v 0.630063 -0.010985 0.136820
v 0.669304 0.019256 0.136820
v 0.689534 0.032386 0.136820
v 0.689340 0.001196 0.136820
v 0.681431 -0.000103 0.136820
v 0.674545 0.022961 0.136820
v 0.674453 -0.004874 0.136820
v 0.681960 0.028693 0.136820
v 0.705811 0.033762 0.136820
v 0.702335 -0.000122 0.136820
v 0.696217 0.001010 0.136820
v 0.696061 0.033623 0.136820
v 0.734029 0.021301 0.136820
v 0.707952 -0.004687 0.136820
v 0.705980 -0.002023 0.136820
v 0.720551 0.030286 0.136820
v 0.749104 -0.013118 0.136820
v 0.709399 -0.013118 0.136820
v 0.709307 -0.010874 0.136820
v 0.709216 -0.008629 0.136820
v 0.744112 0.007345 0.136820
v 0.747813 -0.002229 0.136820
v 0.749104 -0.088172 0.136820
v 0.710610 -0.088172 0.136820
v 0.448060 -0.146577 0.136820
v 0.444842 -0.151639 0.136820
v 0.400066 -0.151639 0.136820
v 0.466105 -0.025584 0.136820
v 0.488529 0.033999 0.136820
v 0.522058 0.013730 0.136820
v 0.497928 -0.038029 0.136820
v 0.434711 -0.057606 0.136820
v 0.484506 -0.066752 0.136820
v 0.473872 -0.089512 0.136820
v 0.406273 -0.141671 0.136820
v 0.434851 -0.081337 0.136820
v 0.427320 -0.049999 0.136820
v 0.456553 -0.025280 0.136820
v 0.388930 0.032606 0.136820
v 0.428185 0.032606 0.136820
v 0.442369 0.003663 0.136820
v 0.408125 -0.008697 0.136820
v 0.449665 -0.143029 0.136820
v 0.399739 -0.145670 0.136820
v 0.530367 0.034067 0.136820
v 0.530259 0.013730 0.136820
v 0.587065 0.001541 0.136820
v 0.587065 -0.051049 0.136820
v 0.548782 -0.055436 0.136820
v 0.548109 0.034067 0.136820
v 0.548782 0.076155 0.136820
v 0.587065 0.076155 0.136820
v 0.592395 -0.054882 0.136820
v 0.564868 -0.085221 0.136820
v 0.554993 -0.073203 0.136820
v 0.589716 -0.053221 0.136820
v 0.603988 -0.055600 0.136820
v 0.614551 -0.086836 0.136820
v 0.601572 -0.090457 0.136820
v 0.595240 -0.055909 0.136820
v 0.575875 -0.091401 0.136820
v 0.588243 -0.092605 0.136820
v 0.601118 -0.056003 0.136820
v 0.598182 -0.056192 0.136820
v 0.587065 0.034067 0.136820
v 0.547213 0.001541 0.136820
v 0.610044 0.033581 0.136820
v 0.610044 0.001513 0.136820
v 0.591265 0.001541 0.136820
v 0.591265 0.034067 0.136820
v 0.530298 0.002755 0.136820
v 0.531215 0.001541 0.136820
v 0.816186 -0.003805 0.136820
v 0.812604 -0.088172 0.136820
v 0.772437 -0.088172 0.136820
v 0.773325 0.018706 0.136820
v 0.773401 0.027785 0.136820
v 0.812845 0.028311 0.136820
v 0.776656 0.032517 0.136820
v 0.811037 0.033043 0.136820
v 0.813940 0.019190 0.136820
v 0.818635 -0.000547 0.136820
v 0.773135 -0.004112 0.136820
v 0.773171 0.000272 0.136820
v 0.821381 0.021652 0.136820
v 0.822560 0.001280 0.136820
v 0.848389 0.034404 0.136820
v 0.844580 0.001244 0.136820
v 0.840058 0.002423 0.136820
v 0.827798 0.027057 0.136820
v 0.827619 0.002318 0.136820
v 0.833817 0.002568 0.136820
v 0.840577 0.033762 0.136820
v 0.834262 0.031458 0.136820
v 0.891946 -0.007730 0.136820
v 0.848822 -0.007372 0.136820
v 0.848652 -0.005572 0.136820
v 0.859117 0.032485 0.136820
v 0.847082 -0.000923 0.136820
v 0.848482 -0.003773 0.136820
v 0.881862 0.016423 0.136820
v 0.871080 0.027166 0.136820
v 0.891065 -0.088172 0.136820
v 0.848822 -0.088172 0.136820
v 0.848822 -0.012840 0.136820
v 0.891065 -0.012840 0.136820
v 0.898342 -0.000807 0.136820
v 0.891770 0.018838 0.136820
v 0.894525 -0.003727 0.136820
v 0.886886 0.016933 0.136820
v 0.916283 0.000581 0.136820
v 0.914973 0.031830 0.136820
v 0.910192 0.001235 0.136820
v 0.896963 0.022051 0.136820
v 0.923671 -0.004804 0.136820
v 0.945575 0.026435 0.136820
v 0.920864 -0.001478 0.136820
v 0.930460 0.032389 0.136820
v 0.925491 -0.013274 0.136820
v 0.965418 -0.013274 0.136820
v 0.925224 -0.008913 0.136820
v 0.958937 0.011257 0.136820
v 0.927500 -0.088172 0.136820
v 0.965418 -0.088172 0.136820
v 0.903777 0.000791 0.136820
v 0.901884 0.026984 0.136820
v 0.077124 0.134129 0.113539
v 0.077124 0.067684 0.113539
v 0.107407 0.134129 0.113539
v 0.117199 0.129403 0.113539
v 0.112986 0.131953 0.113539
v 0.125096 0.117171 0.113539
v 0.123855 0.120769 0.113539
v 0.126545 0.109674 0.113539
v 0.125969 0.113446 0.113539
v 0.122211 0.124015 0.113539
v 0.120097 0.126836 0.113539
v 0.126925 0.101356 0.113539
v 0.126875 0.105678 0.113539
v 0.080771 0.067692 0.113539
v 0.107246 0.067692 0.113539
v 0.113791 0.069591 0.113539
v 0.123465 0.083429 0.113539
v 0.124833 0.087989 0.113539
v 0.125900 0.092440 0.113539
v 0.126612 0.096884 0.113539
v 0.119086 0.074378 0.113539
v 0.121697 0.078850 0.113539
v -0.122072 0.074378 0.113539
v -0.124683 0.078850 0.113539
v -0.128886 0.092440 0.113539
v -0.129598 0.096884 0.113539
v -0.126451 0.083429 0.113539
v -0.127819 0.087989 0.113539
v -0.116778 0.069591 0.113539
v -0.083757 0.067692 0.113539
v -0.110233 0.067692 0.113539
v -0.129912 0.101356 0.113539
v -0.129862 0.105678 0.113539
v -0.125197 0.124015 0.113539
v -0.123084 0.126836 0.113539
v -0.129532 0.109674 0.113539
v -0.128956 0.113446 0.113539
v -0.128083 0.117171 0.113539
v -0.126842 0.120769 0.113539
v -0.120185 0.129403 0.113539
v -0.115973 0.131953 0.113539
v -0.110394 0.134129 0.113539
v -0.080111 0.134129 0.113539
v -0.080111 0.067684 0.113539
v -0.312755 -0.060549 0.113539
v -0.318417 -0.060095 0.113539
v -0.338558 -0.039362 0.113539
v -0.338877 -0.034745 0.113539
v -0.323864 -0.058686 0.113539
v -0.328799 -0.056250 0.113539
v -0.328797 -0.004203 0.113539
v -0.332874 -0.007625 0.113539
v -0.335841 -0.011804 0.113539
v -0.337665 -0.016396 0.113539
v -0.338558 -0.021091 0.113539
v -0.318417 -0.000358 0.113539
v -0.323863 -0.001767 0.113539
v -0.312755 0.000096 0.113539
v -0.338877 -0.025708 0.113539
v -0.338941 -0.030226 0.113539
v -0.292634 -0.007625 0.113539
v -0.296711 -0.004203 0.113539
v -0.289670 -0.011803 0.113539
v -0.286952 -0.021091 0.113539
v -0.287846 -0.016395 0.113539
v -0.301646 -0.001766 0.113539
v -0.307093 -0.000358 0.113539
v -0.286569 -0.030226 0.113539
v -0.286633 -0.025708 0.113539
v -0.296711 -0.056250 0.113539
v -0.292634 -0.052827 0.113539
v -0.289670 -0.048650 0.113539
v -0.287846 -0.044058 0.113539
v -0.286952 -0.039362 0.113539
v -0.307093 -0.060095 0.113539
v -0.301646 -0.058686 0.113539
v -0.286633 -0.034745 0.113539
v -0.332876 -0.052827 0.113539
v -0.335840 -0.048650 0.113539
v -0.337664 -0.044058 0.113539
v -0.312755 -0.030226 0.107904
v -0.307093 -0.030226 0.107904
v -0.301646 -0.030226 0.107904
v -0.296711 -0.030226 0.107904
v -0.292634 -0.030226 0.107904
v -0.289670 -0.030226 0.107904
v -0.287846 -0.030226 0.107904
v -0.286952 -0.030226 0.107904
v -0.318417 -0.030226 0.113539
v -0.318417 -0.030226 0.107904
v -0.323863 -0.030227 0.107904
v -0.328798 -0.030226 0.107904
v -0.332875 -0.030226 0.107904
v -0.335841 -0.030227 0.107904
v -0.337664 -0.030227 0.107904
v -0.338558 -0.030227 0.107904
v -0.312755 -0.030226 0.113539
v -0.307093 -0.030226 0.113539
v -0.301646 -0.030226 0.113539
v -0.296711 -0.030226 0.113539
v -0.292634 -0.030226 0.113539
v -0.289670 -0.030226 0.113539
v -0.287846 -0.030226 0.113539
v -0.286952 -0.030226 0.113539
v -0.323863 -0.030227 0.113539
v -0.328798 -0.030226 0.113539
v -0.332875 -0.030226 0.113539
v -0.335841 -0.030227 0.113539
v -0.337664 -0.030227 0.113539
v -0.338558 -0.030227 0.113539
v -0.468102 -0.160432 0.050111
v -0.389728 0.285523 0.050112
v 0.000000 -0.512242 0.050111
v 0.000000 0.552369 0.050112
v -0.225980 0.285523 0.050112
v -0.225980 -0.219647 0.050111
v -0.058587 -0.219647 0.050111
v -0.058587 0.483187 0.050112
v -0.300796 0.285523 0.050112
v -0.318687 -0.219647 0.050111
v -0.312323 0.140202 0.050111
v -0.357372 0.102375 0.050111
v -0.270507 -0.066092 0.050111
v -0.345262 0.285523 0.050112
v -0.343000 -0.183320 0.050111
v -0.414872 0.301581 0.050112
v 0.000000 0.568427 0.050112
v -0.225980 0.301581 0.050112
v -0.058587 0.499245 0.050112
v -0.300796 0.301581 0.050112
v -0.345262 0.301581 0.050112
v -0.511157 -0.164625 0.050111
v -0.329501 0.140202 0.050111
v -0.374550 0.102375 0.050111
v -0.292641 -0.066092 0.050111
v -0.225980 -0.233918 0.050111
v -0.071801 -0.233918 0.050111
v -0.318687 -0.235467 0.050111
v -0.343000 -0.199140 0.050111
v 0.000000 -0.547919 0.050111
v -0.430113 -0.154190 0.110111
v -0.358100 0.270466 0.110112
v 0.000000 -0.469043 0.110111
v 0.000000 0.522545 0.110112
v -0.207641 0.270466 0.110112
v -0.207641 -0.205238 0.110111
v -0.042624 -0.205238 0.110111
v -0.059437 0.454569 0.110112
v -0.276385 0.270466 0.110112
v -0.302352 -0.205238 0.110111
v -0.286977 0.138859 0.110111
v 0.000000 0.263925 0.110111
v -0.207641 0.138859 0.110112
v -0.053833 0.263925 0.110111
v -0.259026 0.138859 0.110112
v -0.336216 0.100178 0.110111
v 0.000000 0.202404 0.110111
v -0.202685 0.100178 0.110111
v -0.053833 0.202404 0.110111
v -0.258218 0.100178 0.110111
v -0.248493 -0.069113 0.110111
v 0.000000 -0.056775 0.110111
v -0.172496 -0.064780 0.110111
v -0.053833 -0.056775 0.110111
v -0.220068 -0.067492 0.110111
v -0.317243 0.270466 0.110112
v -0.324691 -0.171859 0.110111
v -0.273001 0.138859 0.110112
v -0.297217 0.100178 0.110111
v -0.234281 -0.068302 0.110111
v 0.468102 -0.160432 0.050111
v 0.389728 0.285523 0.050112
v 0.225980 0.285523 0.050112
v 0.225980 -0.219647 0.050111
v 0.058587 -0.219647 0.050111
v 0.058587 0.483187 0.050112
v 0.300796 0.285523 0.050112
v 0.318687 -0.219647 0.050111
v 0.312323 0.140202 0.050111
v 0.357372 0.102375 0.050111
v 0.270507 -0.066092 0.050111
v 0.345262 0.285523 0.050112
v 0.343000 -0.183320 0.050111
v 0.414872 0.301581 0.050112
v 0.225980 0.301581 0.050112
v 0.058587 0.499245 0.050112
v 0.300796 0.301581 0.050112
v 0.345262 0.301581 0.050112
v 0.511157 -0.164625 0.050111
v 0.329501 0.140202 0.050111
v 0.374550 0.102375 0.050111
v 0.292641 -0.066092 0.050111
v 0.225980 -0.233918 0.050111
v 0.071801 -0.233918 0.050111
v 0.318687 -0.235467 0.050111
v 0.343000 -0.199140 0.050111
v 0.430113 -0.154190 0.110111
v 0.358100 0.270466 0.110112
v 0.207641 0.270466 0.110112
v 0.207641 -0.205238 0.110111
v 0.042624 -0.205238 0.110111
v 0.059437 0.454569 0.110112
v 0.276385 0.270466 0.110112
v 0.302352 -0.205238 0.110111
v 0.286977 0.138859 0.110111
v 0.207641 0.138859 0.110112
v 0.053833 0.263925 0.110111
v 0.259026 0.138859 0.110112
v 0.336216 0.100178 0.110111
v 0.202685 0.100178 0.110111
v 0.053833 0.202404 0.110111
v 0.258218 0.100178 0.110111
v 0.248493 -0.069113 0.110111
v 0.172496 -0.064780 0.110111
v 0.053833 -0.056775 0.110111
v 0.220068 -0.067492 0.110111
v 0.317243 0.270466 0.110112
v 0.324691 -0.171859 0.110111
v 0.273001 0.138859 0.110112
v 0.297217 0.100178 0.110111
v 0.234281 -0.068302 0.110111
v -0.468102 -0.160432 0.030111
v -0.389728 0.285523 0.030112
v 0.000000 -0.512242 0.030111
v 0.000000 0.552369 0.030112
v -0.225980 0.285523 0.030112
v -0.225980 -0.219647 0.030111
v -0.058587 -0.219647 0.030111
v -0.058587 0.483187 0.030112
v -0.300796 0.285523 0.030112
v -0.318687 -0.219647 0.030111
v -0.312323 0.140202 0.030111
v -0.357372 0.102375 0.030111
v -0.270507 -0.066092 0.030111
v -0.345262 0.285523 0.030112
v -0.343000 -0.183320 0.030111
v -0.414872 0.301581 0.030112
v 0.000000 0.568427 0.030112
v -0.225980 0.301581 0.030112
v -0.058587 0.499245 0.030112
v -0.300796 0.301581 0.030112
v -0.345262 0.301581 0.030112
v -0.511157 -0.164625 0.030111
v -0.329501 0.140202 0.030111
v -0.374550 0.102375 0.030111
v -0.292641 -0.066092 0.030111
v -0.225980 -0.233918 0.030111
v -0.071801 -0.233918 0.030111
v -0.318687 -0.235467 0.030111
v -0.343000 -0.199140 0.030111
v 0.000000 -0.547919 0.030111
v -0.430113 -0.154190 0.090111
v -0.358100 0.270466 0.090112
v 0.000000 -0.469043 0.090111
v 0.000000 0.522545 0.090112
v -0.207641 0.270466 0.090112
v -0.207641 -0.205238 0.090111
v -0.042624 -0.205238 0.090111
v -0.059437 0.454569 0.090112
v -0.276385 0.270466 0.090112
v -0.302352 -0.205238 0.090111
v -0.286977 0.138859 0.090111
v 0.000000 0.263925 0.090112
v -0.207641 0.138859 0.090112
v -0.053833 0.263925 0.090112
v -0.259026 0.138859 0.090112
v -0.336216 0.100178 0.090111
v 0.000000 0.202404 0.090111
v -0.202685 0.100178 0.090111
v -0.053833 0.202404 0.090111
v -0.258218 0.100178 0.090111
v -0.248493 -0.069113 0.090111
v 0.000000 -0.056775 0.090111
v -0.172496 -0.064780 0.090111
v -0.053833 -0.056775 0.090111
v -0.220068 -0.067492 0.090111
v -0.317243 0.270466 0.090112
v -0.324691 -0.171859 0.090111
v -0.273001 0.138859 0.090112
v -0.297217 0.100178 0.090111
v -0.234281 -0.068302 0.090111
v 0.468102 -0.160432 0.030111
v 0.389728 0.285523 0.030112
v 0.225980 0.285523 0.030112
v 0.225980 -0.219647 0.030111
v 0.058587 -0.219647 0.030111
v 0.058587 0.483187 0.030112
v 0.300796 0.285523 0.030112
v 0.318687 -0.219647 0.030111
v 0.312323 0.140202 0.030111
v 0.357372 0.102375 0.030111
v 0.270507 -0.066092 0.030111
v 0.345262 0.285523 0.030112
v 0.343000 -0.183320 0.030111
v 0.414872 0.301581 0.030112
v 0.225980 0.301581 0.030112
v 0.058587 0.499245 0.030112
v 0.300796 0.301581 0.030112
v 0.345262 0.301581 0.030112
v 0.511157 -0.164625 0.030111
v 0.329501 0.140202 0.030111
v 0.374550 0.102375 0.030111
v 0.292641 -0.066092 0.030111
v 0.225980 -0.233918 0.030111
v 0.071801 -0.233918 0.030111
v 0.318687 -0.235467 0.030111
v 0.343000 -0.199140 0.030111
v 0.430113 -0.154190 0.090111
v 0.358100 0.270466 0.090112
v 0.207641 0.270466 0.090112
v 0.207641 -0.205238 0.090111
v 0.042624 -0.205238 0.090111
v 0.059437 0.454569 0.090112
v 0.276385 0.270466 0.090112
v 0.302352 -0.205238 0.090111
v 0.286977 0.138859 0.090111
v 0.207641 0.138859 0.090112
v 0.053833 0.263925 0.090112
v 0.259026 0.138859 0.090112
v 0.336216 0.100178 0.090111
v 0.202685 0.100178 0.090111
v 0.053833 0.202404 0.090111
v 0.258218 0.100178 0.090111
v 0.248493 -0.069113 0.090111
v 0.172496 -0.064780 0.090111
v 0.053833 -0.056775 0.090111
v 0.220068 -0.067492 0.090111
v 0.317243 0.270466 0.090112
v 0.324691 -0.171859 0.090111
v 0.273001 0.138859 0.090112
v 0.297217 0.100178 0.090111
v 0.234281 -0.068302 0.090111
v -0.568929 -0.516961 0.000000
v -0.519633 0.558002 -0.000000
v -0.000000 -0.556131 -0.000000
v 0.000000 0.313422 0.000000
v -0.459966 0.558002 0.000000
v -0.333848 -0.281022 0.000000
v -0.274321 -0.281022 0.000000
v -0.230982 0.324138 0.000000
v -0.211008 -0.218962 0.000000
v -0.170979 0.400546 0.000000
v -0.139688 -0.301110 0.000000
v -0.157447 0.389325 0.000000
v -0.132126 -0.333091 0.000000
v -0.130903 0.417615 0.000000
v -0.087552 -0.359813 0.000000
v -0.110425 0.567260 0.000000
v -0.067655 -0.538291 0.000000
v -0.076200 0.562629 0.000000
v -0.020324 -0.553081 0.000000
v -0.027004 0.319440 0.000000
v -0.519633 0.525275 0.000000
v -0.311862 0.320066 0.000000
v -0.076200 0.562629 -0.018385
v -0.334903 0.297231 0.000000
v -0.067655 -0.538291 -0.018385
v -0.498288 0.373065 -0.000000
v -0.110425 0.567260 -0.018385
v -0.488745 0.287179 -0.000000
v -0.533568 0.308578 -0.000000
v -0.533568 0.284576 -0.000000
v -0.502626 0.254790 -0.000000
v -0.550919 0.254790 -0.000000
v -0.501180 0.196954 -0.000000
v -0.544268 0.196954 -0.000000
v -0.387976 -0.034462 -0.000000
v -0.487277 -0.127719 -0.000000
v -0.527254 -0.127719 -0.000000
v -0.597212 -0.181853 -0.000000
v -0.597212 -0.316607 -0.000000
v -0.459294 -0.184185 -0.000000
v -0.391833 -0.256143 -0.000000
v -0.351096 0.308544 0.000000
v -0.449898 0.304747 -0.000000
v -0.093312 0.564944 0.000000
v -0.466122 0.081246 -0.000000
v -0.427049 0.023392 -0.000000
v -0.536618 0.573959 -0.000000
v 0.000000 0.329379 0.000000
v -0.459966 0.573959 0.000000
v -0.230982 0.340095 0.000000
v -0.170979 0.416503 0.000000
v -0.157447 0.405282 0.000000
v -0.141161 0.433572 0.000000
v -0.120683 0.583217 0.000000
v -0.065942 0.572837 0.000000
v -0.016746 0.335397 0.000000
v -0.093312 0.580901 0.000000
v -0.536618 0.525275 0.000000
v -0.325322 0.317878 0.000000
v -0.367289 0.319856 -0.000000
v -0.394472 0.284576 -0.000000
v -0.087552 -0.359813 -0.018385
v -0.130903 0.417615 -0.018385
v -0.132126 -0.333091 -0.018385
v -0.526049 0.345304 -0.000000
v -0.157447 0.389325 -0.018385
v -0.368504 0.330533 -0.000000
v -0.352311 0.319220 0.000000
v -0.334903 0.307908 0.000000
v -0.394472 0.298205 -0.000000
v -0.449898 0.321134 -0.000000
v -0.498288 0.393100 -0.000000
v -0.543440 0.346687 -0.000000
v -0.525326 0.318158 -0.000000
v -0.547920 0.317679 -0.000000
v -0.547920 0.276700 -0.000000
v -0.567357 0.254598 -0.000000
v -0.536788 0.268332 -0.000000
v -0.530215 0.210262 -0.000000
v -0.562995 0.196954 -0.000000
v -0.406703 -0.034462 -0.000000
v -0.614996 -0.176046 -0.000000
v -0.484849 0.081246 -0.000000
v -0.445776 0.023392 -0.000000
v -0.487277 -0.108846 -0.000000
v -0.527254 -0.108846 -0.000000
v -0.597212 -0.162981 -0.000000
v -0.614996 -0.333157 -0.000000
v -0.597212 -0.337948 -0.000000
v -0.459294 -0.205526 -0.000000
v -0.614996 -0.354498 -0.000000
v -0.592578 -0.547208 0.000000
v -0.414878 -0.254270 -0.000000
v -0.000000 -0.578709 -0.000000
v -0.333848 -0.303600 0.000000
v -0.274321 -0.303600 0.000000
v -0.211008 -0.241539 0.000000
v -0.151302 -0.311348 0.000000
v -0.143740 -0.343329 0.000000
v -0.100618 -0.372228 0.000000
v -0.087021 -0.547771 0.000000
v -0.020324 -0.575658 0.000000
v -0.459398 0.543667 0.030000
v -0.502516 0.543667 0.030000
v -0.019171 -0.533169 0.030000
v -0.000000 -0.535722 0.030000
v -0.226236 0.306050 0.030000
v -0.521085 -0.458603 0.030000
v -0.333620 -0.265148 0.030000
v -0.273489 -0.264750 0.030000
v -0.169639 0.378119 0.030000
v -0.211379 -0.202866 0.030000
v -0.156876 0.367535 0.030000
v -0.128887 -0.292304 0.030000
v -0.123470 0.394219 0.030000
v -0.121755 -0.322469 0.030000
v -0.105990 0.550708 0.030000
v -0.079712 -0.347674 0.030000
v -0.091919 0.548804 0.030000
v -0.058781 -0.520792 0.030000
v -0.025471 0.301619 0.030000
v -0.077849 0.546900 0.030000
v 0.000000 0.295942 0.030000
v -0.502516 0.520017 0.030000
v -0.334388 0.285830 0.030000
v -0.294712 0.324524 0.030000
v 0.000000 0.222037 0.030000
v -0.450547 0.295444 0.030000
v -0.497331 0.360531 0.030000
v -0.516418 0.341444 0.030000
v -0.472760 0.273870 0.030000
v -0.519875 0.295844 0.030000
v -0.519875 0.278651 0.030000
v -0.483218 0.246727 0.030000
v -0.531813 0.246450 0.030000
v -0.476708 0.188478 0.030000
v -0.521334 0.187282 0.030000
v -0.407583 0.022380 0.030000
v -0.370728 -0.032189 0.030000
v -0.486706 -0.138480 0.030000
v -0.524412 -0.138480 0.030000
v -0.584023 -0.190748 0.030000
v -0.583226 -0.284357 0.030000
v -0.458717 -0.171021 0.030000
v -0.378750 -0.256824 0.030000
v -0.139688 -0.301110 -0.018385
v -0.208447 0.049918 0.030000
v -0.147481 0.047211 0.030000
v -0.138178 0.026836 0.030000
v -0.106573 0.027576 0.030000
v -0.074470 0.347919 0.030000
v -0.024903 0.227461 0.030000
v -0.072689 -0.079746 0.030000
v -0.000000 -0.114148 0.030000
v -0.216170 0.259891 0.030000
v -0.158786 0.318484 0.030000
v -0.146646 0.306136 0.030000
v -0.120425 0.328144 0.030000
v -0.022320 -0.109871 0.030000
v -0.074149 0.270847 0.030000
v -0.274516 0.083960 0.030000
v -0.444437 0.076949 0.030000
v -0.340585 0.118003 0.030000
v -0.366541 0.310233 0.030000
v -0.391206 0.278221 0.030000
v -0.351848 0.299969 0.030000
v -0.170979 0.400546 -0.018385
v 0.568929 -0.516961 0.000000
v 0.519633 0.558002 -0.000000
v 0.459966 0.558002 0.000000
v 0.333848 -0.281022 0.000000
v 0.274321 -0.281022 0.000000
v 0.230982 0.324138 0.000000
v 0.211008 -0.218962 0.000000
v 0.170979 0.400546 0.000000
v 0.139688 -0.301110 0.000000
v 0.157447 0.389325 0.000000
v 0.132126 -0.333091 0.000000
v 0.130903 0.417615 0.000000
v 0.087552 -0.359813 0.000000
v 0.110425 0.567260 0.000000
v 0.067655 -0.538291 0.000000
v 0.076200 0.562629 0.000000
v 0.020324 -0.553081 0.000000
v 0.027004 0.319440 0.000000
v 0.519633 0.525275 0.000000
v 0.311862 0.320066 0.000000
v -0.211008 -0.218962 -0.018385
v 0.334903 0.297231 0.000000
v -0.230982 0.324138 -0.018385
v 0.498288 0.373065 -0.000000
v 0.526049 0.345304 -0.000000
v 0.488745 0.287179 -0.000000
v 0.533568 0.308578 -0.000000
v 0.533568 0.284576 -0.000000
v 0.502626 0.254790 -0.000000
v 0.550919 0.254790 -0.000000
v 0.501180 0.196954 -0.000000
v 0.544268 0.196954 -0.000000
v 0.387976 -0.034462 -0.000000
v 0.487277 -0.127719 -0.000000
v 0.527254 -0.127719 -0.000000
v 0.597212 -0.181853 -0.000000
v 0.597212 -0.316607 -0.000000
v 0.459294 -0.184185 -0.000000
v 0.391833 -0.256143 -0.000000
v -0.274321 -0.281022 -0.018385
v 0.449898 0.304747 -0.000000
v 0.093312 0.564944 0.000000
v 0.466122 0.081246 -0.000000
v 0.427049 0.023392 -0.000000
v 0.536618 0.573959 -0.000000
v 0.459966 0.573959 0.000000
v 0.230982 0.340095 0.000000
v 0.170979 0.416503 0.000000
v 0.157447 0.405282 0.000000
v 0.141161 0.433572 0.000000
v 0.120683 0.583217 0.000000
v 0.065942 0.572837 0.000000
v 0.016746 0.335397 0.000000
v 0.093312 0.580901 0.000000
v 0.536618 0.525275 0.000000
v 0.325322 0.317878 0.000000
v 0.367289 0.319856 -0.000000
v 0.394472 0.284576 -0.000000
v 0.351096 0.308544 0.000000
v -0.333848 -0.281022 -0.018385
v -0.459966 0.558002 -0.018385
v 0.000000 0.313422 -0.018385
v -0.000000 -0.556131 -0.018386
v 0.368504 0.330533 -0.000000
v 0.352311 0.319220 0.000000
v 0.334903 0.307908 0.000000
v 0.394472 0.298205 -0.000000
v 0.449898 0.321134 -0.000000
v 0.498288 0.393100 -0.000000
v 0.543440 0.346687 -0.000000
v 0.525326 0.318158 -0.000000
v 0.547920 0.317679 -0.000000
v 0.547920 0.276700 -0.000000
v 0.567357 0.254598 -0.000000
v 0.536788 0.268332 -0.000000
v 0.530215 0.210262 -0.000000
v 0.562995 0.196954 -0.000000
v 0.406703 -0.034462 -0.000000
v 0.614996 -0.176046 -0.000000
v 0.484849 0.081246 -0.000000
v 0.445776 0.023392 -0.000000
v 0.487277 -0.108846 -0.000000
v 0.527254 -0.108846 -0.000000
v 0.597212 -0.162981 -0.000000
v 0.614996 -0.333157 -0.000000
v 0.597212 -0.337948 -0.000000
v 0.459294 -0.205526 -0.000000
v 0.614996 -0.354498 -0.000000
v 0.592578 -0.547208 0.000000
v 0.414878 -0.254270 -0.000000
v 0.333848 -0.303600 0.000000
v 0.274321 -0.303600 0.000000
v 0.211008 -0.241539 0.000000
v 0.151302 -0.311348 0.000000
v 0.143740 -0.343329 0.000000
v 0.100618 -0.372228 0.000000
v 0.087021 -0.547771 0.000000
v 0.020324 -0.575658 0.000000
v 0.459398 0.543667 0.030000
v 0.502516 0.543667 0.030000
v 0.019171 -0.533169 0.030000
v 0.226236 0.306050 0.030000
v 0.521085 -0.458603 0.030000
v 0.333620 -0.265148 0.030000
v 0.273489 -0.264750 0.030000
v 0.169639 0.378119 0.030000
v 0.211379 -0.202866 0.030000
v 0.156876 0.367535 0.030000
v 0.128887 -0.292304 0.030000
v 0.123470 0.394219 0.030000
v 0.121755 -0.322469 0.030000
v 0.105990 0.550708 0.030000
v 0.079712 -0.347674 0.030000
v 0.091919 0.548804 0.030000
v 0.058781 -0.520792 0.030000
v 0.025471 0.301619 0.030000
v 0.077849 0.546900 0.030000
v 0.502516 0.520017 0.030000
v 0.334388 0.285830 0.030000
v 0.294712 0.324524 0.030000
v 0.450547 0.295444 0.030000
v 0.497331 0.360531 0.030000
v 0.516418 0.341444 0.030000
v 0.472760 0.273870 0.030000
v 0.519875 0.295844 0.030000
v 0.519875 0.278651 0.030000
v 0.483218 0.246727 0.030000
v 0.531813 0.246450 0.030000
v 0.476708 0.188478 0.030000
v 0.521334 0.187282 0.030000
v 0.407583 0.022380 0.030000
v 0.370728 -0.032189 0.030000
v 0.486706 -0.138480 0.030000
v 0.524412 -0.138480 0.030000
v 0.584023 -0.190748 0.030000
v 0.583226 -0.284357 0.030000
v 0.458717 -0.171021 0.030000
v 0.378750 -0.256824 0.030000
v -0.519633 0.558002 -0.018386
v 0.208447 0.049918 0.030000
v 0.147481 0.047211 0.030000
v 0.138178 0.026836 0.030000
v 0.106573 0.027576 0.030000
v 0.074470 0.347919 0.030000
v 0.024903 0.227461 0.030000
v 0.072689 -0.079746 0.030000
v 0.216170 0.259891 0.030000
v 0.158786 0.318484 0.030000
v 0.146646 0.306136 0.030000
v 0.120425 0.328144 0.030000
v 0.022320 -0.109871 0.030000
v 0.074149 0.270847 0.030000
v 0.274516 0.083960 0.030000
v 0.444437 0.076949 0.030000
v 0.340585 0.118003 0.030000
v 0.366541 0.310233 0.030000
v 0.391206 0.278221 0.030000
v 0.351848 0.299969 0.030000
v -0.568929 -0.516961 -0.018385
v -0.020324 -0.553081 -0.018385
v -0.027004 0.319440 -0.018385
v -0.519633 0.525275 -0.018385
v -0.311862 0.320066 -0.018385
v -0.334903 0.297231 -0.018385
v -0.498288 0.373065 -0.018386
v -0.488745 0.287179 -0.018386
v -0.533568 0.308578 -0.018386
v -0.533568 0.284576 -0.018386
v -0.502626 0.254790 -0.018386
v -0.550919 0.254790 -0.018386
v -0.501180 0.196954 -0.018386
v -0.544268 0.196954 -0.018386
v -0.387976 -0.034462 -0.018386
v -0.487277 -0.127719 -0.018386
v -0.527254 -0.127719 -0.018386
v -0.597212 -0.181853 -0.018386
v -0.597212 -0.316607 -0.018386
v -0.459294 -0.184185 -0.018386
v -0.391833 -0.256143 -0.018386
v -0.351096 0.308544 -0.018385
v -0.449898 0.304747 -0.018386
v -0.093312 0.564944 -0.018385
v -0.466122 0.081246 -0.018386
v -0.427049 0.023392 -0.018386
v -0.536618 0.573959 -0.018386
v 0.000000 0.329379 -0.018385
v -0.459966 0.573959 -0.018385
v -0.230982 0.340095 -0.018385
v -0.170979 0.416503 -0.018385
v -0.157447 0.405282 -0.018385
v -0.141161 0.433572 -0.018385
v -0.120683 0.583217 -0.018385
v -0.065942 0.572837 -0.018385
v -0.016746 0.335397 -0.018385
v -0.093312 0.580901 -0.018385
v -0.536618 0.525275 -0.018385
v -0.325322 0.317878 -0.018385
v -0.367289 0.319856 -0.018386
v -0.394472 0.284576 -0.018386
v -0.526049 0.345304 -0.018386
v -0.368504 0.330533 -0.018386
v -0.352311 0.319220 -0.018385
v -0.334903 0.307908 -0.018385
v -0.394472 0.298205 -0.018386
v -0.449898 0.321134 -0.018386
v -0.498288 0.393100 -0.018386
v -0.543440 0.346687 -0.018386
v -0.525326 0.318158 -0.018386
v -0.547920 0.317679 -0.018386
v -0.547920 0.276700 -0.018386
v -0.567357 0.254598 -0.018386
v -0.536788 0.268332 -0.018386
v -0.530215 0.210262 -0.018386
v -0.562995 0.196954 -0.018386
v -0.406703 -0.034462 -0.018386
v -0.614996 -0.176046 -0.018386
v -0.484849 0.081246 -0.018386
v -0.445776 0.023392 -0.018386
v -0.487277 -0.108846 -0.018386
v -0.527254 -0.108846 -0.018386
v -0.597212 -0.162981 -0.018386
v -0.614996 -0.333157 -0.018386
v -0.597212 -0.337948 -0.018386
v -0.459294 -0.205526 -0.018386
v -0.614996 -0.354498 -0.018386
v -0.592578 -0.547208 -0.018385
v -0.414878 -0.254270 -0.018386
v -0.000000 -0.578709 -0.018386
v -0.333848 -0.303600 -0.018385
v -0.274321 -0.303600 -0.018385
v -0.211008 -0.241539 -0.018385
v -0.151302 -0.311348 -0.018385
v -0.143740 -0.343329 -0.018385
v -0.100618 -0.372228 -0.018385
v -0.087021 -0.547771 -0.018385
v -0.020324 -0.575658 -0.018385
v -0.459398 0.543667 0.011615
v -0.502516 0.543667 0.011615
v -0.019171 -0.533169 0.011615
v -0.000000 -0.535722 0.011614
v -0.226236 0.306050 0.011615
v -0.521085 -0.458603 0.011615
v -0.333620 -0.265148 0.011615
v -0.273489 -0.264750 0.011615
v -0.169639 0.378119 0.011615
v -0.211379 -0.202866 0.011615
v -0.156876 0.367535 0.011615
v -0.128887 -0.292304 0.011615
v -0.123470 0.394219 0.011615
v -0.121755 -0.322469 0.011615
v -0.105990 0.550708 0.011615
v -0.079712 -0.347674 0.011615
v -0.091919 0.548804 0.011615
v -0.058781 -0.520792 0.011615
v -0.025471 0.301619 0.011615
v -0.077849 0.546900 0.011615
v 0.000000 0.295942 0.011615
v -0.502516 0.520017 0.011615
v -0.334388 0.285830 0.011615
v -0.294712 0.324524 0.011615
v 0.000000 0.222037 0.011615
v -0.450547 0.295444 0.011614
v -0.497331 0.360531 0.011615
v -0.516418 0.341444 0.011615
v -0.472760 0.273870 0.011614
v -0.519875 0.295844 0.011614
v -0.519875 0.278651 0.011614
v -0.483218 0.246727 0.011614
v -0.531813 0.246450 0.011614
v -0.476708 0.188478 0.011614
v -0.521334 0.187282 0.011614
v -0.407583 0.022380 0.011614
v -0.370728 -0.032189 0.011614
v -0.486706 -0.138480 0.011614
v -0.524412 -0.138480 0.011614
v -0.584023 -0.190748 0.011614
v -0.583226 -0.284357 0.011614
v -0.458717 -0.171021 0.011614
v -0.378750 -0.256824 0.011614
v -0.208447 0.049918 0.011615
v -0.147481 0.047211 0.011615
v -0.138178 0.026836 0.011615
v -0.106573 0.027576 0.011615
v -0.074470 0.347919 0.011615
v -0.024903 0.227461 0.011615
v -0.072689 -0.079746 0.011615
v -0.000000 -0.114148 0.011615
v -0.216170 0.259891 0.011615
v -0.158786 0.318484 0.011615
v -0.146646 0.306136 0.011615
v -0.120425 0.328144 0.011615
v -0.022320 -0.109871 0.011615
v -0.074149 0.270847 0.011615
v -0.274516 0.083960 0.011615
v -0.444437 0.076949 0.011614
v -0.340585 0.118003 0.011615
v -0.366541 0.310233 0.011614
v -0.391206 0.278221 0.011614
v -0.351848 0.299969 0.011615
v 0.568929 -0.516961 -0.018385
v 0.519633 0.558002 -0.018386
v 0.459966 0.558002 -0.018385
v 0.333848 -0.281022 -0.018385
v 0.274321 -0.281022 -0.018385
v 0.230982 0.324138 -0.018385
v 0.211008 -0.218962 -0.018385
v 0.170979 0.400546 -0.018385
v 0.139688 -0.301110 -0.018385
v 0.157447 0.389325 -0.018385
v 0.132126 -0.333091 -0.018385
v 0.130903 0.417615 -0.018385
v 0.087552 -0.359813 -0.018385
v 0.110425 0.567260 -0.018385
v 0.067655 -0.538291 -0.018385
v 0.076200 0.562629 -0.018385
v 0.020324 -0.553081 -0.018385
v 0.027004 0.319440 -0.018385
v 0.519633 0.525275 -0.018385
v 0.311862 0.320066 -0.018385
v 0.334903 0.297231 -0.018385
v 0.498288 0.373065 -0.018386
v 0.526049 0.345304 -0.018386
v 0.488745 0.287179 -0.018386
v 0.533568 0.308578 -0.018386
v 0.533568 0.284576 -0.018386
v 0.502626 0.254790 -0.018386
v 0.550919 0.254790 -0.018386
v 0.501180 0.196954 -0.018386
v 0.544268 0.196954 -0.018386
v 0.387976 -0.034462 -0.018386
v 0.487277 -0.127719 -0.018386
v 0.527254 -0.127719 -0.018386
v 0.597212 -0.181853 -0.018386
v 0.597212 -0.316607 -0.018386
v 0.459294 -0.184185 -0.018386
v 0.391833 -0.256143 -0.018386
v 0.449898 0.304747 -0.018386
v 0.093312 0.564944 -0.018385
v 0.466122 0.081246 -0.018386
v 0.427049 0.023392 -0.018386
v 0.536618 0.573959 -0.018386
v 0.459966 0.573959 -0.018385
v 0.230982 0.340095 -0.018385
v 0.170979 0.416503 -0.018385
v 0.157447 0.405282 -0.018385
v 0.141161 0.433572 -0.018385
v 0.120683 0.583217 -0.018385
v 0.065942 0.572837 -0.018385
v 0.016746 0.335397 -0.018385
v 0.093312 0.580901 -0.018385
v 0.536618 0.525275 -0.018385
v 0.325322 0.317878 -0.018385
v 0.367289 0.319856 -0.018386
v 0.394472 0.284576 -0.018386
v 0.351096 0.308544 -0.018385
v 0.368504 0.330533 -0.018386
v 0.352311 0.319220 -0.018385
v 0.334903 0.307908 -0.018385
v 0.394472 0.298205 -0.018386
v 0.449898 0.321134 -0.018386
v 0.498288 0.393100 -0.018386
v 0.543440 0.346687 -0.018386
v 0.525326 0.318158 -0.018386
v 0.547920 0.317679 -0.018386
v 0.547920 0.276700 -0.018386
v 0.567357 0.254598 -0.018386
v 0.536788 0.268332 -0.018386
v 0.530215 0.210262 -0.018386
v 0.562995 0.196954 -0.018386
v 0.406703 -0.034462 -0.018386
v 0.614996 -0.176046 -0.018386
v 0.484849 0.081246 -0.018386
v 0.445776 0.023392 -0.018386
v 0.487277 -0.108846 -0.018386
v 0.527254 -0.108846 -0.018386
v 0.597212 -0.162981 -0.018386
v 0.614996 -0.333157 -0.018386
v 0.597212 -0.337948 -0.018386
v 0.459294 -0.205526 -0.018386
v 0.614996 -0.354498 -0.018386
v 0.592578 -0.547208 -0.018385
v 0.414878 -0.254270 -0.018386
v 0.333848 -0.303600 -0.018385
v 0.274321 -0.303600 -0.018385
v 0.211008 -0.241539 -0.018385
v 0.151302 -0.311348 -0.018385
v 0.143740 -0.343329 -0.018385
v 0.100618 -0.372228 -0.018385
v 0.087021 -0.547771 -0.018385
v 0.020324 -0.575658 -0.018385
v 0.459398 0.543667 0.011615
v 0.502516 0.543667 0.011615
v 0.019171 -0.533169 0.011615
v 0.226236 0.306050 0.011615
v 0.521085 -0.458603 0.011615
v 0.333620 -0.265148 0.011615
v 0.273489 -0.264750 0.011615
v 0.169639 0.378119 0.011615
v 0.211379 -0.202866 0.011615
v 0.156876 0.367535 0.011615
v 0.128887 -0.292304 0.011615
v 0.123470 0.394219 0.011615
v 0.121755 -0.322469 0.011615
v 0.105990 0.550708 0.011615
v 0.079712 -0.347674 0.011615
v 0.091919 0.548804 0.011615
v 0.058781 -0.520792 0.011615
v 0.025471 0.301619 0.011615
v 0.077849 0.546900 0.011615
v 0.502516 0.520017 0.011615
v 0.334388 0.285830 0.011615
v 0.294712 0.324524 0.011615
v 0.450547 0.295444 0.011614
v 0.497331 0.360531 0.011615
v 0.516418 0.341444 0.011615
v 0.472760 0.273870 0.011614
v 0.519875 0.295844 0.011614
v 0.519875 0.278651 0.011614
v 0.483218 0.246727 0.011614
v 0.531813 0.246450 0.011614
v 0.476708 0.188478 0.011614
v 0.521334 0.187282 0.011614
v 0.407583 0.022380 0.011614
v 0.370728 -0.032189 0.011614
v 0.486706 -0.138480 0.011614
v 0.524412 -0.138480 0.011614
v 0.584023 -0.190748 0.011614
v 0.583226 -0.284357 0.011614
v 0.458717 -0.171021 0.011614
v 0.378750 -0.256824 0.011614
v 0.208447 0.049918 0.011615
v 0.147481 0.047211 0.011615
v 0.138178 0.026836 0.011615
v 0.106573 0.027576 0.011615
v 0.074470 0.347919 0.011615
v 0.024903 0.227461 0.011615
v 0.072689 -0.079746 0.011615
v 0.216170 0.259891 0.011615
v 0.158786 0.318484 0.011615
v 0.146646 0.306136 0.011615
v 0.120425 0.328144 0.011615
v 0.022320 -0.109871 0.011615
v 0.074149 0.270847 0.011615
v 0.274516 0.083960 0.011615
v 0.444437 0.076949 0.011614
v 0.340585 0.118003 0.011615
v 0.366541 0.310233 0.011614
v 0.391206 0.278221 0.011614
v 0.351848 0.299969 0.011615
v 0.451641 -0.114331 0.109028
v -0.451641 -0.114331 0.109028
v 0.317252 -0.207936 0.109028
v -0.317252 -0.207936 0.109028
v 0.417415 -0.123871 0.129028
v -0.417415 -0.123871 0.129028
v 0.308321 -0.198396 0.129028
v -0.308321 -0.198396 0.129028
v -0.009977 -0.152820 0.136203
v -0.014197 -0.153125 0.136203
v -0.017893 -0.153987 0.136203
v -0.003566 -0.155773 0.136203
v -0.018753 -0.159326 0.136203
v -0.022000 -0.160370 0.136203
v -0.003409 -0.160365 0.136203
v -0.015563 -0.163690 0.136203
v -0.019707 -0.163687 0.136203
v -0.022871 -0.164248 0.136203
v -0.020663 -0.167981 0.136203
v -0.012330 -0.171621 0.136203
v -0.023884 -0.168445 0.136203
v -0.024756 -0.172408 0.136203
v -0.023111 -0.158875 0.136203
v -0.020378 -0.150975 0.136203
v -0.001369 -0.149684 0.136203
v 0.000125 -0.156910 0.136203
v -0.000804 -0.166818 0.136203
v -0.006554 -0.175958 0.136203
v -0.016814 -0.176993 0.136203
v -0.027096 -0.172576 0.136203
v -0.024451 -0.165825 0.136203
v -0.017794 -0.147691 0.136203
v -0.003494 -0.147786 0.136203
v -0.000169 -0.152776 0.136203
v -0.000130 -0.161494 0.136203
v -0.002496 -0.172328 0.136203
v -0.012061 -0.177055 0.136203
v -0.027001 -0.174846 0.136203
v -0.026031 -0.169468 0.136203
v -0.025229 -0.158862 0.127676
v -0.022601 -0.149610 0.127676
v -0.015491 -0.144028 0.127676
v 0.002544 -0.155700 0.127676
v 0.001719 -0.166923 0.127676
v -0.015127 -0.179559 0.127676
v -0.024198 -0.179110 0.127676
v -0.026819 -0.166581 0.127676
v -0.024424 -0.154571 0.127676
v -0.001812 -0.144979 0.127676
v 0.002209 -0.150800 0.127676
v 0.002255 -0.161021 0.127676
v -0.009987 -0.179767 0.127676
v -0.028730 -0.170847 0.127676
v -0.025726 -0.162626 0.127676
v -0.004707 -0.151339 0.136203
v -0.021254 -0.156234 0.136203
v -0.010564 -0.158266 0.136203
v -0.014712 -0.159075 0.136203
v -0.010891 -0.162878 0.136203
v -0.021397 -0.172395 0.136203
v -0.011475 -0.166900 0.136203
v -0.005850 -0.170558 0.136203
v -0.017327 -0.172288 0.136203
v -0.016517 -0.167850 0.136203
v -0.004334 -0.165329 0.136203
v -0.014629 -0.146286 0.136203
v -0.006717 -0.146735 0.136203
v -0.024688 -0.176294 0.136203
v -0.022128 -0.155234 0.136203
v -0.010797 -0.146187 0.136203
v -0.020815 -0.176875 0.136203
v -0.023716 -0.162220 0.136203
v -0.005671 -0.143916 0.127676
v 0.000772 -0.147165 0.127676
v -0.004287 -0.178325 0.127676
v -0.029690 -0.174758 0.127676
v -0.019521 -0.145803 0.127676
v -0.010613 -0.143605 0.127676
v -0.000026 -0.173514 0.127676
v -0.019541 -0.179392 0.127676
v -0.028141 -0.177645 0.127676
v -0.083248 -0.181322 0.137890
v -0.082315 -0.176703 0.137890
v -0.083665 -0.172446 0.137890
v -0.085586 -0.169212 0.137890
v -0.090084 -0.167227 0.137890
v -0.092294 -0.181611 0.137890
v -0.092652 -0.177250 0.137890
v -0.095282 -0.173172 0.137890
v -0.096574 -0.169862 0.137890
v -0.099593 -0.167499 0.137890
v -0.100643 -0.181598 0.137890
v -0.102357 -0.177426 0.137890
v -0.105307 -0.173431 0.137890
v -0.107183 -0.170055 0.137890
v -0.108946 -0.167483 0.137890
v -0.117458 -0.170304 0.137890
v -0.125143 -0.178041 0.137890
v -0.126871 -0.171150 0.137890
v -0.115449 -0.177193 0.137890
v -0.118053 -0.167510 0.137890
v -0.120252 -0.180077 0.137890
v -0.126849 -0.174747 0.137890
v -0.126269 -0.168070 0.137890
v -0.116988 -0.173786 0.137890
v -0.111415 -0.179693 0.137890
v -0.096427 -0.166253 0.137890
v -0.081451 -0.166841 0.137890
v -0.075031 -0.171001 0.137890
v -0.074912 -0.177813 0.137890
v -0.079240 -0.187837 0.139841
v -0.103822 -0.188232 0.139841
v -0.113224 -0.181337 0.137890
v -0.128436 -0.180554 0.137890
v -0.134941 -0.176031 0.137890
v -0.132640 -0.169227 0.137890
v -0.124725 -0.166038 0.137890
v -0.111106 -0.165894 0.137890
v -0.088916 -0.166492 0.137890
v -0.076321 -0.168232 0.137890
v -0.074575 -0.174474 0.137890
v -0.076289 -0.180665 0.137890
v -0.091884 -0.188432 0.139841
v -0.104581 -0.182079 0.137890
v -0.120851 -0.181219 0.137890
v -0.133455 -0.179052 0.137890
v -0.134372 -0.172489 0.137890
v -0.129602 -0.166930 0.137890
v -0.118342 -0.165759 0.137890
v -0.103714 -0.166075 0.137890
v -0.079497 -0.165007 0.125988
v -0.072483 -0.170199 0.125988
v -0.072376 -0.178704 0.125988
v -0.077926 -0.190917 0.124038
v -0.104947 -0.190798 0.124038
v -0.114477 -0.183159 0.125988
v -0.130491 -0.182321 0.125988
v -0.137530 -0.176699 0.125988
v -0.135013 -0.168194 0.125988
v -0.126421 -0.164179 0.125988
v -0.073938 -0.166724 0.125988
v -0.072000 -0.174534 0.125988
v -0.073942 -0.182249 0.125988
v -0.091131 -0.190953 0.124038
v -0.105867 -0.183354 0.125988
v -0.122535 -0.183028 0.125988
v -0.135928 -0.180466 0.125988
v -0.136902 -0.172273 0.125988
v -0.131712 -0.165313 0.125988
v -0.078959 -0.159833 0.137890
v -0.079809 -0.156505 0.137890
v -0.080676 -0.152773 0.137890
v -0.082597 -0.149444 0.137890
v -0.087095 -0.147400 0.137890
v -0.089511 -0.160181 0.137890
v -0.091323 -0.157132 0.137890
v -0.092293 -0.153521 0.137890
v -0.093585 -0.150113 0.137890
v -0.096604 -0.147680 0.137890
v -0.099249 -0.160165 0.137890
v -0.102135 -0.157334 0.137890
v -0.103352 -0.153787 0.137890
v -0.104194 -0.150311 0.137890
v -0.105957 -0.147664 0.137890
v -0.114469 -0.150568 0.137890
v -0.122154 -0.158533 0.137890
v -0.123882 -0.151439 0.137890
v -0.112460 -0.157660 0.137890
v -0.115064 -0.147691 0.137890
v -0.117263 -0.160629 0.137890
v -0.123860 -0.155142 0.137890
v -0.123280 -0.148268 0.137890
v -0.113999 -0.154152 0.137890
v -0.108426 -0.160234 0.137890
v -0.093438 -0.146398 0.137890
v -0.078462 -0.147002 0.137890
v -0.071273 -0.151391 0.137890
v -0.071154 -0.158404 0.137890
v -0.079260 -0.162423 0.137890
v -0.095765 -0.162291 0.137890
v -0.110235 -0.161926 0.137890
v -0.125447 -0.161121 0.137890
v -0.131952 -0.156464 0.137890
v -0.129651 -0.149459 0.137890
v -0.121736 -0.146175 0.137890
v -0.108117 -0.146027 0.137890
v -0.085927 -0.146643 0.137890
v -0.073332 -0.148435 0.137890
v -0.070817 -0.154967 0.137890
v -0.073300 -0.161235 0.137890
v -0.087932 -0.162486 0.137890
v -0.102977 -0.162109 0.137890
v -0.117862 -0.161805 0.137890
v -0.130466 -0.159574 0.137890
v -0.131383 -0.152817 0.137890
v -0.126613 -0.147094 0.137890
v -0.115353 -0.145888 0.137890
v -0.100725 -0.146214 0.137890
v -0.092746 -0.144422 0.125988
v -0.076508 -0.145115 0.125988
v -0.068725 -0.150565 0.125988
v -0.068618 -0.159322 0.125988
v -0.077420 -0.164374 0.125988
v -0.095710 -0.164268 0.125988
v -0.111570 -0.163873 0.125988
v -0.127502 -0.162940 0.125988
v -0.134541 -0.157151 0.125988
v -0.132024 -0.148395 0.125988
v -0.123432 -0.144262 0.125988
v -0.108663 -0.144020 0.125988
v -0.084601 -0.144697 0.125988
v -0.070949 -0.146882 0.125988
v -0.068241 -0.155029 0.125988
v -0.070953 -0.162866 0.125988
v -0.087478 -0.164521 0.125988
v -0.103591 -0.164072 0.125988
v -0.119522 -0.163736 0.125988
v -0.132939 -0.161029 0.125988
v -0.133913 -0.152595 0.125988
v -0.128723 -0.145429 0.125988
v -0.116509 -0.143876 0.125988
v -0.100647 -0.144222 0.125988
v -0.236822 -0.180225 0.137116
v -0.234235 -0.182426 0.137116
v -0.228607 -0.183735 0.137116
v -0.220825 -0.184577 0.137116
v -0.213499 -0.185148 0.137116
v -0.207161 -0.185879 0.137116
v -0.232369 -0.177901 0.137116
v -0.228163 -0.179790 0.137116
v -0.221177 -0.181293 0.137116
v -0.212300 -0.182630 0.137116
v -0.204556 -0.183811 0.137116
v -0.198686 -0.185116 0.137116
v -0.226042 -0.176940 0.137116
v -0.220263 -0.178619 0.137116
v -0.212539 -0.179949 0.137116
v -0.203575 -0.181121 0.137116
v -0.196394 -0.182320 0.137116
v -0.191819 -0.183836 0.137116
v -0.219163 -0.175899 0.137116
v -0.212661 -0.176858 0.137116
v -0.205243 -0.177513 0.137116
v -0.197338 -0.178043 0.137116
v -0.191473 -0.179077 0.137116
v -0.188377 -0.181013 0.137116
v -0.190429 -0.170299 0.137116
v -0.191861 -0.168334 0.137116
v -0.193340 -0.166167 0.137116
v -0.195267 -0.164105 0.137116
v -0.199040 -0.162766 0.137116
v -0.204292 -0.162026 0.137116
v -0.199903 -0.170822 0.137116
v -0.202874 -0.169185 0.137116
v -0.205215 -0.167290 0.137116
v -0.206977 -0.165240 0.137116
v -0.209553 -0.163583 0.137116
v -0.212901 -0.162370 0.137116
v -0.208605 -0.171100 0.137116
v -0.213118 -0.169762 0.137116
v -0.216356 -0.168090 0.137116
v -0.218035 -0.166009 0.137116
v -0.219556 -0.164105 0.137116
v -0.221184 -0.162582 0.137116
v -0.216590 -0.171567 0.137116
v -0.222483 -0.170713 0.137116
v -0.226520 -0.169371 0.137116
v -0.228105 -0.167260 0.137116
v -0.228617 -0.165056 0.137116
v -0.228606 -0.163153 0.137116
v -0.187573 -0.156652 0.137116
v -0.188366 -0.154190 0.137116
v -0.189181 -0.151427 0.137116
v -0.190905 -0.148984 0.137116
v -0.194850 -0.147547 0.137116
v -0.196744 -0.157109 0.137116
v -0.198370 -0.154873 0.137116
v -0.199271 -0.152202 0.137116
v -0.200450 -0.149689 0.137116
v -0.203114 -0.147934 0.137116
v -0.205214 -0.157280 0.137116
v -0.207769 -0.155227 0.137116
v -0.208884 -0.152608 0.137116
v -0.209673 -0.150036 0.137116
v -0.211249 -0.148098 0.137116
v -0.202940 -0.161486 0.137116
v -0.189905 -0.161636 0.137116
v -0.183582 -0.164416 0.137116
v -0.183366 -0.169047 0.137116
v -0.190351 -0.171838 0.137116
v -0.204707 -0.172026 0.137116
v -0.217297 -0.172026 0.137116
v -0.230540 -0.171748 0.137116
v -0.236272 -0.168779 0.137116
v -0.234383 -0.164113 0.137116
v -0.227553 -0.161811 0.137116
v -0.215711 -0.161486 0.137116
v -0.196403 -0.161523 0.137116
v -0.185421 -0.162497 0.137116
v -0.183128 -0.166771 0.137116
v -0.185187 -0.170954 0.137116
v -0.197892 -0.172024 0.137116
v -0.210982 -0.172026 0.137116
v -0.223932 -0.172073 0.137116
v -0.234929 -0.170810 0.137116
v -0.235836 -0.166360 0.137116
v -0.231779 -0.162500 0.137116
v -0.222006 -0.161515 0.137116
v -0.209279 -0.161486 0.137116
v -0.218604 -0.150420 0.137116
v -0.188236 -0.160356 0.126763
v -0.181380 -0.163828 0.126763
v -0.181146 -0.169612 0.126763
v -0.188720 -0.173096 0.126763
v -0.225160 -0.156496 0.137116
v -0.226777 -0.151245 0.137116
v -0.232297 -0.172984 0.126763
v -0.238513 -0.169277 0.126763
v -0.236465 -0.163449 0.126763
v -0.229058 -0.160575 0.126763
v -0.216743 -0.155663 0.137116
v -0.219169 -0.148289 0.137116
v -0.183373 -0.161431 0.126763
v -0.180888 -0.166769 0.126763
v -0.183120 -0.171992 0.126763
v -0.220872 -0.157964 0.137116
v -0.226698 -0.154003 0.137116
v -0.226304 -0.148873 0.137116
v -0.237057 -0.171812 0.126763
v -0.238040 -0.166256 0.126763
v -0.233641 -0.161435 0.126763
v -0.218138 -0.153080 0.137116
v -0.213193 -0.157504 0.137116
v -0.206258 -0.174777 0.137116
v -0.193223 -0.174946 0.137116
v -0.186900 -0.178079 0.137116
v -0.186684 -0.183299 0.137116
v -0.193669 -0.186443 0.137116
v -0.208025 -0.186656 0.137116
v -0.220615 -0.186656 0.137116
v -0.233858 -0.186342 0.137116
v -0.239590 -0.182997 0.137116
v -0.237701 -0.177738 0.137116
v -0.230871 -0.175144 0.137116
v -0.219029 -0.174777 0.137116
v -0.199721 -0.174819 0.137116
v -0.188739 -0.175916 0.137116
v -0.186446 -0.180733 0.137116
v -0.188505 -0.185447 0.137116
v -0.201210 -0.186654 0.137116
v -0.214300 -0.186656 0.137116
v -0.227251 -0.186709 0.137116
v -0.238247 -0.185285 0.137116
v -0.239154 -0.180270 0.137116
v -0.235097 -0.175920 0.137116
v -0.225324 -0.174810 0.137116
v 0.007749 -0.169315 0.126763
v 0.000221 -0.178456 0.126813
v -0.003285 -0.187635 0.126763
v 0.005394 -0.191584 0.126763
v 0.016918 -0.190205 0.126763
v 0.027961 -0.184015 0.126763
v 0.034684 -0.173487 0.126763
v 0.037613 -0.159291 0.126763
v 0.035738 -0.146518 0.126763
v 0.026249 -0.144088 0.126763
v 0.015521 -0.147922 0.126763
v 0.010814 -0.159575 0.126763
v 0.005184 -0.173446 0.126763
v -0.003444 -0.183159 0.126763
v 0.000241 -0.190573 0.126763
v 0.011069 -0.191329 0.126763
v 0.022733 -0.187830 0.126763
v 0.032004 -0.179185 0.126763
v 0.036330 -0.166972 0.126763
v 0.037772 -0.151499 0.126763
v 0.031802 -0.144422 0.126763
v 0.020291 -0.145216 0.126763
v 0.012430 -0.152949 0.126763
v 0.009428 -0.165143 0.126763
v 0.010613 -0.169634 0.137116
v 0.004236 -0.177307 0.137116
v -0.001382 -0.184319 0.137116
v 0.004730 -0.188136 0.137116
v 0.015016 -0.187782 0.137116
v 0.024975 -0.182448 0.137116
v 0.031816 -0.173012 0.137116
v 0.034912 -0.160405 0.137116
v 0.033483 -0.148869 0.137116
v 0.025731 -0.146312 0.137116
v 0.017129 -0.149887 0.137116
v 0.013479 -0.160079 0.137116
v 0.007890 -0.173494 0.137116
v 0.000651 -0.180851 0.137116
v 0.000540 -0.186739 0.137116
v 0.009842 -0.188506 0.137116
v 0.020166 -0.185775 0.137116
v 0.028928 -0.178101 0.137116
v 0.033713 -0.167162 0.137116
v 0.035135 -0.153592 0.137116
v 0.030169 -0.146735 0.137116
v 0.021021 -0.147305 0.137116
v 0.014561 -0.154405 0.137116
v 0.012339 -0.165279 0.137116
v 0.026376 -0.176300 0.137116
v 0.014278 -0.177133 0.137116
v 0.002675 -0.181314 0.137116
v 0.010794 -0.182260 0.137116
v 0.022915 -0.181158 0.137116
v 0.006992 -0.176812 0.137116
v 0.019561 -0.177262 0.137116
v 0.006013 -0.181916 0.137116
v 0.016400 -0.182176 0.137116
v 0.010285 -0.176771 0.137116
v 0.010800 -0.172270 0.137116
v 0.014027 -0.171748 0.137116
v 0.017963 -0.171882 0.137116
v 0.023356 -0.171647 0.137116
v 0.029610 -0.170079 0.137116
v 0.013175 -0.167512 0.137116
v 0.016555 -0.165731 0.137116
v 0.021062 -0.164872 0.137116
v 0.026564 -0.164005 0.137116
v 0.031479 -0.162200 0.137116
v 0.014349 -0.161618 0.137116
v 0.017583 -0.157936 0.137116
v 0.022227 -0.155996 0.137116
v 0.027391 -0.154895 0.137116
v 0.031562 -0.153852 0.137116
v -0.212597 -0.174777 0.137116
v -0.204987 -0.173312 0.126763
v -0.191554 -0.173504 0.126763
v -0.184698 -0.177416 0.126763
v -0.184464 -0.183935 0.126763
v -0.192038 -0.187862 0.126763
v -0.207604 -0.188127 0.126763
v -0.221256 -0.188127 0.126763
v -0.235615 -0.187735 0.126763
v -0.241831 -0.183557 0.126763
v -0.239783 -0.176990 0.126763
v -0.232376 -0.173751 0.126763
v -0.218737 -0.173312 0.126763
v -0.197748 -0.173337 0.126763
v -0.186692 -0.174715 0.126763
v -0.184206 -0.180731 0.126763
v -0.186438 -0.186617 0.126763
v -0.200215 -0.188125 0.126763
v -0.214408 -0.188127 0.126763
v -0.228451 -0.188193 0.126763
v -0.240375 -0.186415 0.126763
v -0.241358 -0.180153 0.126763
v -0.236959 -0.174719 0.126763
v -0.225747 -0.173362 0.126763
v -0.211826 -0.173312 0.126763
v -0.200382 -0.146919 0.137116
v -0.187348 -0.147088 0.137116
v -0.181025 -0.150221 0.137116
v -0.180809 -0.155441 0.137116
v -0.187794 -0.158586 0.137116
v -0.202150 -0.158798 0.137116
v -0.214740 -0.158798 0.137116
v -0.227982 -0.158485 0.137116
v -0.233714 -0.155139 0.137116
v -0.231825 -0.149880 0.137116
v -0.224995 -0.147286 0.137116
v -0.213154 -0.146919 0.137116
v -0.193845 -0.146961 0.137116
v -0.182863 -0.148059 0.137116
v -0.180571 -0.152875 0.137116
v -0.182629 -0.157589 0.137116
v -0.195335 -0.158796 0.137116
v -0.208424 -0.158798 0.137116
v -0.221375 -0.158851 0.137116
v -0.232372 -0.157427 0.137116
v -0.233278 -0.152413 0.137116
v -0.229222 -0.148062 0.137116
v -0.219448 -0.146952 0.137116
v -0.206722 -0.146919 0.137116
v -0.199812 -0.145435 0.126763
v -0.185679 -0.145646 0.126763
v -0.178822 -0.149558 0.126763
v -0.178588 -0.156077 0.126763
v -0.186162 -0.160004 0.126763
v -0.202049 -0.160219 0.126763
v -0.215799 -0.160219 0.126763
v -0.229740 -0.159878 0.126763
v -0.235955 -0.155700 0.126763
v -0.233907 -0.149132 0.126763
v -0.226501 -0.145893 0.126763
v -0.213661 -0.145435 0.126763
v -0.192724 -0.145487 0.126763
v -0.180816 -0.146858 0.126763
v -0.178330 -0.152873 0.126763
v -0.180562 -0.158760 0.126763
v -0.194810 -0.160241 0.126763
v -0.208888 -0.160219 0.126763
v -0.222809 -0.160270 0.126763
v -0.234499 -0.158557 0.126763
v -0.235482 -0.152295 0.126763
v -0.231083 -0.146862 0.126763
v -0.220486 -0.145476 0.126763
v -0.206686 -0.145435 0.126763
v 0.117810 -0.146116 0.126763
v 0.103105 -0.146175 0.126763
v 0.091812 -0.148192 0.126763
v 0.087125 -0.156098 0.126763
v 0.088172 -0.165211 0.126763
v 0.100840 -0.167910 0.127162
v 0.133084 -0.167744 0.126763
v 0.145648 -0.165506 0.126763
v 0.148027 -0.156939 0.126763
v 0.145378 -0.148186 0.126763
v 0.132688 -0.146192 0.126763
v 0.110378 -0.146116 0.126763
v 0.096696 -0.146782 0.126763
v 0.088804 -0.151496 0.126763
v 0.086621 -0.161053 0.126763
v 0.093244 -0.167133 0.126763
v 0.128575 -0.167371 0.137116
v 0.139681 -0.167316 0.126763
v 0.147752 -0.161602 0.126763
v 0.147502 -0.152116 0.126763
v 0.140196 -0.146423 0.126763
v 0.125136 -0.146116 0.126763
v 0.117773 -0.148276 0.137116
v 0.104211 -0.148323 0.137116
v 0.093796 -0.149938 0.137116
v 0.089474 -0.156270 0.137116
v 0.090439 -0.163567 0.137116
v 0.102158 -0.165639 0.137116
v 0.115958 -0.165562 0.137116
v 0.129907 -0.165559 0.137116
v 0.143445 -0.163802 0.137116
v 0.145639 -0.156943 0.137116
v 0.143196 -0.149934 0.137116
v 0.131494 -0.148337 0.137116
v 0.110918 -0.148276 0.137116
v 0.098300 -0.148809 0.137116
v 0.091022 -0.152584 0.137116
v 0.089009 -0.160237 0.137116
v 0.095117 -0.165105 0.137116
v 0.105655 -0.165871 0.136269
v 0.122645 -0.165562 0.137116
v 0.137942 -0.165252 0.137116
v 0.145386 -0.160676 0.137116
v 0.145155 -0.153081 0.137116
v 0.138418 -0.148522 0.137116
v 0.124528 -0.148276 0.137116
v 0.109255 -0.164023 0.137116
v 0.105607 -0.157241 0.137116
v 0.096905 -0.151119 0.137116
v 0.096486 -0.158584 0.137116
v 0.102693 -0.164348 0.137116
v 0.104509 -0.150269 0.137116
v 0.107093 -0.161000 0.137116
v 0.096402 -0.154571 0.137116
v 0.098125 -0.162212 0.137116
v 0.105110 -0.153370 0.137116
v 0.112948 -0.149990 0.137116
v 0.114627 -0.152811 0.137116
v 0.115468 -0.156554 0.137116
v 0.116657 -0.160364 0.137116
v 0.119380 -0.163353 0.137116
v 0.121617 -0.149752 0.137116
v 0.124456 -0.152306 0.137116
v 0.125712 -0.155963 0.137116
v 0.126672 -0.159850 0.137116
v 0.128404 -0.163104 0.137116
v 0.130424 -0.149189 0.137116
v 0.134627 -0.151281 0.137116
v 0.136464 -0.154835 0.137116
v 0.137332 -0.158855 0.137116
v 0.138177 -0.162438 0.137116
v 0.090654 -0.175624 0.127560
v 0.082806 -0.182650 0.127560
v 0.083270 -0.189430 0.127560
v 0.090841 -0.189684 0.127560
v 0.101945 -0.189487 0.127560
v 0.113127 -0.184931 0.127619
v 0.095882 -0.171860 0.127481
v 0.086200 -0.179316 0.127575
v 0.080698 -0.186345 0.127560
v 0.086686 -0.189784 0.127560
v 0.095694 -0.189589 0.127560
v 0.109297 -0.189368 0.127560
v 0.116581 -0.181250 0.127586
v 0.102873 -0.168457 0.134620
v 0.092462 -0.176638 0.134529
v 0.084085 -0.182284 0.136319
v 0.084141 -0.186903 0.136319
v 0.091881 -0.187133 0.136319
v 0.101977 -0.186801 0.136319
v 0.110533 -0.183511 0.134553
v 0.118558 -0.176006 0.134639
v 0.097797 -0.172615 0.136319
v 0.087013 -0.180405 0.134485
v 0.082754 -0.185353 0.136319
v 0.087242 -0.187525 0.136319
v 0.096722 -0.186710 0.136319
v 0.107158 -0.186515 0.134741
v 0.114832 -0.179342 0.136319
v 0.124424 -0.171108 0.136319
v 0.106823 -0.182736 0.136319
v 0.098870 -0.180915 0.136319
v 0.088721 -0.181437 0.136319
v 0.093866 -0.183427 0.136319
v 0.102134 -0.185222 0.136319
v 0.094067 -0.177975 0.136319
v 0.102669 -0.182055 0.136600
v 0.091141 -0.182533 0.136923
v 0.097255 -0.184178 0.136248
v 0.095928 -0.179565 0.136746
v 0.099681 -0.173223 0.136319
v 0.102123 -0.174454 0.136319
v 0.105089 -0.176361 0.136319
v 0.109029 -0.177688 0.136319
v 0.112353 -0.178882 0.136319
v 0.105478 -0.169099 0.136831
v 0.108335 -0.169915 0.137450
v 0.111234 -0.171104 0.137168
v 0.113986 -0.172649 0.137164
v 0.116412 -0.174295 0.136647
v 0.135145 -0.170708 0.127399
v 0.145122 -0.181403 0.127616
v 0.145254 -0.187986 0.127552
v 0.137510 -0.189057 0.127560
v 0.126405 -0.189164 0.127560
v 0.117804 -0.183884 0.127619
v 0.140171 -0.175904 0.127568
v 0.146602 -0.185281 0.127560
v 0.141666 -0.189044 0.127560
v 0.132657 -0.189095 0.127560
v 0.119052 -0.189247 0.127560
v 0.132311 -0.170776 0.133678
v 0.142349 -0.180987 0.136319
v 0.142419 -0.185605 0.136319
v 0.136401 -0.186535 0.136319
v 0.126299 -0.186480 0.136319
v 0.119400 -0.181286 0.133776
v 0.137822 -0.177201 0.135718
v 0.143763 -0.184018 0.136319
v 0.139704 -0.186189 0.136319
v 0.131550 -0.186245 0.136319
v 0.120792 -0.186807 0.132886
v 0.121571 -0.178755 0.136003
v 0.126261 -0.175343 0.136695
v 0.135355 -0.179107 0.136880
v 0.129814 -0.181883 0.136201
v 0.124177 -0.184559 0.135819
v 0.130415 -0.171988 0.136064
v 0.123993 -0.176965 0.136602
v 0.132672 -0.180659 0.136418
v 0.127046 -0.183272 0.136329
v 0.128465 -0.173527 0.136829
v 0.223804 -0.169618 0.127361
v 0.188861 -0.178977 0.127361
v 0.188767 -0.186376 0.127361
v 0.203525 -0.187529 0.127361
v 0.218945 -0.187692 0.126200
v 0.234554 -0.187716 0.126200
v 0.251153 -0.186302 0.126200
v 0.252714 -0.173259 0.126200
v 0.250072 -0.162589 0.126200
v 0.232809 -0.161469 0.126200
v 0.191041 -0.174494 0.127361
v 0.187847 -0.183180 0.127361
v 0.193407 -0.187681 0.127361
v 0.211281 -0.187692 0.126200
v 0.226528 -0.187692 0.126200
v 0.244143 -0.187453 0.126200
v 0.253399 -0.180527 0.126200
v 0.251767 -0.168155 0.126200
v 0.244051 -0.161702 0.126200
v 0.228266 -0.169756 0.126200
v 0.222918 -0.172040 0.137679
v 0.191848 -0.177581 0.135356
v 0.204562 -0.185815 0.137447
v 0.219483 -0.186201 0.137723
v 0.234857 -0.185830 0.137661
v 0.249204 -0.183747 0.137679
v 0.249600 -0.175891 0.137679
v 0.247801 -0.163920 0.137679
v 0.234538 -0.163446 0.137679
v 0.193859 -0.172936 0.135356
v 0.190580 -0.181484 0.135356
v 0.198136 -0.185859 0.136518
v 0.212045 -0.186021 0.137679
v 0.226859 -0.186223 0.137679
v 0.242626 -0.185024 0.137679
v 0.249908 -0.180507 0.137679
v 0.248811 -0.171176 0.137679
v 0.242200 -0.163302 0.137679
v 0.232311 -0.170821 0.137679
v 0.214171 -0.184681 0.137679
v 0.199523 -0.175167 0.136518
v 0.198557 -0.181097 0.136518
v 0.210234 -0.182640 0.137679
v 0.216327 -0.174251 0.137679
v 0.218074 -0.176400 0.137679
v 0.218949 -0.179252 0.137679
v 0.220186 -0.182156 0.137679
v 0.223019 -0.184433 0.137679
v 0.225347 -0.174070 0.137679
v 0.228301 -0.176015 0.137679
v 0.229608 -0.178802 0.137679
v 0.230607 -0.181764 0.137679
v 0.232410 -0.184243 0.137679
v 0.238207 -0.171659 0.137679
v 0.242771 -0.171919 0.137679
v 0.244054 -0.175142 0.137679
v 0.244957 -0.178206 0.137679
v 0.245836 -0.180936 0.137679
v 0.193639 -0.167993 0.128523
v 0.225027 -0.163851 0.128523
v 0.227807 -0.153918 0.128523
v 0.228236 -0.145864 0.128523
v 0.218864 -0.144843 0.128523
v 0.205593 -0.145408 0.128523
v 0.198984 -0.156710 0.128523
v 0.227056 -0.158061 0.128523
v 0.228968 -0.149412 0.128523
v 0.223873 -0.145240 0.128523
v 0.212799 -0.144711 0.128523
v 0.201573 -0.150588 0.128523
v 0.196351 -0.162475 0.128523
v 0.196645 -0.167651 0.135356
v 0.190250 -0.184848 0.135356
v 0.222287 -0.164113 0.135356
v 0.225034 -0.154376 0.135356
v 0.225324 -0.147700 0.135356
v 0.217989 -0.146097 0.135356
v 0.207731 -0.147263 0.135356
v 0.201402 -0.156642 0.135356
v 0.193077 -0.186081 0.135356
v 0.198466 -0.187605 0.127361
v 0.220914 -0.168703 0.135356
v 0.223907 -0.158987 0.135356
v 0.225661 -0.150763 0.135356
v 0.222038 -0.146748 0.135356
v 0.212907 -0.145836 0.135356
v 0.203894 -0.151131 0.135356
v 0.199255 -0.162251 0.135356
v 0.216688 -0.167831 0.135356
v 0.205194 -0.173604 0.135356
v 0.203749 -0.180042 0.135356
v 0.211181 -0.171276 0.135356
v 0.209603 -0.177640 0.135356
v 0.197436 -0.170408 0.135356
v 0.202137 -0.168236 0.135356
v 0.207862 -0.166399 0.135356
v 0.213806 -0.164277 0.135356
v 0.219264 -0.161856 0.135356
v 0.200296 -0.163954 0.135356
v 0.204883 -0.160965 0.135356
v 0.210541 -0.158824 0.135356
v 0.216602 -0.156867 0.135356
v 0.221838 -0.154943 0.135356
v 0.202413 -0.157439 0.135356
v 0.206636 -0.153386 0.135356
v 0.212553 -0.151083 0.135356
v 0.218481 -0.150168 0.135356
v 0.222727 -0.150280 0.135356
v 0.214315 -0.182437 0.137679
v 0.130443 -0.130767 0.137116
v 0.127247 -0.131151 0.137116
v 0.124333 -0.133443 0.137116
v 0.122481 -0.137030 0.137116
v 0.122188 -0.140951 0.137116
v 0.123532 -0.144155 0.137116
v 0.126153 -0.145783 0.137116
v 0.129349 -0.145400 0.137116
v 0.132263 -0.143108 0.137116
v 0.134115 -0.139520 0.137116
v 0.134408 -0.135599 0.137116
v 0.133064 -0.132396 0.137116
v 0.131435 -0.136777 0.137116
v 0.127855 -0.134553 0.137116
v 0.128741 -0.141998 0.137116
v 0.125160 -0.139773 0.137116
v 0.130998 -0.128821 0.126763
v 0.126974 -0.129304 0.126763
v 0.123305 -0.132191 0.126763
v 0.120973 -0.136708 0.126763
v 0.120604 -0.141645 0.126763
v 0.122297 -0.145679 0.126763
v 0.125597 -0.147729 0.126763
v 0.129621 -0.147246 0.126763
v 0.133291 -0.144360 0.126763
v 0.135622 -0.139843 0.126763
v 0.135991 -0.134906 0.126763
v 0.134299 -0.130872 0.126763
v 0.148225 -0.131391 0.137116
v 0.145029 -0.131775 0.137116
v 0.142115 -0.134067 0.137116
v 0.140263 -0.137654 0.137116
v 0.139970 -0.141575 0.137116
v 0.141314 -0.144779 0.137116
v 0.143935 -0.146407 0.137116
v 0.147131 -0.146024 0.137116
v 0.150045 -0.143731 0.137116
v 0.151897 -0.140144 0.137116
v 0.152190 -0.136223 0.137116
v 0.150846 -0.133020 0.137116
v 0.149218 -0.137401 0.137116
v 0.145637 -0.135177 0.137116
v 0.146523 -0.142622 0.137116
v 0.142942 -0.140397 0.137116
v 0.148781 -0.129445 0.126763
v 0.144757 -0.129928 0.126763
v 0.141087 -0.132815 0.126763
v 0.138756 -0.137332 0.126763
v 0.138387 -0.142269 0.126763
v 0.140079 -0.146303 0.126763
v 0.143379 -0.148353 0.126763
v 0.147404 -0.147870 0.126763
v 0.151073 -0.144984 0.126763
v 0.153405 -0.140467 0.126763
v 0.153774 -0.135530 0.126763
v 0.152081 -0.131496 0.126763
vn -0.0000 -1.0000 -0.0000
vn 0.5161 0.8325 0.2013
vn 0.9611 -0.2281 0.1554
vn 0.0354 0.9045 0.4251
vn -0.9282 -0.3244 0.1824
vn -0.5434 0.8321 0.1115
vn -0.0634 0.9845 0.1636
vn 0.7201 -0.6678 0.1883
vn 1.0000 -0.0000 -0.0000
vn -0.0917 -0.9424 0.3216
vn -0.0787 0.9854 0.1511
vn -0.9487 -0.0000 0.3161
vn 0.3332 0.9229 0.1928
vn -0.2438 -0.9505 0.1928
vn 0.0020 0.9030 0.4296
vn 0.2552 -0.9147 0.3133
vn 0.8953 -0.4267 0.1281
vn 0.9266 0.3188 0.1995
vn -0.1582 0.9628 0.2189
vn -0.0000 -0.9002 0.4356
vn 0.6204 0.7571 0.2050
vn 0.6048 -0.7737 0.1889
vn -0.7388 -0.6071 0.2927
vn 0.9329 0.3602 -0.0000
vn -0.0000 0.9831 0.1829
vn 0.9873 0.0378 0.1540
vn -0.7595 -0.4868 0.4315
vn -0.9779 -0.0011 0.2091
vn -0.9806 -0.0000 0.1961
vn 0.9724 0.2332 -0.0000
vn 0.9870 0.0018 0.1606
vn -0.8294 -0.3593 0.4277
vn -0.0016 0.9686 0.2487
vn -0.0000 -0.9879 0.1551
vn -0.0000 0.9822 0.1876
vn 0.9975 0.0700 -0.0000
vn -0.8858 -0.1657 0.4334
vn -0.0000 -0.9663 0.2573
vn 0.8880 -0.4017 0.2238
vn 0.9876 0.0130 0.1566
vn 0.6707 0.7417 -0.0000
vn -0.5193 0.8485 0.1020
vn -0.5697 -0.6936 0.4408
vn 0.6203 0.7725 0.1360
vn -0.9798 -0.0537 0.1924
vn -0.5041 -0.8535 0.1317
vn 0.8636 0.5042 -0.0000
vn -0.6659 -0.6046 0.4371
vn -0.8928 -0.4149 0.1753
vn 0.0686 0.9850 0.1583
vn 0.8830 0.4327 0.1821
vn 0.2998 -0.9339 0.1948
vn 0.9874 0.1582 -0.0000
vn -0.0000 0.9821 0.1886
vn -0.8550 -0.2910 0.4293
vn -0.7102 -0.6901 0.1394
vn -0.9768 -0.0000 0.2142
vn 0.0306 0.9595 0.2799
vn 0.9497 -0.2553 0.1811
vn 0.9578 0.2874 -0.0000
vn -0.8078 -0.4052 0.4282
vn -0.5627 0.8171 0.1254
vn 0.2786 0.9604 -0.0000
vn 0.8832 -0.4127 0.2226
vn 0.7167 -0.6647 0.2112
vn -0.4710 -0.7625 0.4435
vn -0.9812 -0.0058 0.1927
vn -0.0742 0.9865 0.1458
vn -0.2458 -0.9581 0.1469
vn 0.0023 1.0000 -0.0000
vn -0.8898 0.4215 0.1747
vn 0.8790 -0.4442 0.1733
vn -0.0827 -0.8905 0.4474
vn 0.0652 0.9726 0.2231
vn -0.0000 1.0000 -0.0000
vn 0.5688 -0.7942 0.2138
vn 0.8991 -0.3745 0.2266
vn -0.9594 0.0456 0.2783
vn 0.9830 0.0857 0.1623
vn 0.7960 -0.4755 0.3745
vn -0.9246 0.3220 0.2035
vn -0.0000 -0.9790 0.2040
vn -0.8034 0.5749 0.1553
vn 0.8027 -0.5103 0.3086
vn 0.9870 -0.0000 0.1607
vn 0.8586 -0.3433 0.3807
vn -0.9901 -0.0160 0.1397
vn -0.0000 0.9780 0.2085
vn -0.0000 -0.9803 0.1976
vn -0.9707 -0.0111 0.2401
vn -0.0000 -0.9809 0.1948
vn 0.9482 -0.0000 0.3176
vn 0.9803 0.1162 0.1596
vn 0.9807 0.0199 0.1945
vn -0.9391 -0.3010 0.1656
vn 0.5399 0.8099 0.2292
vn -0.4536 -0.8697 0.1949
vn -0.1412 0.8998 0.4128
vn 0.7903 0.5709 0.2225
vn 0.6631 -0.7485 -0.0000
vn -0.9891 -0.0404 0.1417
vn 0.8921 -0.4518 -0.0000
vn 0.2221 0.9419 0.2518
vn -0.9857 0.0913 0.1416
vn -0.4761 0.7674 0.4294
vn -0.7895 -0.5845 0.1874
vn 0.8146 0.5624 0.1417
vn -0.7449 0.5069 0.4338
vn 0.9736 -0.2281 -0.0000
vn -0.0137 0.9676 0.2520
vn -0.0267 -0.9829 0.1823
vn 0.7999 -0.5875 0.1223
vn 0.9966 -0.0824 -0.0000
vn -0.1807 0.9529 0.2434
vn -0.0000 0.9882 0.1532
vn -0.8562 0.2788 0.4350
vn -0.1787 -0.9660 0.1868
vn 0.9999 -0.0116 -0.0000
vn -0.8997 -0.0050 0.4365
vn -0.4278 0.8775 0.2169
vn 0.5560 -0.8132 0.1721
vn -0.5107 -0.8493 0.1341
vn -0.2862 0.8610 0.4204
vn -0.8751 -0.4350 0.2123
vn 0.8002 -0.5997 -0.0000
vn -0.6799 0.7140 0.1672
vn 0.8835 0.4330 0.1785
vn 0.8135 -0.5589 0.1609
vn 0.9885 -0.1509 -0.0000
vn -0.6505 0.7455 0.1452
vn -0.8282 0.5415 0.1444
vn -0.8117 0.3908 0.4340
vn 0.1595 -0.9707 0.1796
vn 0.5353 0.8315 0.1487
vn 0.3635 -0.9316 -0.0000
vn 0.0002 0.9121 0.4100
vn -0.9929 -0.0000 0.1193
vn 0.4860 -0.8640 0.1316
vn 0.9453 -0.3261 -0.0000
vn -0.5706 0.8071 0.1517
vn -0.6370 0.6376 0.4333
vn 0.8064 0.5452 0.2291
vn -0.8178 -0.5619 0.1246
vn 0.5177 -0.8555 -0.0000
vn 0.9819 0.1269 0.1407
vn -0.8872 0.1497 0.4365
vn -0.9588 -0.2661 0.0999
vn 0.9458 -0.2881 0.1500
vn -0.0357 0.9116 0.4094
vn -0.0305 -0.9827 0.1826
vn 0.9936 0.0150 0.1119
vn 0.9511 -0.2468 0.1856
vn -1.0000 -0.0000 -0.0000
vn -0.0000 0.9905 0.1378
vn -0.0000 -0.9823 0.1871
vn -0.9892 -0.0085 0.1461
vn -0.0000 0.9776 0.2103
vn -0.0094 0.9079 0.4191
vn -0.0000 -0.9865 0.1638
vn -0.9853 -0.0000 0.1708
vn 0.9868 -0.0246 0.1599
vn 0.9722 -0.0717 0.2230
vn 0.9657 0.0064 0.2594
vn -0.9894 -0.0852 0.1175
vn -0.9508 -0.0153 0.3095
vn 0.9308 -0.2719 0.2445
vn -0.9459 -0.0975 0.3096
vn -0.0000 -0.9635 0.2677
vn -0.9391 -0.2933 0.1792
vn 0.0799 0.9968 -0.0000
vn 0.9834 0.0615 0.1709
vn -0.6529 -0.6941 0.3032
vn 0.9329 0.2276 0.2791
vn -0.9819 0.0932 0.1647
vn -0.9078 -0.2909 0.3022
vn 0.9287 0.3359 0.1572
vn 0.9976 0.0689 -0.0000
vn 0.5299 0.7950 0.2953
vn -0.8443 -0.4401 0.3058
vn -0.4477 -0.8585 0.2502
vn -0.0000 -0.9776 0.2103
vn 0.7719 0.5576 0.3053
vn -0.9274 0.3145 0.2025
vn 0.4427 0.8967 -0.0000
vn -0.9505 -0.0389 0.3081
vn -0.5195 -0.7991 0.3026
vn -0.0000 -0.9843 0.1764
vn 0.2177 0.9230 0.3172
vn 0.9198 0.3326 0.2081
vn -0.0000 -0.0000 1.0000
vn -0.0001 -0.0000 1.0000
vn -0.0181 0.0139 0.9997
vn -0.9088 -0.2814 0.3079
vn -0.0000 -0.0016 1.0000
vn -0.0007 -0.0012 1.0000
vn 0.0128 0.0200 0.9997
vn -0.0003 -0.0014 1.0000
vn 0.0001 -0.0015 1.0000
vn -0.7692 -0.5695 0.2899
vn 0.0942 0.9797 0.1767
vn 0.9235 0.1558 0.3505
vn 0.0846 -0.9819 0.1695
vn -0.4653 -0.8287 0.3111
vn -0.5177 -0.8555 -0.0000
vn 0.1664 0.9767 0.1355
vn 0.6552 0.6558 0.3749
vn 0.1509 -0.9367 0.3158
vn -0.9453 -0.3261 -0.0000
vn -0.5025 -0.8508 0.1535
vn -0.1143 0.9809 0.1571
vn 0.5553 0.8175 0.1529
vn -0.0002 0.9027 0.4302
vn -0.3635 -0.9316 -0.0000
vn 0.6429 -0.7660 -0.0000
vn -0.9753 -0.0269 0.2193
vn 0.8424 0.4056 0.3548
vn -0.0685 0.9514 0.3003
vn -0.9885 -0.1509 -0.0000
vn 0.9635 -0.0000 0.2677
vn -0.9459 0.0975 0.3096
vn -0.8002 -0.5997 -0.0000
vn 0.8154 -0.5789 -0.0000
vn 0.9864 -0.0132 0.1639
vn 0.2884 0.8677 0.4049
vn -0.7597 0.5748 0.3041
vn -0.0015 -0.9767 0.2146
vn 0.9824 -0.1869 -0.0000
vn -0.0000 -0.9767 0.2148
vn 0.9363 -0.0052 0.3512
vn 0.2505 -0.9681 -0.0000
vn 0.0299 0.9869 0.1585
vn -0.9999 -0.0116 -0.0000
vn -0.3664 0.8801 0.3019
vn 0.8902 0.2899 0.3513
vn -0.0000 0.9686 0.2487
vn -0.9966 -0.0824 -0.0000
vn -0.2119 0.9298 0.3009
vn 0.0800 -0.9968 -0.0000
vn -0.9952 -0.0035 0.0978
vn -0.9736 -0.2281 -0.0000
vn -0.7935 -0.5998 0.1035
vn 0.7705 0.5244 0.3623
vn -0.0658 -0.9833 0.1697
vn 0.9294 -0.3690 -0.0000
vn 0.9877 -0.0387 0.1516
vn 0.4853 0.7822 0.3907
vn 0.9999 -0.0142 -0.0000
vn -0.0000 -0.9880 0.1544
vn -0.8921 -0.4518 -0.0000
vn -0.9088 0.2814 0.3079
vn -0.9847 0.0082 0.1741
vn -0.6631 -0.7485 -0.0000
vn -0.5195 0.7991 0.3026
vn -0.0151 0.9881 0.1533
vn 0.1410 0.8987 0.4152
vn 0.4427 -0.8967 -0.0000
vn 0.9279 0.3547 0.1153
vn -0.9280 0.3013 0.2192
vn -0.8443 0.4401 0.3058
vn 0.9976 -0.0689 -0.0000
vn 0.9650 0.0062 0.2622
vn -0.6529 0.6941 0.3032
vn 0.9871 0.1184 0.1081
vn -0.6430 -0.7659 -0.0000
vn -0.8713 -0.3501 0.3439
vn 0.4155 -0.8927 0.1743
vn 0.8125 0.5443 0.2088
vn 0.9459 0.0975 0.3096
vn -0.4043 0.9051 0.1316
vn -0.8155 -0.5787 -0.0000
vn -0.8008 -0.5322 0.2746
vn 0.7597 0.5748 0.3041
vn -0.2484 -0.9530 0.1737
vn 0.9724 0.0177 0.2326
vn -0.9824 -0.1871 -0.0000
vn -0.7234 0.6776 0.1324
vn 0.0396 -0.9857 0.1639
vn -0.2504 -0.9681 -0.0000
vn -0.3371 0.9240 0.1805
vn 0.3665 0.8801 0.3019
vn 0.0605 -0.9523 0.2990
vn -0.0023 1.0000 -0.0000
vn 0.2119 0.9298 0.3009
vn -0.9850 -0.0930 0.1451
vn 0.1729 0.9667 0.1889
vn 0.8290 0.2678 0.4910
vn 0.0684 0.9514 0.3003
vn -0.8846 -0.4343 0.1698
vn -0.2786 0.9604 -0.0000
vn -0.9294 -0.3691 -0.0000
vn 0.6992 0.7017 0.1371
vn 0.8336 -0.4182 0.3608
vn -0.9999 -0.0142 -0.0000
vn -0.9578 0.2873 -0.0000
vn 0.9089 0.2814 0.3079
vn 0.4000 0.8995 0.1757
vn -0.6438 -0.7433 0.1820
vn 0.8855 -0.3014 0.3537
vn 0.5195 0.7991 0.3026
vn -0.9874 0.1582 -0.0000
vn -0.4427 -0.8967 -0.0000
vn 0.7869 -0.5914 0.1762
vn 0.6805 -0.6179 0.3938
vn 0.8443 0.4401 0.3058
vn -0.8636 0.5042 -0.0000
vn -0.9976 -0.0689 -0.0000
vn -0.0000 -0.9913 0.1319
vn -0.9904 -0.0000 0.1383
vn 0.8072 -0.3737 0.4570
vn 0.9731 -0.1678 0.1579
vn -0.6707 0.7417 -0.0000
vn 0.6529 0.6942 0.3032
vn -0.5556 0.8160 0.1594
vn -0.0799 -0.9968 -0.0000
vn 0.1982 -0.9658 0.1672
vn 0.9200 -0.1721 0.3521
vn -0.6430 0.7659 -0.0000
vn -0.9975 0.0700 -0.0000
vn -0.0229 -0.9861 0.1646
vn 0.0684 -0.9514 0.3003
vn -0.0803 0.9783 0.1911
vn 0.8573 -0.3714 0.3566
vn -0.8155 0.5787 -0.0000
vn -0.9724 0.2332 -0.0000
vn 0.7597 -0.5748 0.3041
vn -0.9850 -0.0932 0.1451
vn -0.9824 0.1871 -0.0000
vn 0.7812 -0.5008 0.3727
vn -0.9329 0.3602 -0.0000
vn -0.2504 0.9682 -0.0000
vn 0.3665 -0.8801 0.3019
vn 0.6001 -0.7845 0.1563
vn 0.9671 -0.0421 0.2507
vn -0.0121 0.9841 0.1770
vn 0.2119 -0.9298 0.3009
vn -0.9546 -0.0000 0.2977
vn -0.0799 0.9968 -0.0000
vn -0.1056 -0.9834 0.1473
vn -0.0000 0.9649 0.2628
vn -0.5180 0.8373 0.1753
vn 0.9739 0.0147 0.2264
vn 0.9183 0.3550 0.1751
vn -0.9294 0.3691 -0.0000
vn -0.7537 -0.6359 0.1658
vn 0.9459 -0.0975 0.3096
vn -0.0061 0.9818 0.1898
vn 0.9231 -0.2812 0.2623
vn 0.9089 -0.2814 0.3079
vn -0.9856 -0.0603 0.1578
vn 0.5195 -0.7991 0.3026
vn 0.7878 0.5963 0.1545
vn -0.4427 0.8967 -0.0000
vn 0.7538 0.5095 0.4149
vn -0.9872 -0.0265 0.1576
vn 0.8443 -0.4401 0.3058
vn 0.9733 0.0291 0.2278
vn -0.9976 0.0689 -0.0000
vn -0.9227 -0.3490 0.1635
vn 0.9541 0.2521 0.1616
vn 0.6529 -0.6941 0.3032
vn -0.4049 -0.9007 0.1577
vn 0.1583 -0.9638 0.2146
vn 0.6430 0.7659 -0.0000
vn 0.3657 0.9083 0.2031
vn 0.6554 0.6930 0.3002
vn 0.7983 -0.5484 0.2490
vn 0.9999 0.0142 -0.0000
vn 0.0683 -0.9871 0.1448
vn -0.5710 0.7891 0.2264
vn 0.8155 0.5787 -0.0000
vn -0.9818 0.0946 0.1647
vn -0.3407 0.9202 0.1926
vn -0.7597 -0.5748 0.3041
vn 0.5452 -0.7974 0.2587
vn 0.9823 0.1871 -0.0000
vn 0.9834 0.0606 0.1709
vn 0.8298 -0.5346 0.1601
vn -0.4230 0.8677 0.2611
vn -0.0094 0.9815 0.1914
vn -0.4837 0.8567 0.1793
vn 0.2504 0.9682 -0.0000
vn -0.0000 0.9063 0.4225
vn -0.3665 -0.8801 0.3019
vn -0.7003 0.6987 0.1463
vn -0.1775 -0.9599 0.2170
vn 0.2790 -0.9488 0.1480
vn -0.1778 0.9376 0.2987
vn -0.2119 -0.9298 0.3009
vn -0.9296 0.3147 0.1917
vn -0.0265 -0.9776 0.2086
vn -0.0135 0.9498 0.3124
vn -0.0684 -0.9514 0.3003
vn 0.9853 -0.0000 0.1708
vn 0.9894 -0.0048 0.1450
vn 0.9294 0.3691 -0.0000
vn -0.0000 0.9843 0.1764
vn -0.9999 0.0142 -0.0000
vn -0.5161 -0.8325 -0.2013
vn -0.9611 0.2282 -0.1554
vn -0.0354 -0.9045 -0.4251
vn 0.9408 0.2208 -0.2571
vn 0.5434 -0.8321 -0.1115
vn 0.0634 -0.9845 -0.1636
vn -0.7201 0.6678 -0.1883
vn 0.0917 0.9424 -0.3216
vn 0.0787 -0.9854 -0.1511
vn 0.9487 -0.0000 -0.3161
vn -0.3331 -0.9229 -0.1928
vn 0.1750 0.9687 -0.1759
vn 0.0041 -0.9062 -0.4228
vn -0.4284 0.8750 -0.2255
vn -0.8953 0.4267 -0.1281
vn -0.9266 -0.3188 -0.1995
vn 0.1582 -0.9628 -0.2189
vn -0.0000 0.9002 -0.4356
vn -0.6204 -0.7571 -0.2050
vn -0.6048 0.7737 -0.1889
vn 0.7267 0.6264 -0.2819
vn -0.9329 -0.3602 -0.0000
vn -0.0000 -0.9831 -0.1829
vn -0.9872 -0.0485 -0.1521
vn 0.7595 0.4868 -0.4315
vn 0.9779 0.0011 -0.2091
vn 0.9806 -0.0000 -0.1961
vn -0.9724 -0.2332 -0.0000
vn -0.9870 -0.0018 -0.1606
vn 0.8294 0.3593 -0.4277
vn 0.0209 -0.9748 -0.2223
vn -0.0000 0.9879 -0.1551
vn -0.0000 -0.9822 -0.1876
vn -0.9975 -0.0700 -0.0000
vn 0.8858 0.1657 -0.4334
vn -0.0000 0.9663 -0.2573
vn -0.8880 0.4017 -0.2238
vn -0.9876 -0.0130 -0.1566
vn -0.6707 -0.7417 -0.0000
vn 0.5193 -0.8485 -0.1020
vn 0.5697 0.6936 -0.4408
vn -0.6203 -0.7725 -0.1360
vn 0.9798 0.0267 -0.1980
vn 0.5212 0.8424 -0.1367
vn -0.8636 -0.5042 -0.0000
vn 0.6659 0.6046 -0.4371
vn 0.8928 0.4149 -0.1753
vn -0.0686 -0.9850 -0.1583
vn -0.8941 -0.3882 -0.2236
vn -0.2998 0.9339 -0.1948
vn -0.9874 -0.1582 -0.0000
vn -0.0000 -0.9821 -0.1886
vn 0.8550 0.2910 -0.4293
vn 0.7102 0.6901 -0.1394
vn 0.9768 -0.0000 -0.2142
vn -0.0306 -0.9595 -0.2799
vn -0.9497 0.2553 -0.1811
vn -0.9578 -0.2874 -0.0000
vn 0.8078 0.4052 -0.4282
vn 0.5627 -0.8171 -0.1254
vn -0.2786 -0.9604 -0.0000
vn -0.8832 0.4127 -0.2226
vn -0.6731 0.7068 -0.2179
vn 0.8306 0.1940 -0.5220
vn 0.9812 0.0058 -0.1927
vn 0.0742 -0.9865 -0.1458
vn 0.2588 0.9542 -0.1499
vn -0.0023 -1.0000 -0.0000
vn 0.8898 -0.4215 -0.1747
vn -0.8790 0.4442 -0.1733
vn 0.0827 0.8905 -0.4474
vn -0.0652 -0.9726 -0.2231
vn -0.5688 0.7942 -0.2138
vn -0.8991 0.3745 -0.2266
vn 0.9729 0.0234 -0.2302
vn -0.9823 -0.0971 -0.1604
vn -0.7960 0.4755 -0.3745
vn 0.9246 -0.3220 -0.2035
vn -0.0000 0.9790 -0.2040
vn 0.7508 -0.5904 -0.2964
vn -0.9334 0.2710 -0.2352
vn -0.9870 -0.0000 -0.1607
vn -0.8586 0.3433 -0.3807
vn 0.9869 0.0073 -0.1609
vn 0.0086 -0.9805 -0.1966
vn -0.0000 0.9803 -0.1976
vn 0.9618 -0.0009 -0.2739
vn -0.0000 0.9809 -0.1948
vn -0.9482 -0.0000 -0.3176
vn -0.9799 -0.1231 -0.1569
vn -0.9807 -0.0199 -0.1945
vn 0.9391 0.3010 -0.1656
vn -0.5367 -0.8127 -0.2269
vn 0.4536 0.8696 -0.1949
vn 0.1412 -0.8998 -0.4128
vn -0.7895 -0.5723 -0.2217
vn -0.6631 0.7485 -0.0000
vn 0.9891 0.0405 -0.1417
vn -0.8921 0.4518 -0.0000
vn -0.2221 -0.9419 -0.2518
vn 0.9857 -0.0913 -0.1416
vn 0.4761 -0.7674 -0.4294
vn 0.7895 0.5845 -0.1874
vn -0.8146 -0.5624 -0.1417
vn 0.7449 -0.5069 -0.4338
vn -0.9736 0.2281 -0.0000
vn 0.0137 -0.9676 -0.2520
vn 0.0267 0.9829 -0.1823
vn -0.7999 0.5875 -0.1223
vn -0.9966 0.0824 -0.0000
vn 0.1807 -0.9529 -0.2434
vn -0.0000 -0.9882 -0.1532
vn 0.8562 -0.2788 -0.4350
vn 0.1787 0.9660 -0.1868
vn -0.9999 0.0116 -0.0000
vn 0.8997 0.0050 -0.4365
vn 0.4278 -0.8775 -0.2169
vn -0.5560 0.8132 -0.1721
vn 0.5106 0.8493 -0.1341
vn 0.2862 -0.8610 -0.4204
vn 0.8751 0.4350 -0.2123
vn -0.8002 0.5997 -0.0000
vn 0.6798 -0.7140 -0.1672
vn -0.8846 -0.4295 -0.1815
vn -0.8135 0.5589 -0.1609
vn -0.9885 0.1509 -0.0000
vn 0.6505 -0.7455 -0.1452
vn 0.8282 -0.5414 -0.1444
vn 0.8117 -0.3908 -0.4340
vn -0.1595 0.9707 -0.1796
vn -0.5353 -0.8315 -0.1487
vn -0.3635 0.9316 -0.0000
vn -0.0002 -0.9121 -0.4100
vn 0.9929 -0.0000 -0.1193
vn -0.4860 0.8640 -0.1316
vn -0.9453 0.3261 -0.0000
vn 0.5706 -0.8071 -0.1517
vn 0.6370 -0.6376 -0.4333
vn -0.8064 -0.5451 -0.2291
vn 0.8178 0.5619 -0.1246
vn -0.5177 0.8555 -0.0000
vn -0.9819 -0.1269 -0.1407
vn 0.8872 -0.1497 -0.4365
vn 0.9893 -0.0108 -0.1455
vn 0.9579 0.2274 -0.1755
vn -0.9458 0.2881 -0.1500
vn 0.0357 -0.9116 -0.4094
vn 0.0305 0.9827 -0.1826
vn -0.9937 -0.0154 -0.1109
vn -0.9511 0.2468 -0.1856
vn -0.0000 -0.9905 -0.1378
vn -0.0260 0.9827 -0.1832
vn 0.9892 0.0085 -0.1461
vn -0.0000 -0.9776 -0.2103
vn 0.0094 -0.9079 -0.4191
vn -0.0000 0.9865 -0.1638
vn 0.9853 -0.0000 -0.1708
vn -0.9868 0.0246 -0.1599
vn -0.9722 0.0717 -0.2230
vn -0.9657 -0.0064 -0.2594
vn 0.9755 0.0557 -0.2128
vn 0.9355 -0.0034 -0.3534
vn -0.9308 0.2719 -0.2445
vn 0.9459 0.0975 -0.3096
vn -0.0000 0.9635 -0.2677
vn 0.9388 0.2517 -0.2353
vn -0.9834 -0.0615 -0.1709
vn 0.6529 0.6941 -0.3032
vn -0.9329 -0.2276 -0.2791
vn 0.9819 -0.0932 -0.1647
vn 0.9078 0.2909 -0.3022
vn -0.9261 -0.3155 -0.2066
vn -0.5282 -0.7966 -0.2939
vn 0.8443 0.4401 -0.3058
vn 0.4477 0.8585 -0.2502
vn -0.0000 0.9776 -0.2103
vn -0.7703 -0.5609 -0.3034
vn 0.9274 -0.3145 -0.2025
vn 0.9506 0.0388 -0.3081
vn 0.5195 0.7991 -0.3026
vn -0.0000 0.9843 -0.1764
vn -0.2177 -0.9230 -0.3172
vn -0.9195 -0.3339 -0.2073
vn -0.0000 -0.0000 -1.0000
vn 0.0181 -0.0139 -0.9997
vn 0.9088 0.2814 -0.3079
vn -0.0000 0.0016 -1.0000
vn 0.0007 0.0012 -1.0000
vn 0.0352 -0.0004 -0.9994
vn -0.0001 0.0015 -1.0000
vn -0.0001 -0.0000 -1.0000
vn 0.7692 0.5695 -0.2899
vn -0.0942 -0.9797 -0.1767
vn -0.9235 -0.1558 -0.3505
vn -0.0846 0.9819 -0.1695
vn 0.4653 0.8287 -0.3111
vn 0.5177 0.8555 -0.0000
vn -0.1664 -0.9767 -0.1355
vn -0.6552 -0.6558 -0.3749
vn -0.1509 0.9367 -0.3158
vn 0.9453 0.3261 -0.0000
vn 0.5988 0.7811 -0.1769
vn 0.1143 -0.9809 -0.1571
vn -0.5553 -0.8175 -0.1529
vn 0.0002 -0.9027 -0.4302
vn 0.3635 0.9316 -0.0000
vn -0.6429 0.7660 -0.0000
vn 0.9774 0.0331 -0.2087
vn -0.8424 -0.4056 -0.3548
vn 0.0685 -0.9514 -0.3003
vn 0.9885 0.1509 -0.0000
vn -0.9635 -0.0000 -0.2677
vn 0.9459 -0.0975 -0.3096
vn 0.8002 0.5997 -0.0000
vn -0.8154 0.5789 -0.0000
vn -0.9864 0.0132 -0.1639
vn -0.2884 -0.8677 -0.4049
vn 0.7597 -0.5748 -0.3041
vn 0.0010 0.9768 -0.2144
vn -0.9824 0.1869 -0.0000
vn -0.0000 0.9767 -0.2148
vn -0.9363 0.0052 -0.3512
vn -0.2505 0.9681 -0.0000
vn -0.0299 -0.9869 -0.1585
vn 0.9999 0.0116 -0.0000
vn 0.3664 -0.8801 -0.3019
vn -0.8903 -0.2899 -0.3513
vn -0.0000 -0.9686 -0.2487
vn 0.9966 0.0824 -0.0000
vn 0.2119 -0.9298 -0.3009
vn -0.0800 0.9968 -0.0000
vn 0.9940 -0.0297 -0.1050
vn 0.9736 0.2281 -0.0000
vn 0.8575 0.5019 -0.1134
vn -0.7705 -0.5244 -0.3623
vn 0.0658 0.9833 -0.1697
vn -0.9294 0.3690 -0.0000
vn -0.9877 0.0387 -0.1516
vn -0.4853 -0.7822 -0.3907
vn -0.0000 0.9880 -0.1544
vn 0.8921 0.4518 -0.0000
vn 0.9089 -0.2814 -0.3079
vn 0.9847 -0.0082 -0.1741
vn 0.6631 0.7485 -0.0000
vn 0.5195 -0.7991 -0.3026
vn -0.0060 -0.9838 -0.1790
vn -0.1410 -0.8987 -0.4152
vn -0.9279 -0.3547 -0.1153
vn 0.9280 -0.3013 -0.2192
vn 0.8443 -0.4401 -0.3058
vn -0.9650 -0.0062 -0.2622
vn 0.6529 -0.6941 -0.3032
vn -0.9757 -0.1980 -0.0940
vn 0.8766 0.3106 -0.3676
vn -0.4154 0.8928 -0.1743
vn -0.8125 -0.5443 -0.2088
vn -0.9459 -0.0975 -0.3096
vn 0.4043 -0.9051 -0.1316
vn 0.7967 0.5064 -0.3299
vn -0.7597 -0.5748 -0.3041
vn 0.2484 0.9529 -0.1737
vn -0.9724 -0.0177 -0.2326
vn 0.9824 0.1870 -0.0000
vn 0.7234 -0.6776 -0.1324
vn -0.0396 0.9857 -0.1639
vn 0.2504 0.9681 -0.0000
vn 0.3371 -0.9240 -0.1805
vn -0.3665 -0.8801 -0.3019
vn 0.6279 0.6968 -0.3468
vn 0.0023 -1.0000 -0.0000
vn -0.2119 -0.9298 -0.3009
vn 0.9850 0.0930 -0.1451
vn -0.1729 -0.9667 -0.1889
vn -0.8290 -0.2678 -0.4910
vn -0.0684 -0.9514 -0.3003
vn 0.8846 0.4344 -0.1698
vn 0.2786 -0.9604 -0.0000
vn -0.6992 -0.7017 -0.1371
vn -0.8336 0.4182 -0.3608
vn 0.9578 -0.2873 -0.0000
vn -0.9089 -0.2814 -0.3079
vn -0.4000 -0.8995 -0.1758
vn 0.6438 0.7433 -0.1820
vn -0.8855 0.3014 -0.3537
vn -0.5195 -0.7991 -0.3026
vn 0.9874 -0.1582 -0.0000
vn -0.7869 0.5914 -0.1762
vn 0.9893 0.0017 -0.1461
vn -0.6805 0.6179 -0.3938
vn -0.8443 -0.4401 -0.3058
vn 0.8636 -0.5042 -0.0000
vn -0.0000 0.9913 -0.1319
vn 0.9896 -0.0023 -0.1441
vn -0.8072 0.3737 -0.4570
vn -0.9731 0.1678 -0.1579
vn 0.6707 -0.7417 -0.0000
vn -0.6529 -0.6941 -0.3032
vn 0.5556 -0.8160 -0.1594
vn -0.1982 0.9658 -0.1672
vn -0.9200 0.1721 -0.3521
vn 0.6430 -0.7659 -0.0000
vn 0.9975 -0.0700 -0.0000
vn 0.0229 0.9861 -0.1646
vn -0.0684 0.9514 -0.3003
vn 0.0803 -0.9783 -0.1911
vn -0.8573 0.3714 -0.3566
vn 0.8155 -0.5787 -0.0000
vn 0.9724 -0.2332 -0.0000
vn -0.7597 0.5748 -0.3041
vn 0.9850 0.0931 -0.1451
vn 0.9823 -0.1871 -0.0000
vn -0.7812 0.5008 -0.3727
vn 0.9329 -0.3602 -0.0000
vn 0.2504 -0.9682 -0.0000
vn -0.3665 0.8801 -0.3019
vn -0.6002 0.7844 -0.1564
vn -0.9671 0.0421 -0.2507
vn 0.0121 -0.9841 -0.1770
vn -0.2119 0.9298 -0.3009
vn 0.9546 -0.0000 -0.2977
vn 0.0799 -0.9968 -0.0000
vn 0.1056 0.9834 -0.1473
vn -0.0000 -0.9649 -0.2628
vn 0.5180 -0.8372 -0.1753
vn -0.9702 -0.0082 -0.2420
vn -0.9424 -0.2678 -0.2003
vn 0.9294 -0.3691 -0.0000
vn 0.7537 0.6359 -0.1658
vn -0.9459 0.0975 -0.3096
vn 0.0061 -0.9818 -0.1898
vn -0.8798 0.3883 -0.2744
vn -0.9088 0.2814 -0.3079
vn 0.9856 0.0604 -0.1578
vn -0.5195 0.7991 -0.3026
vn -0.7877 -0.5963 -0.1545
vn -0.9802 0.0319 -0.1956
vn 0.9920 0.0420 -0.1186
vn -0.8443 0.4401 -0.3058
vn -0.9733 -0.0291 -0.2278
vn 0.9228 0.3490 -0.1635
vn -0.9541 -0.2521 -0.1616
vn -0.6529 0.6941 -0.3032
vn 0.4049 0.9007 -0.1577
vn -0.1583 0.9638 -0.2146
vn -0.3657 -0.9083 -0.2031
vn -0.6554 -0.6930 -0.3002
vn -0.5480 0.7952 -0.2594
vn -0.0683 0.9871 -0.1448
vn 0.5710 -0.7891 -0.2264
vn 0.9818 -0.0946 -0.1647
vn 0.3407 -0.9202 -0.1926
vn 0.7597 0.5748 -0.3041
vn -0.5452 0.7974 -0.2587
vn -0.9824 -0.1870 -0.0000
vn -0.9834 -0.0606 -0.1709
vn -0.8298 0.5346 -0.1601
vn 0.4230 -0.8677 -0.2611
vn 0.0094 -0.9815 -0.1914
vn 0.4837 -0.8567 -0.1793
vn -0.2504 -0.9682 -0.0000
vn -0.0000 -0.9063 -0.4225
vn 0.3665 0.8801 -0.3019
vn 0.7003 -0.6987 -0.1463
vn 0.1775 0.9599 -0.2170
vn -0.2790 0.9488 -0.1480
vn 0.1778 -0.9376 -0.2987
vn 0.2119 0.9298 -0.3009
vn 0.9296 -0.3147 -0.1917
vn 0.0265 0.9776 -0.2086
vn 0.9904 -0.0000 -0.1383
vn 0.0135 -0.9498 -0.3124
vn 0.0684 0.9514 -0.3003
vn -0.9853 -0.0000 -0.1708
vn -0.9894 0.0048 -0.1450
vn -0.0000 -0.9843 -0.1764
vn -0.9957 0.0923 -0.0000
vn -0.9116 0.4112 -0.0000
vn -0.6112 0.7915 -0.0000
vn 0.5961 0.8029 -0.0000
vn 0.9356 0.3530 -0.0000
vn 0.0346 0.9994 -0.0000
vn -0.9249 0.3802 -0.0000
vn -0.6957 0.7183 -0.0000
vn 0.8005 0.5993 -0.0000
vn -0.5938 0.8046 -0.0000
vn -0.2378 0.9713 -0.0000
vn 0.2378 0.9713 -0.0000
vn 0.7156 0.6986 -0.0000
vn 0.7249 0.6889 -0.0000
vn 1.0000 0.0092 -0.0000
vn 0.9990 0.0448 -0.0000
vn 0.7919 0.6106 -0.0000
vn 0.0061 1.0000 -0.0000
vn -0.6518 0.7584 -0.0000
vn -0.2900 0.9570 -0.0000
vn 0.2557 0.9668 -0.0000
vn 0.3473 0.9378 -0.0000
vn 0.1680 0.9858 -0.0000
vn 0.1390 0.9903 -0.0000
vn 0.1701 0.9854 -0.0000
vn -0.2307 0.9730 -0.0000
vn -0.0306 0.9995 -0.0000
vn 0.0439 0.9990 -0.0000
vn -0.0733 0.9973 -0.0000
vn -0.2242 0.9745 -0.0000
vn 0.0729 0.9973 -0.0000
vn 0.6610 0.7504 -0.0000
vn -0.5795 0.8150 -0.0000
vn -0.3844 0.9232 -0.0000
vn -0.2222 0.9750 -0.0000
vn -0.0718 0.9974 -0.0000
vn 0.0717 0.9974 -0.0000
vn 0.2222 0.9750 -0.0000
vn 0.3844 0.9232 -0.0000
vn 0.5450 0.8384 -0.0000
vn 0.6851 0.7284 -0.0000
vn 0.7975 0.6034 -0.0000
vn 0.8868 0.4622 -0.0000
vn 0.9553 0.2957 -0.0000
vn 0.9947 0.1025 -0.0000
vn -0.8314 0.5557 -0.0000
vn -0.7934 0.6087 -0.0000
vn -0.9961 0.0882 -0.0000
vn -0.6748 -0.7380 -0.0000
vn -0.7601 -0.6498 -0.0000
vn -0.8257 -0.5641 -0.0000
vn -0.9152 -0.4030 -0.0000
vn -0.9761 -0.2174 -0.0000
vn -0.9977 -0.0684 -0.0000
vn -0.9998 0.0185 -0.0000
vn -0.9964 0.0842 -0.0000
vn -0.9800 0.1992 -0.0000
vn -0.9240 0.3825 -0.0000
vn -0.8216 0.5701 -0.0000
vn -0.7028 0.7114 -0.0000
vn -0.5549 0.8319 -0.0000
vn -0.3449 0.9386 -0.0000
vn -0.1556 0.9878 -0.0000
vn -0.0014 1.0000 -0.0000
vn 0.2522 0.9677 -0.0000
vn 0.8645 0.5026 -0.0000
vn -0.9860 0.1665 -0.0000
vn -0.2221 0.9750 -0.0000
vn 0.0158 0.9999 -0.0000
vn 0.0014 1.0000 -0.0000
vn 0.1556 0.9878 -0.0000
vn 0.3449 0.9386 -0.0000
vn 0.5549 0.8319 -0.0000
vn 0.7028 0.7114 -0.0000
vn 0.8216 0.5701 -0.0000
vn 0.9240 0.3825 -0.0000
vn 0.9800 0.1991 -0.0000
vn 0.9964 0.0842 -0.0000
vn 0.9998 0.0185 -0.0000
vn 0.9977 -0.0684 -0.0000
vn 0.9761 -0.2174 -0.0000
vn 0.9152 -0.4030 -0.0000
vn 0.8257 -0.5641 -0.0000
vn 0.7601 -0.6498 -0.0000
vn 0.6748 -0.7380 -0.0000
vn 0.9933 0.1153 -0.0000
vn 0.8036 0.5952 -0.0000
vn -0.9999 0.0121 -0.0000
vn -0.9994 -0.0344 -0.0000
vn -1.0000 -0.0037 -0.0000
vn -0.8882 0.4595 -0.0000
vn -0.4197 0.9077 -0.0000
vn -0.0061 1.0000 -0.0000
vn 0.4605 0.8876 -0.0000
vn 0.9163 0.4005 -0.0000
vn 0.9996 0.0280 -0.0000
vn -0.5254 0.8509 -0.0000
vn -0.2863 0.9581 -0.0000
vn 0.1526 0.9883 -0.0000
vn 0.4060 0.9139 -0.0000
vn -0.5527 0.8334 -0.0000
vn 0.0128 0.9999 -0.0000
vn 0.3105 0.9506 -0.0000
vn 0.7981 0.6025 -0.0000
vn -0.5875 0.8092 -0.0000
vn -0.7970 0.6040 -0.0000
vn -0.0639 0.9980 -0.0000
vn -0.9808 0.1952 -0.0000
vn -0.6998 0.7143 -0.0000
vn -0.0039 1.0000 -0.0000
vn -0.8411 0.5409 -0.0000
vn -0.7715 0.6363 -0.0000
vn 0.0067 1.0000 -0.0000
vn 0.6285 0.7778 -0.0000
vn 0.9002 0.4355 -0.0000
vn 0.9941 0.1083 -0.0000
vn 0.9980 -0.0626 -0.0000
vn -0.1904 0.9817 -0.0000
vn -0.0221 0.9998 -0.0000
vn 0.5950 0.8037 -0.0000
vn -0.0111 0.9999 -0.0000
vn -0.7680 0.6405 -0.0000
vn -0.0197 0.9998 -0.0000
vn -0.0350 0.9994 -0.0000
vn -0.0783 0.9969 -0.0000
vn -0.0476 0.9989 -0.0000
vn -0.0009 1.0000 -0.0000
vn 0.0606 0.9982 -0.0000
vn 0.4543 0.8909 -0.0000
vn 0.6403 0.7681 -0.0000
vn -0.0567 0.9984 -0.0000
vn -0.7371 0.6757 -0.0000
vn -0.1348 0.9909 -0.0000
vn 0.1306 0.9914 -0.0000
vn 0.7206 0.6933 -0.0000
vn 0.8186 0.5744 -0.0000
vn 0.9635 0.2677 -0.0000
vn 0.9989 -0.0469 -0.0000
vn 0.7967 -0.6044 -0.0000
vn 0.5236 -0.8520 -0.0000
vn -0.0147 -0.9999 -0.0000
vn -0.4378 -0.8991 -0.0000
vn -0.8848 -0.4660 -0.0000
vn 0.0254 -0.9997 -0.0000
vn 0.8109 -0.5852 -0.0000
vn 0.5113 -0.8594 -0.0000
vn -0.0043 -1.0000 -0.0000
vn -0.4398 -0.8981 -0.0000
vn -0.8205 -0.5716 -0.0000
vn 0.8064 -0.5914 -0.0000
vn 0.3642 -0.9313 -0.0000
vn -0.0085 -1.0000 -0.0000
vn -0.6050 -0.7962 -0.0000
vn -0.0573 -0.9984 -0.0000
vn 0.3900 -0.9208 -0.0000
vn 0.0341 -0.9994 -0.0000
vn -0.5504 -0.8349 -0.0000
vn -0.8045 -0.5939 -0.0000
vn 0.8203 -0.5719 -0.0000
vn 0.4251 -0.9051 -0.0000
vn -0.0214 -0.9998 -0.0000
vn -0.2718 -0.9624 -0.0000
vn 0.3705 -0.9288 -0.0000
vn 0.0077 -1.0000 -0.0000
vn -0.1414 -0.9899 -0.0000
vn -0.6782 -0.7348 -0.0000
vn -0.7854 -0.6190 -0.0000
vn -0.9986 0.0521 -0.0000
vn 0.9179 -0.3968 -0.0000
vn 0.8879 -0.4600 -0.0000
vn 0.8964 -0.4433 -0.0000
vn 0.8774 -0.4797 -0.0000
vn 0.7002 -0.7139 -0.0000
vn 0.0784 -0.9969 -0.0000
vn -0.6250 -0.7806 -0.0000
vn -0.8593 -0.5115 -0.0000
vn -0.9700 0.2429 -0.0000
vn -0.8176 0.5758 -0.0000
vn -0.0955 -0.9954 -0.0000
vn -0.0202 -0.9998 -0.0000
vn 0.0240 -0.9997 -0.0000
vn -0.0062 -1.0000 -0.0000
vn -0.0709 -0.9975 -0.0000
vn -0.0034 -1.0000 -0.0000
vn -0.0052 -1.0000 -0.0000
vn -0.6144 -0.7890 -0.0000
vn -0.8576 -0.5144 -0.0000
vn -0.5686 -0.8226 -0.0000
vn -0.0415 -0.9991 -0.0000
vn 0.7887 -0.6147 -0.0000
vn 0.9824 -0.1867 -0.0000
vn 0.9991 -0.0429 -0.0000
vn 0.8585 -0.5128 -0.0000
vn 0.5933 -0.8050 -0.0000
vn -0.4515 -0.8923 -0.0000
vn -0.8077 -0.5896 -0.0000
vn 0.7792 -0.6268 -0.0000
vn 0.3730 -0.9278 -0.0000
vn -0.8939 -0.4482 -0.0000
vn 0.9278 -0.3732 -0.0000
vn -0.7806 -0.6250 -0.0000
vn 0.7787 -0.6274 -0.0000
vn -0.7875 -0.6163 -0.0000
vn 0.8208 -0.5713 -0.0000
vn 0.3717 -0.9284 -0.0000
vn -0.4882 -0.8727 -0.0000
vn -0.9226 -0.3857 -0.0000
vn -0.9974 0.0724 -0.0000
vn -0.9578 0.2874 -0.0000
vn -0.8521 -0.4394 0.2844
vn -0.0000 0.9699 0.2434
vn -0.7266 0.6153 0.3058
vn -0.4159 0.8878 0.1973
vn -0.5951 0.7575 0.2683
vn -0.0000 -0.9724 0.2335
vn -0.8338 -0.4441 0.3281
vn -0.7315 0.6194 0.2851
vn -0.1759 -0.9614 0.2114
vn -0.7820 -0.5234 0.3386
vn -0.9453 -0.1527 0.2882
vn 0.8521 -0.4394 0.2844
vn 0.7266 0.6153 0.3058
vn 0.4241 0.8883 0.1761
vn 0.6232 0.7421 0.2469
vn 0.8338 -0.4441 0.3281
vn 0.7315 0.6194 0.2851
vn 0.1759 -0.9614 0.2114
vn 0.7820 -0.5234 0.3386
vn 0.9709 -0.1944 0.1400
vn 0.8521 0.4394 -0.2844
vn -0.0000 -0.9699 -0.2434
vn 0.7266 -0.6153 -0.3058
vn 0.4241 -0.8883 -0.1761
vn 0.6232 -0.7421 -0.2469
vn -0.0000 0.9724 -0.2335
vn 0.8338 0.4441 -0.3281
vn 0.7315 -0.6194 -0.2851
vn 0.1759 0.9614 -0.2114
vn 0.7820 0.5234 -0.3386
vn 0.9709 0.1944 -0.1400
vn -0.8521 0.4394 -0.2844
vn -0.7266 -0.6153 -0.3058
vn -0.4159 -0.8878 -0.1973
vn -0.5951 -0.7575 -0.2683
vn -0.8338 0.4441 -0.3281
vn -0.7315 -0.6194 -0.2851
vn -0.1759 0.9614 -0.2114
vn -0.7820 0.5234 -0.3386
vn -0.9453 0.1527 -0.2882
vn -0.7631 0.6463 -0.0000
vn 0.7631 0.6463 -0.0000
vn 0.8839 -0.4676 -0.0000
vn 0.6431 0.7658 -0.0000
vn 0.8993 -0.4373 -0.0000
vn 0.4111 0.9116 -0.0000
vn 0.2011 -0.9796 -0.0000
vn 0.8310 -0.5562 -0.0000
vn -0.0167 -0.9999 -0.0000
vn 0.9748 -0.2229 -0.0000
vn -0.9748 -0.2229 -0.0000
vn 0.0167 -0.9999 -0.0000
vn -0.8310 -0.5562 -0.0000
vn -0.2011 -0.9796 -0.0000
vn -0.4111 0.9116 -0.0000
vn -0.8993 -0.4373 -0.0000
vn -0.6431 0.7658 -0.0000
vn -0.8839 -0.4676 -0.0000
vn -0.7548 -0.5098 0.4127
vn -0.5791 0.7484 0.3233
vn -0.5934 0.5568 0.5812
vn 0.1186 0.8767 0.4662
vn 0.6053 0.7475 0.2737
vn -0.0000 0.9413 0.3377
vn -0.6928 -0.6390 0.3343
vn -0.6411 0.6995 0.3156
vn 0.5600 0.6754 0.4799
vn -0.6773 -0.6858 0.2663
vn -0.7356 -0.4968 0.4605
vn 0.6569 -0.6702 0.3453
vn -0.6701 0.6871 0.2809
vn 0.5558 0.7955 0.2413
vn -0.0256 0.9563 0.2911
vn -0.7043 0.5531 0.4449
vn -0.8686 -0.0000 0.4956
vn -0.7744 0.5966 0.2107
vn -0.7259 -0.6243 0.2887
vn -0.0000 -0.8839 0.4677
vn 0.1891 0.8484 0.4944
vn -0.0055 0.9648 0.2629
vn 0.6883 -0.6858 0.2364
vn -0.2506 -0.8021 0.5420
vn -0.6832 -0.7097 0.1717
vn 0.6819 0.6691 0.2955
vn 0.2746 0.9463 0.1706
vn 0.9753 0.2083 0.0739
vn -0.9097 -0.0000 0.4152
vn -0.1100 -0.8262 0.5526
vn -0.0000 -0.9518 -0.3068
vn -0.9488 -0.1147 0.2944
vn 0.4162 0.8924 0.1741
vn -0.0000 0.9023 0.4311
vn -0.7665 0.5407 0.3466
vn -0.8251 -0.5296 0.1968
vn -0.5558 -0.7955 -0.2413
vn 0.6775 -0.6836 -0.2714
vn -0.6569 0.6702 -0.3453
vn 0.7356 0.4968 -0.4605
vn 0.6773 0.6858 -0.2663
vn -0.5600 -0.6754 -0.4799
vn -0.8979 -0.2123 0.3856
vn -0.9163 -0.0078 0.4005
vn 0.6601 -0.7029 -0.2647
vn 0.7965 0.5725 0.1948
vn -0.9674 0.1324 0.2160
vn 0.6310 -0.6572 0.4123
vn -0.6739 0.6739 0.3030
vn -0.4633 -0.7728 0.4338
vn -0.6960 -0.6525 0.2997
vn 0.7548 -0.5098 0.4127
vn 0.5791 0.7484 0.3233
vn 0.5934 0.5568 0.5812
vn -0.1186 0.8767 0.4662
vn -0.5558 0.7955 0.2413
vn 0.6849 -0.5946 0.4211
vn 0.6601 0.7029 0.2647
vn -0.5600 0.6754 0.4799
vn 0.6773 -0.6858 0.2663
vn 0.7356 -0.4968 0.4605
vn -0.6569 -0.6702 0.3453
vn 0.6775 0.6836 0.2714
vn -0.0000 0.9518 0.3068
vn 0.7043 0.5531 0.4449
vn 0.8686 -0.0000 0.4956
vn 0.7744 0.5966 0.2107
vn 0.7259 -0.6243 0.2887
vn -0.1891 0.8484 0.4944
vn -0.0000 0.9635 0.2678
vn -0.6883 -0.6858 0.2364
vn 0.2506 -0.8021 0.5420
vn 0.6832 -0.7097 0.1717
vn -0.6804 0.6662 0.3054
vn -0.3277 0.9004 0.2863
vn -0.9682 0.1959 0.1559
vn 0.9097 -0.0000 0.4152
vn 0.1232 -0.8205 0.5582
vn 0.6849 0.5946 -0.4211
vn 0.9355 -0.1043 0.3375
vn -0.4235 0.8872 0.1832
vn 0.8068 0.5478 0.2210
vn 0.8251 -0.5296 0.1968
vn -0.0000 -0.9413 -0.3377
vn -0.1186 -0.8767 -0.4662
vn 0.5934 -0.5568 -0.5812
vn 0.5791 -0.7484 -0.3233
vn 0.8979 -0.2123 0.3856
vn 0.9063 -0.0000 0.4225
vn 0.7548 0.5098 -0.4127
vn -0.7977 0.5650 0.2106
vn 0.9674 0.1324 0.2160
vn -0.6310 -0.6572 0.4123
vn 0.6739 0.6739 0.3030
vn 0.4633 -0.7728 0.4338
vn 0.6960 -0.6525 0.2997
vn 0.7043 -0.5531 -0.4449
vn 0.8686 -0.0000 -0.4956
vn 0.7744 -0.5966 -0.2107
vn 0.7259 0.6243 -0.2887
vn -0.0000 0.8839 -0.4677
vn -0.1891 -0.8484 -0.4944
vn -0.0000 -0.9635 -0.2678
vn -0.6883 0.6858 -0.2364
vn 0.2506 0.8021 -0.5420
vn 0.6832 0.7097 -0.1717
vn -0.6804 -0.6662 -0.3054
vn -0.3277 -0.9004 -0.2863
vn -0.9682 -0.1959 -0.1559
vn 0.9097 -0.0000 -0.4152
vn 0.1232 0.8205 -0.5582
vn 0.9355 0.1043 -0.3375
vn -0.4235 -0.8872 -0.1832
vn -0.0000 -0.9023 -0.4311
vn 0.8068 -0.5478 -0.2210
vn 0.8251 0.5296 -0.1968
vn 0.8979 0.2123 -0.3856
vn 0.9063 -0.0000 -0.4225
vn -0.7977 -0.5650 -0.2106
vn 0.9674 -0.1324 -0.2160
vn -0.6310 0.6572 -0.4123
vn 0.6739 -0.6739 -0.3030
vn 0.4633 0.7728 -0.4338
vn 0.6960 0.6525 -0.2997
vn -0.7548 0.5098 -0.4127
vn -0.5791 -0.7484 -0.3233
vn -0.5934 -0.5568 -0.5812
vn 0.1186 -0.8767 -0.4662
vn 0.6053 -0.7475 -0.2737
vn -0.6928 0.6390 -0.3343
vn -0.6411 -0.6995 -0.3156
vn 0.5600 -0.6754 -0.4799
vn -0.6773 0.6858 -0.2663
vn -0.7356 0.4968 -0.4605
vn 0.6569 0.6702 -0.3453
vn -0.6701 -0.6871 -0.2809
vn 0.5558 -0.7955 -0.2413
vn -0.0256 -0.9563 -0.2911
vn -0.7043 -0.5531 -0.4449
vn -0.8686 -0.0000 -0.4956
vn -0.7744 -0.5966 -0.2107
vn -0.7259 0.6243 -0.2887
vn 0.1891 -0.8484 -0.4944
vn -0.0055 -0.9648 -0.2629
vn 0.6883 0.6858 -0.2364
vn -0.2506 0.8021 -0.5420
vn -0.6832 0.7097 -0.1717
vn 0.6819 -0.6691 -0.2955
vn 0.2746 -0.9463 -0.1706
vn 0.9753 -0.2083 -0.0739
vn -0.9097 -0.0000 -0.4152
vn -0.1100 0.8262 -0.5526
vn -0.9488 0.1147 -0.2944
vn 0.4162 -0.8924 -0.1741
vn -0.7665 -0.5407 -0.3466
vn -0.8251 0.5296 -0.1968
vn -0.8979 0.2123 -0.3856
vn -0.9163 0.0078 -0.4005
vn 0.7965 -0.5725 -0.1948
vn -0.9674 -0.1324 -0.2160
vn 0.6310 0.6572 -0.4123
vn -0.6739 -0.6739 -0.3030
vn -0.4633 0.7728 -0.4338
vn -0.6960 0.6525 -0.2997
vn -0.3761 0.9266 -0.0000
vn -0.7666 -0.6422 -0.0000
vn -0.4098 0.9122 -0.0000
vn -0.6009 -0.7993 -0.0000
vn -0.0212 0.9998 -0.0000
vn -0.8442 -0.5360 -0.0000
vn -0.7168 0.6973 -0.0000
vn 0.8298 0.5580 -0.0000
vn 0.3823 0.9240 -0.0000
vn -0.7796 0.6262 -0.0000
vn 0.5727 0.8198 -0.0000
vn 0.5449 0.8385 -0.0000
vn -0.7210 0.6929 -0.0000
vn -0.7005 -0.7137 -0.0000
vn 0.7145 0.6996 -0.0000
vn -0.7865 0.6176 -0.0000
vn 0.6383 0.7698 -0.0000
vn -0.8666 0.4989 -0.0000
vn -0.9908 0.1356 -0.0000
vn 0.0843 0.9964 -0.0000
vn 0.2826 0.9592 -0.0000
vn 0.9792 0.2029 -0.0000
vn 0.3382 0.9411 -0.0000
vn -0.3382 0.9411 -0.0000
vn -0.9792 0.2029 -0.0000
vn -0.2826 0.9592 -0.0000
vn -0.0843 0.9964 -0.0000
vn 0.9908 0.1356 -0.0000
vn 0.8666 0.4989 -0.0000
vn -0.6383 0.7698 -0.0000
vn 0.7865 0.6176 -0.0000
vn -0.7145 0.6996 -0.0000
vn 0.7005 -0.7137 -0.0000
vn 0.7210 0.6929 -0.0000
vn -0.5449 0.8385 -0.0000
vn -0.5727 0.8198 -0.0000
vn 0.7796 0.6262 -0.0000
vn -0.3823 0.9240 -0.0000
vn -0.8298 0.5580 -0.0000
vn 0.7168 0.6973 -0.0000
vn 0.8442 -0.5360 -0.0000
vn 0.0212 0.9998 -0.0000
vn 0.6009 -0.7993 -0.0000
vn 0.4098 0.9122 -0.0000
vn 0.7666 -0.6422 -0.0000
vn 0.3761 0.9266 -0.0000
vn 0.8287 -0.5597 -0.0000
vn 0.6783 0.7348 -0.0000
vn 0.6120 0.7909 -0.0000
vn 0.5921 0.8059 -0.0000
vn -0.6813 -0.7321 -0.0000
vn -0.6926 -0.7213 -0.0000
vn 0.7392 -0.6735 -0.0000
vn 0.8550 0.5186 -0.0000
vn -0.6855 -0.7281 -0.0000
vn -0.7000 -0.7141 -0.0000
vn 0.7600 -0.6500 -0.0000
vn 0.9732 -0.2301 -0.0000
vn 0.5567 -0.8307 -0.0000
vn 0.9970 -0.0772 -0.0000
vn 0.3858 -0.9226 -0.0000
vn 0.1484 -0.9889 -0.0000
vn -0.1484 -0.9889 -0.0000
vn -0.3858 -0.9226 -0.0000
vn -0.9970 -0.0772 -0.0000
vn -0.5567 -0.8307 -0.0000
vn -0.9732 -0.2301 -0.0000
vn -0.7600 -0.6500 -0.0000
vn 0.7000 -0.7141 -0.0000
vn 0.6855 -0.7281 -0.0000
vn -0.8550 0.5186 -0.0000
vn -0.7392 -0.6735 -0.0000
vn 0.6926 -0.7213 -0.0000
vn 0.6813 -0.7320 -0.0000
vn -0.5921 0.8059 -0.0000
vn -0.6120 0.7909 -0.0000
vn -0.6783 0.7348 -0.0000
vn -0.8287 -0.5597 -0.0000
vn -0.0000 -0.9026 0.4305
vn -0.0000 0.9026 0.4305
vn -0.4930 -0.7078 0.5060
vn 0.4739 -0.6937 0.5425
vn -0.0387 -0.9549 0.2943
vn 0.9626 -0.0523 0.2657
vn -0.8908 0.3990 0.2174
vn 0.9571 0.0654 0.2821
vn 0.9606 -0.0873 0.2639
vn -0.0832 0.9612 0.2630
vn 0.7152 -0.6335 0.2953
vn -0.9455 0.2322 0.2282
vn -0.9667 0.1279 0.2218
vn 0.2490 0.9043 0.3468
vn -0.9364 0.2587 0.2371
vn -0.8990 0.3305 0.2873
vn 0.8799 0.3479 0.3237
vn -0.0580 -0.9598 0.2746
vn -0.3878 0.8802 0.2735
vn -0.8500 -0.4562 0.2634
vn 0.0595 0.9456 0.3199
vn 0.9287 -0.2458 0.2778
vn 0.6040 0.7140 0.3542
vn 0.2327 -0.9194 0.3170
vn -0.9548 0.1790 0.2374
vn -0.0364 -0.9589 0.2814
vn -0.7454 0.6029 0.2844
vn -0.3346 -0.9004 0.2781
vn -0.0257 0.2722 0.9619
vn -0.0088 0.2745 0.9616
vn 0.0047 0.2800 0.9600
vn 0.9706 0.1083 0.2151
vn -0.0874 -0.9831 0.1610
vn -0.0632 0.9846 0.1628
vn 0.0245 0.9858 0.1659
vn 0.8906 -0.3935 0.2280
vn -0.8983 -0.3821 0.2169
vn 0.0245 0.9858 0.1664
vn 0.0600 0.9850 0.1616
vn 0.0026 -0.9815 0.1915
vn -0.8897 0.4120 0.1966
vn 0.8983 0.3760 0.2275
vn -0.9848 -0.1464 0.0938
vn -0.2066 0.9640 0.1676
vn 0.9729 -0.0878 0.2139
vn -0.0161 -0.9882 0.1525
vn 0.0170 0.9860 0.1659
vn 0.8829 -0.4416 0.1595
vn -0.3179 -0.9315 0.1767
vn 0.0303 0.9855 0.1668
vn -0.0111 -0.9869 0.1610
vn -0.9694 0.1376 0.2032
vn 0.2904 0.9403 0.1773
vn -0.0223 -0.9879 0.1536
vn -0.6452 0.7393 0.1929
vn 0.9709 0.1052 0.2151
vn -0.0979 -0.9811 0.1669
vn -0.0548 0.9846 0.1661
vn 0.0249 0.9860 0.1651
vn 0.8154 -0.5374 0.2152
vn -0.9021 -0.3727 0.2178
vn 0.0508 0.9851 0.1646
vn 0.0145 -0.9864 0.1639
vn -0.8940 0.4021 0.1975
vn 0.8362 0.5049 0.2140
vn -0.0245 -0.9862 0.1639
vn -0.2123 0.9619 0.1722
vn 0.9731 -0.0853 0.2140
vn -0.0170 -0.9866 0.1625
vn 0.0180 0.9861 0.1649
vn 0.2236 -0.9588 0.1755
vn -0.3260 -0.9278 0.1812
vn 0.0333 0.9857 0.1649
vn -0.0303 -0.9854 0.1673
vn -0.9700 0.1337 0.2033
vn 0.2980 0.9371 0.1819
vn -0.0245 -0.9861 0.1641
vn -0.6554 0.7295 0.1959
vn 0.9645 0.1615 0.2088
vn -0.0571 -0.9901 0.1279
vn -0.0483 0.9909 0.1253
vn -0.0000 0.9926 0.1215
vn 0.7548 -0.6260 0.1960
vn -0.8484 -0.4871 0.2070
vn 0.0174 0.9920 0.1254
vn 0.0265 -0.9918 0.1247
vn -0.8566 0.4808 0.1872
vn 0.7539 0.6271 0.1960
vn -0.0000 -0.9924 0.1233
vn -0.6127 -0.7352 0.2900
vn 0.8736 -0.4108 0.2608
vn -0.8299 0.5102 0.2258
vn 0.0433 -0.9626 0.2676
vn 0.9592 -0.1602 0.2330
vn -0.9354 0.2328 0.2661
vn 0.3644 -0.8921 0.2674
vn 0.8898 0.3633 0.2763
vn -0.6959 0.6914 0.1941
vn 0.7354 -0.6157 0.2830
vn 0.0585 0.9723 0.2264
vn -0.9809 -0.0348 0.1914
vn 0.9426 -0.2383 0.2340
vn -0.4829 0.8511 0.2058
vn -0.1836 -0.9361 0.3000
vn 0.9698 -0.0197 0.2430
vn -0.9461 0.2308 0.2272
vn -0.8289 0.5148 0.2190
vn 0.1825 -0.9494 0.2557
vn 0.4498 0.8448 0.2898
vn -0.8961 0.3606 0.2590
vn -0.7778 0.6042 0.1729
vn 0.5658 -0.7753 0.2805
vn -0.1823 0.9632 0.1978
vn -0.1827 0.9741 0.1331
vn 0.9729 -0.0883 0.2135
vn 0.0070 -0.9925 0.1223
vn -0.0072 0.9928 0.1199
vn 0.1917 -0.9720 0.1358
vn -0.2366 -0.9612 0.1417
vn 0.0030 0.9924 0.1233
vn -0.0034 -0.9924 0.1234
vn -0.9676 0.1515 0.2021
vn 0.2137 0.9666 0.1417
vn -0.5728 0.8026 0.1666
vn 0.9672 0.1437 0.2094
vn -0.0631 -0.9876 0.1436
vn -0.0579 0.9883 0.1414
vn -0.0000 0.9901 0.1401
vn 0.7884 -0.5802 0.2047
vn -0.8707 -0.4436 0.2125
vn 0.0266 0.9895 0.1421
vn 0.0318 -0.9896 0.1406
vn -0.8785 0.4376 0.1920
vn 0.7875 0.5813 0.2047
vn -0.0000 -0.9901 0.1407
vn -0.2045 0.9675 0.1489
vn 0.9738 -0.0785 0.2137
vn 0.0091 -0.9900 0.1409
vn -0.0070 0.9903 0.1388
vn 0.2144 -0.9649 0.1519
vn -0.2640 -0.9515 0.1581
vn 0.0034 0.9898 0.1423
vn 0.0004 -0.9901 0.1407
vn -0.9699 0.1347 0.2026
vn 0.2387 0.9581 0.1583
vn -0.6166 0.7666 0.1793
vn -0.0560 -0.9882 0.1425
vn -0.0685 0.9874 0.1428
vn -0.0000 0.9899 0.1419
vn 0.7884 -0.5801 0.2047
vn 0.0223 0.9897 0.1415
vn 0.0271 -0.9898 0.1399
vn -0.0000 -0.9907 0.1360
vn 0.9737 -0.0785 0.2137
vn 0.0072 -0.9908 0.1348
vn -0.0059 0.9899 0.1417
vn 0.0073 0.9899 0.1417
vn -0.0030 -0.9904 0.1381
vn -0.7207 0.6562 0.2234
vn 0.3141 0.9231 0.2220
vn -0.9713 0.0988 0.2162
vn 0.0098 0.9789 0.2039
vn -0.3456 -0.9121 0.2205
vn 0.2837 -0.9347 0.2141
vn -0.0080 0.9789 0.2040
vn 0.9721 -0.0574 0.2273
vn -0.2712 0.9393 0.2104
vn 0.8502 0.4595 0.2567
vn -0.9178 0.3347 0.2137
vn 0.0634 -0.9766 0.2053
vn 0.0301 0.9786 0.2036
vn -0.0000 0.9789 0.2042
vn -0.9066 -0.3382 0.2522
vn 0.8553 -0.4609 0.2367
vn -0.0922 0.9744 0.2051
vn -0.1104 -0.9714 0.2102
vn 0.9677 0.1053 0.2292
vn -0.8592 0.4903 0.1463
vn 0.6963 -0.6060 0.3845
vn -0.0988 -0.9534 0.2849
vn 0.0189 -0.9605 0.2776
vn -0.5615 0.7855 0.2601
vn 0.0150 -0.9277 0.3731
vn -0.6882 0.6999 0.1911
vn 0.6756 -0.6307 0.3818
vn -0.7431 -0.6196 0.2527
vn -0.5992 0.7698 0.2199
vn 0.0234 -0.9684 0.2483
vn 0.7552 -0.5549 0.3489
vn -0.8863 -0.4121 0.2114
vn -0.6260 0.7557 0.1926
vn 0.0154 -0.9504 0.3106
vn -0.4067 0.5803 0.7056
vn -0.5353 0.3725 0.7581
vn 0.0905 0.2800 0.9557
vn -0.1419 0.2191 0.9653
vn -0.1126 0.1331 0.9847
vn -0.0365 -0.0725 0.9967
vn 0.1122 0.0387 0.9929
vn -0.0209 -0.1041 0.9943
vn 0.1531 -0.1891 0.9699
vn 0.1170 -0.0589 0.9914
vn -0.0842 -0.1309 0.9878
vn 0.0144 -0.0286 0.9995
vn -0.0523 0.0715 0.9961
vn -0.0388 -0.1152 0.9926
vn 0.0046 0.0055 1.0000
vn -0.0025 0.0282 0.9996
vn -0.0321 -0.0831 0.9960
vn 0.0631 -0.0276 0.9976
vn -0.0442 -0.1230 0.9914
vn 0.1173 -0.1365 0.9837
vn 0.1926 -0.3634 0.9115
vn 0.3083 -0.4423 0.8422
vn -0.0114 -0.0613 0.9981
vn 0.2618 -0.5784 0.7726
vn 0.0224 -0.4524 0.8915
vn -0.1877 0.0847 0.9786
vn -0.6135 0.1682 0.7716
vn 0.9070 0.3427 0.2446
vn -0.8932 -0.2818 0.3504
vn 0.1976 -0.9181 0.3435
vn -0.0570 -0.9515 0.3024
vn 0.7367 0.5851 0.3390
vn 0.0102 -0.9104 0.4136
vn 0.7272 0.6565 0.2004
vn -0.3205 -0.9368 0.1405
vn 0.7030 -0.5954 0.3890
vn 0.0998 -0.9527 0.2870
vn 0.6802 0.6678 0.3023
vn 0.0427 -0.9551 0.2933
vn 0.0913 0.0426 0.9949
vn 0.2327 0.2687 0.9347
vn 0.7380 0.1439 0.6593
vn -0.0738 -0.1652 0.9835
vn -0.1022 -0.1173 0.9878
vn -0.1508 -0.0433 0.9876
vn -0.0439 -0.0738 0.9963
vn -0.0351 -0.0942 0.9949
vn -0.0983 0.0458 0.9941
vn 0.0195 0.0527 0.9984
vn 0.0545 -0.0169 0.9984
vn -0.3279 0.0697 0.9421
vn -0.1029 -0.1594 0.9818
vn -0.1342 -0.0915 0.9867
vn -0.3190 0.1170 0.9405
vn -0.4859 -0.3262 0.8108
vn -0.5261 -0.2631 0.8087
vn 0.4619 -0.0708 0.8841
vn -0.0000 -0.9896 0.1440
vn 0.1442 0.9793 0.1421
vn -0.9355 0.2255 0.2719
vn -0.0030 -0.9919 0.1270
vn -0.8573 0.4701 0.2101
vn 0.1573 -0.9580 0.2399
vn 0.0043 -0.9859 0.1671
vn 0.9558 0.0901 0.2799
vn -0.0000 -0.9917 0.1283
vn 0.9337 0.2844 0.2176
vn -0.8704 0.4234 0.2512
vn 0.0268 -0.9773 0.2103
vn 0.0205 0.9898 0.1412
vn 0.9065 -0.3526 0.2324
vn 0.0502 0.9959 0.0747
vn 0.0148 -0.9821 0.1878
vn 0.9415 0.1745 0.2884
vn -0.2172 -0.1180 0.9690
vn -0.1462 0.0475 0.9881
vn -0.0297 0.0471 0.9984
vn -0.0007 0.0261 0.9997
vn -0.0010 -0.0129 0.9999
vn -0.2636 -0.9373 0.2281
vn 0.8977 -0.2617 0.3545
vn -0.7531 0.5844 0.3021
vn 0.9176 -0.1662 0.3611
vn -0.8523 0.3892 0.3495
vn 0.8858 0.1828 0.4265
vn 0.7677 0.6060 0.2082
vn 0.0767 0.9691 0.2345
vn -0.9363 -0.2694 0.2251
vn 0.8792 -0.3081 0.3634
vn -0.0922 0.9533 0.2877
vn -0.0020 -0.9806 0.1962
vn 0.8930 -0.2302 0.3867
vn -0.8767 0.3708 0.3065
vn -0.9119 0.3180 0.2594
vn 0.1346 0.9411 0.3103
vn -0.8409 0.4134 0.3493
vn 0.0214 0.9829 0.1830
vn -0.1575 0.0257 0.9872
vn -0.1284 0.1816 0.9750
vn -0.1432 0.0126 0.9896
vn 0.2252 -0.0367 0.9736
vn 0.1735 0.0988 0.9799
vn -0.2097 0.3067 0.9284
vn -0.3657 0.0907 0.9263
vn 0.0693 0.3360 0.9393
vn -0.0208 0.4191 0.9077
vn 0.1172 -0.9771 0.1774
vn -0.9865 0.0737 0.1460
vn 0.9096 0.3816 0.1647
vn -0.1172 0.9771 0.1774
vn 0.6108 -0.7765 0.1546
vn -0.9095 -0.3816 0.1647
vn 0.5186 0.8348 0.1847
vn -0.6108 0.7765 0.1546
vn 0.8796 -0.4540 0.1422
vn -0.5186 -0.8348 0.1847
vn -0.8796 0.4540 0.1422
vn 0.9865 -0.0737 0.1460
vn 0.9095 0.3816 0.1647
vn -0.6165 0.7666 0.1793
vn 0.0036 -0.0033 -1.0000
vn -0.2512 0.0243 -0.9676
vn 0.9611 -0.2282 0.1554
vn -0.9408 -0.2208 0.2571
vn -0.5540 0.8241 0.1179
vn -0.0839 0.9846 0.1535
vn 0.3331 0.9229 0.1928
vn -0.1750 -0.9687 0.1759
vn -0.0041 0.9062 0.4228
vn 0.4284 -0.8750 0.2255
vn 0.8934 -0.4331 0.1195
vn 0.9294 0.3143 0.1934
vn -0.0993 0.9697 0.2230
vn 0.5256 -0.8392 0.1396
vn -0.7267 -0.6264 0.2819
vn 0.9872 0.0485 0.1521
vn -0.9817 0.0157 0.1897
vn 0.9875 -0.0000 0.1578
vn -0.0209 0.9748 0.2223
vn 0.9920 -0.0000 0.1263
vn 0.5211 0.8329 0.1863
vn -0.9798 -0.0267 0.1980
vn -0.5212 -0.8424 0.1367
vn 0.8880 -0.4016 0.2238
vn 0.0776 0.9848 0.1556
vn 0.8941 0.3882 0.2236
vn 0.0852 -0.9880 0.1285
vn 0.9566 -0.2271 0.1826
vn 0.9578 0.2873 -0.0000
vn -0.5585 0.8204 0.1226
vn 0.6731 -0.7068 0.2179
vn -0.8306 -0.1940 0.5220
vn -0.0839 0.9850 0.1506
vn -0.2588 -0.9542 0.1499
vn 0.8828 -0.4280 0.1936
vn -0.0565 -0.8905 0.4515
vn 0.0852 0.9711 0.2231
vn 0.5218 -0.8332 0.1831
vn 0.8957 -0.4176 0.1531
vn -0.9729 -0.0234 0.2302
vn 0.9823 0.0971 0.1604
vn 0.8068 -0.5362 0.2480
vn -0.9242 0.3478 0.1576
vn -0.7508 0.5904 0.2964
vn 0.9334 -0.2710 0.2352
vn 0.8584 -0.3449 0.3798
vn -0.9869 -0.0073 0.1609
vn -0.0086 0.9805 0.1966
vn -0.9618 0.0009 0.2739
vn 0.9799 0.1231 0.1569
vn 0.9889 -0.0000 0.1486
vn 0.5367 0.8127 0.2269
vn -0.4536 -0.8696 0.1949
vn 0.7895 0.5723 0.2217
vn -0.9891 -0.0405 0.1417
vn -0.0137 0.9676 0.2519
vn -0.1807 0.9529 0.2435
vn -0.5106 -0.8493 0.1341
vn -0.6039 0.7811 0.1585
vn 0.8846 0.4295 0.1815
vn -0.5708 0.8077 0.1476
vn 0.8064 0.5451 0.2291
vn -0.9893 0.0108 0.1455
vn -0.9579 -0.2274 0.1755
vn 0.9937 0.0154 0.1109
vn 0.9517 -0.2847 0.1145
vn 0.0260 -0.9827 0.1833
vn -0.0020 0.9123 0.4096
vn 0.9896 -0.0330 0.1403
vn 0.9862 -0.1005 0.1313
vn 0.9701 -0.0000 0.2426
vn -0.9755 -0.0557 0.2128
vn -0.9355 0.0034 0.3534
vn 0.9315 -0.3111 0.1885
vn -0.9388 -0.2517 0.2353
vn 0.9261 0.3155 0.2066
vn 0.5282 0.7966 0.2939
vn 0.7703 0.5609 0.3034
vn -0.9235 0.3313 0.1931
vn 0.9195 0.3339 0.2073
vn -0.3238 -0.3211 0.8900
vn -0.0012 -0.0015 1.0000
vn -0.0000 -0.0015 1.0000
vn -0.0352 0.0004 0.9994
vn 0.1101 -0.0292 0.9935
vn -0.0123 -0.0121 0.9999
vn 0.0775 0.9837 0.1622
vn -0.5988 -0.7812 0.1769
vn -0.1373 0.9780 0.1574
vn 0.5229 0.8358 0.1674
vn -0.9774 -0.0331 0.2087
vn 0.9837 -0.0000 0.1801
vn -0.0010 -0.9768 0.2144
vn 0.0255 0.9868 0.1601
vn 0.8903 0.2899 0.3513
vn -0.9940 0.0297 0.1050
vn -0.8575 -0.5019 0.1134
vn -0.0000 -0.9815 0.1913
vn 0.9889 -0.0420 0.1428
vn -0.9089 0.2814 0.3079
vn 0.0060 0.9838 0.1790
vn 0.9279 0.3546 0.1153
vn -0.8153 0.5608 0.1441
vn 0.9777 -0.0112 0.2096
vn 0.9757 0.1980 0.0940
vn -0.8766 -0.3106 0.3676
vn 0.4154 -0.8928 0.1743
vn 0.7783 0.5570 0.2898
vn -0.3119 0.9426 0.1189
vn -0.7967 -0.5064 0.3299
vn -0.2484 -0.9529 0.1737
vn 0.9675 0.0460 0.2486
vn -0.6403 0.7602 0.1105
vn -0.6279 -0.6968 0.3468
vn -0.9850 -0.0931 0.1451
vn 0.4573 -0.7404 0.4926
vn -0.8846 -0.4344 0.1698
vn 0.4000 0.8995 0.1758
vn -0.9893 -0.0017 0.1461
vn -0.9896 0.0023 0.1441
vn 0.5783 -0.7041 0.4122
vn 0.6002 -0.7844 0.1564
vn 0.9614 -0.0321 0.2732
vn -0.0992 0.9766 0.1908
vn -0.5180 0.8372 0.1753
vn 0.9702 0.0082 0.2420
vn 0.9424 0.2678 0.2003
vn -0.0353 0.9782 0.2048
vn 0.8798 -0.3883 0.2744
vn 0.9088 -0.2814 0.3079
vn -0.9856 -0.0604 0.1578
vn 0.7343 0.6465 0.2071
vn 0.9802 -0.0318 0.1956
vn -0.9920 -0.0420 0.1186
vn 0.9882 -0.0000 0.1532
vn -0.9228 -0.3490 0.1635
vn 0.3586 0.9103 0.2070
vn -0.5373 0.7603 0.3650
vn 0.5480 -0.7952 0.2594
vn -0.5956 0.7703 0.2278
vn -0.3585 0.9188 0.1653
vn -0.9316 0.3342 0.1430
vn 0.9876 -0.0000 0.1573
vn 0.9282 0.3244 -0.1824
vn 0.5540 -0.8241 -0.1179
vn 0.0917 0.9424 -0.3217
vn 0.0839 -0.9846 -0.1535
vn 0.2438 0.9505 -0.1928
vn -0.0020 -0.9030 -0.4296
vn -0.2552 0.9147 -0.3133
vn -0.8934 0.4331 -0.1195
vn -0.9294 -0.3143 -0.1934
vn 0.0993 -0.9697 -0.2230
vn -0.5256 0.8392 -0.1396
vn 0.7388 0.6071 -0.2927
vn -0.9873 -0.0378 -0.1540
vn 0.9817 -0.0157 -0.1897
vn -0.9875 -0.0000 -0.1578
vn 0.0016 -0.9686 -0.2487
vn -0.9920 -0.0000 -0.1263
vn -0.5211 -0.8329 -0.1863
vn 0.9798 0.0537 -0.1924
vn 0.5041 0.8535 -0.1317
vn -0.0776 -0.9848 -0.1556
vn -0.8830 -0.4327 -0.1821
vn -0.0852 0.9880 -0.1285
vn -0.9566 0.2271 -0.1826
vn -0.9578 -0.2873 -0.0000
vn 0.5585 -0.8204 -0.1226
vn -0.7167 0.6647 -0.2112
vn 0.4710 0.7625 -0.4435
vn 0.0839 -0.9850 -0.1506
vn 0.2458 0.9581 -0.1469
vn -0.8828 0.4280 -0.1936
vn 0.0565 0.8905 -0.4515
vn -0.0852 -0.9711 -0.2231
vn -0.5218 0.8332 -0.1831
vn -0.8957 0.4176 -0.1531
vn 0.9594 -0.0456 -0.2783
vn -0.9830 -0.0857 -0.1623
vn -0.8068 0.5362 -0.2480
vn 0.9242 -0.3478 -0.1576
vn 0.8034 -0.5749 -0.1553
vn -0.8027 0.5103 -0.3086
vn -0.8584 0.3449 -0.3798
vn 0.9901 0.0160 -0.1397
vn -0.0000 -0.9780 -0.2085
vn 0.9707 0.0111 -0.2401
vn -0.9803 -0.1162 -0.1596
vn -0.9889 -0.0000 -0.1486
vn -0.5399 -0.8099 -0.2292
vn -0.7903 -0.5709 -0.2225
vn 0.0137 -0.9676 -0.2519
vn 0.6039 -0.7811 -0.1585
vn -0.8835 -0.4330 -0.1785
vn 0.5708 -0.8077 -0.1476
vn 0.8282 -0.5415 -0.1444
vn 0.9588 0.2661 -0.0999
vn -0.0000 0.9823 -0.1871
vn -0.9936 -0.0150 -0.1119
vn -0.9517 0.2847 -0.1145
vn 0.0020 -0.9123 -0.4096
vn -0.9896 0.0331 -0.1403
vn -0.9862 0.1005 -0.1313
vn -0.9701 -0.0000 -0.2426
vn 0.9894 0.0852 -0.1175
vn 0.9508 0.0153 -0.3094
vn -0.9315 0.3111 -0.1885
vn 0.9391 0.2933 -0.1792
vn -0.9287 -0.3359 -0.1572
vn -0.5299 -0.7950 -0.2953
vn -0.7719 -0.5576 -0.3053
vn 0.9235 -0.3313 -0.1931
vn 0.9505 0.0389 -0.3081
vn -0.9198 -0.3326 -0.2081
vn 0.3238 0.3211 -0.8900
vn 0.0012 0.0015 -1.0000
vn -0.0000 0.0015 -1.0000
vn -0.0128 -0.0200 -0.9997
vn 0.0003 0.0014 -1.0000
vn -0.1101 0.0292 -0.9935
vn 0.0123 0.0121 -0.9999
vn -0.0775 -0.9837 -0.1622
vn 0.5025 0.8508 -0.1535
vn 0.1373 -0.9779 -0.1574
vn -0.5229 -0.8358 -0.1674
vn 0.9753 0.0269 -0.2193
vn -0.9837 -0.0000 -0.1801
vn 0.0015 0.9767 -0.2146
vn -0.0255 -0.9868 -0.1601
vn -0.8902 -0.2899 -0.3513
vn 0.9952 0.0035 -0.0978
vn 0.7935 0.5997 -0.1035
vn -0.0000 0.9815 -0.1913
vn -0.9889 0.0420 -0.1428
vn 0.9088 -0.2814 -0.3079
vn 0.0151 -0.9881 -0.1533
vn 0.8153 -0.5608 -0.1441
vn -0.9777 0.0112 -0.2096
vn -0.9871 -0.1184 -0.1081
vn 0.8713 0.3501 -0.3439
vn -0.7783 -0.5570 -0.2898
vn 0.3119 -0.9426 -0.1189
vn 0.8008 0.5322 -0.2746
vn -0.9675 -0.0460 -0.2486
vn 0.6403 -0.7602 -0.1105
vn -0.0605 0.9523 -0.2990
vn -0.4573 0.7404 -0.4926
vn 0.9578 -0.2874 -0.0000
vn -0.4000 -0.8995 -0.1757
vn -0.5783 0.7041 -0.4122
vn -0.6529 -0.6942 -0.3032
vn 0.9824 -0.1870 -0.0000
vn -0.9614 0.0321 -0.2732
vn 0.0992 -0.9766 -0.1908
vn 0.5180 -0.8373 -0.1753
vn -0.9739 -0.0147 -0.2264
vn 0.9891 0.0404 -0.1417
vn -0.9183 -0.3550 -0.1751
vn 0.0353 -0.9782 -0.2048
vn -0.9231 0.2812 -0.2623
vn -0.9089 0.2814 -0.3079
vn -0.7343 -0.6465 -0.2071
vn -0.7538 -0.5095 -0.4149
vn 0.9872 0.0265 -0.1576
vn -0.9882 -0.0000 -0.1532
vn -0.3586 -0.9103 -0.2070
vn 0.5373 -0.7603 -0.3650
vn -0.7983 0.5484 -0.2490
vn 0.5956 -0.7703 -0.2278
vn -0.9823 -0.1871 -0.0000
vn 0.3585 -0.9188 -0.1653
vn 0.9316 -0.3342 -0.1430
vn -0.9876 -0.0000 -0.1573
vn 0.7156 0.6985 -0.0000
vn 0.9800 0.1992 -0.0000
vn 0.4061 0.9139 -0.0000
vn 0.7206 0.6934 -0.0000
vn -0.6782 -0.7349 -0.0000
vn 0.8775 -0.4797 -0.0000
vn -0.9824 0.1870 -0.0000
vn -0.8498 -0.4404 0.2896
vn -0.7204 0.6299 0.2902
vn -0.4241 0.8883 0.1761
vn -0.6232 0.7421 0.2469
vn -0.8275 -0.4472 0.3395
vn -0.7244 0.5831 0.3677
vn -0.1608 -0.9593 0.2323
vn -0.9709 -0.1944 0.1400
vn 0.8498 -0.4404 0.2896
vn 0.7204 0.6299 0.2902
vn 0.4159 0.8878 0.1973
vn 0.5951 0.7575 0.2683
vn 0.8275 -0.4472 0.3395
vn 0.7244 0.5831 0.3677
vn 0.1608 -0.9593 0.2323
vn 0.9453 -0.1527 0.2882
vn 0.8498 0.4404 -0.2896
vn 0.7204 -0.6299 -0.2902
vn 0.4159 -0.8878 -0.1973
vn 0.5951 -0.7575 -0.2683
vn 0.8275 0.4472 -0.3395
vn 0.7244 -0.5831 -0.3677
vn 0.1608 0.9593 -0.2323
vn 0.9453 0.1527 -0.2882
vn -0.8498 0.4404 -0.2896
vn -0.7204 -0.6299 -0.2902
vn -0.4241 -0.8883 -0.1761
vn -0.6232 -0.7421 -0.2469
vn -0.8275 0.4472 -0.3395
vn -0.7244 -0.5831 -0.3677
vn -0.1608 0.9593 -0.2323
vn -0.9709 0.1944 -0.1400
vn -0.7305 -0.5091 0.4551
vn -0.5866 0.6691 0.4563
vn -0.5400 0.6761 0.5013
vn -0.6849 -0.5946 0.4211
vn -0.6601 0.7029 0.2647
vn -0.6129 -0.6515 0.4472
vn 0.6578 -0.6602 0.3624
vn -0.6775 0.6836 0.2714
vn -0.6738 -0.6404 0.3687
vn 0.0058 -0.8791 0.4767
vn 0.6751 -0.6542 0.3410
vn -0.6411 -0.7362 0.2169
vn 0.6804 0.6662 0.3054
vn 0.3277 0.9004 0.2863
vn 0.9682 0.1959 0.1559
vn -0.1232 -0.8205 0.5582
vn 0.0256 -0.9563 -0.2911
vn -0.9355 -0.1043 0.3375
vn 0.4235 0.8872 0.1832
vn -0.8068 0.5478 0.2210
vn -0.8225 -0.5314 0.2025
vn 0.6701 -0.6871 -0.2809
vn -0.6578 0.6602 -0.3624
vn 0.6129 0.6515 -0.4472
vn -0.9063 -0.0000 0.4225
vn 0.6411 -0.6995 -0.3156
vn 0.7977 0.5650 0.2106
vn -0.9430 0.1053 0.3158
vn 0.6427 -0.7060 0.2975
vn -0.7000 -0.6524 0.2905
vn 0.7305 -0.5091 0.4551
vn 0.5866 0.6691 0.4563
vn 0.5400 0.6761 0.5013
vn -0.6053 0.7475 0.2737
vn 0.6928 -0.6390 0.3343
vn 0.6411 0.6995 0.3156
vn 0.6129 -0.6515 0.4472
vn -0.6578 -0.6602 0.3624
vn 0.6701 0.6871 0.2809
vn 0.0256 0.9563 0.2911
vn 0.6738 -0.6404 0.3687
vn -0.0058 -0.8791 0.4767
vn 0.0055 0.9648 0.2629
vn -0.6751 -0.6542 0.3410
vn 0.6411 -0.7362 0.2169
vn -0.6819 0.6691 0.2955
vn -0.2746 0.9463 0.1706
vn -0.9753 0.2083 0.0739
vn 0.1100 -0.8262 0.5526
vn 0.6928 0.6390 -0.3343
vn 0.9488 -0.1147 0.2944
vn -0.4162 0.8924 0.1741
vn 0.7665 0.5407 0.3466
vn 0.8225 -0.5314 0.2025
vn -0.6053 -0.7475 -0.2737
vn 0.5400 -0.6761 -0.5013
vn 0.5866 -0.6691 -0.4563
vn 0.9163 -0.0078 0.4005
vn 0.7305 0.5091 -0.4551
vn -0.7965 0.5725 0.1948
vn 0.9430 0.1053 0.3158
vn -0.6427 -0.7060 0.2975
vn 0.7000 -0.6524 0.2905
vn 0.6738 0.6404 -0.3687
vn -0.0058 0.8791 -0.4767
vn 0.0055 -0.9648 -0.2629
vn -0.6751 0.6542 -0.3410
vn 0.6411 0.7362 -0.2169
vn -0.6819 -0.6691 -0.2955
vn -0.2746 -0.9463 -0.1706
vn -0.9753 -0.2083 -0.0739
vn 0.1100 0.8262 -0.5526
vn 0.9488 0.1147 -0.2944
vn -0.4162 -0.8924 -0.1741
vn 0.7665 -0.5407 -0.3466
vn 0.8225 0.5314 -0.2025
vn 0.9163 0.0078 -0.4005
vn -0.7965 -0.5725 -0.1948
vn 0.9430 -0.1053 -0.3158
vn -0.6427 0.7060 -0.2975
vn 0.7000 0.6524 -0.2905
vn -0.7305 0.5091 -0.4551
vn -0.5866 -0.6691 -0.4563
vn -0.5400 -0.6761 -0.5013
vn -0.6849 0.5946 -0.4211
vn -0.6601 -0.7029 -0.2647
vn -0.6129 0.6515 -0.4472
vn 0.6578 0.6602 -0.3624
vn -0.6775 -0.6836 -0.2714
vn -0.6738 0.6404 -0.3687
vn 0.0058 0.8791 -0.4767
vn 0.6751 0.6542 -0.3410
vn -0.6411 0.7362 -0.2169
vn 0.6804 -0.6662 -0.3054
vn 0.3277 -0.9004 -0.2863
vn 0.9682 -0.1959 -0.1559
vn -0.1232 0.8205 -0.5582
vn -0.9355 0.1043 -0.3375
vn 0.4235 -0.8872 -0.1832
vn -0.8068 -0.5478 -0.2210
vn -0.8225 0.5314 -0.2025
vn -0.9063 -0.0000 -0.4225
vn 0.7977 -0.5650 -0.2106
vn -0.9430 -0.1053 -0.3158
vn 0.6427 0.7060 -0.2975
vn -0.7000 0.6524 -0.2905
vn -0.6813 -0.7320 -0.0000
vn -0.4739 -0.6937 0.5425
vn 0.4930 -0.7078 0.5060
vn -0.0006 0.2198 -0.9755
vn 0.0028 0.2538 -0.9672
vn -0.0081 0.2339 -0.9722
vn -0.0126 -0.9582 0.2859
vn 0.9624 -0.0536 0.2662
vn -0.8961 0.3887 0.2144
vn 0.9572 0.0681 0.2812
vn 0.9515 -0.1204 0.2830
vn -0.0247 0.9569 0.2892
vn 0.6224 -0.6958 0.3586
vn -0.9184 0.3147 0.2398
vn -0.9558 0.1730 0.2377
vn 0.2924 0.8967 0.3323
vn -0.9567 0.1950 0.2163
vn -0.8910 0.3662 0.2684
vn 0.8816 0.3421 0.3252
vn -0.1415 -0.9424 0.3031
vn -0.3904 0.8794 0.2724
vn -0.9531 -0.0398 0.3002
vn 0.1275 0.9485 0.2900
vn 0.9111 -0.2798 0.3028
vn 0.6211 0.6954 0.3614
vn 0.1838 -0.9229 0.3383
vn -0.9297 0.2509 0.2698
vn -0.0282 -0.9599 0.2790
vn -0.7520 0.5916 0.2907
vn -0.5009 -0.8003 0.3296
vn -0.0131 0.2794 0.9601
vn 0.0004 0.2750 0.9614
vn -0.0364 0.2979 0.9539
vn 0.9696 0.1273 0.2092
vn -0.0861 -0.9831 0.1617
vn -0.0430 0.9842 0.1715
vn 0.0242 0.9858 0.1661
vn 0.8787 -0.4241 0.2190
vn -0.8728 -0.4293 0.2323
vn 0.0242 0.9858 0.1662
vn 0.0460 0.9846 0.1686
vn 0.0464 -0.9861 0.1595
vn -0.8630 0.4585 0.2119
vn 0.8848 0.4122 0.2172
vn -0.9896 -0.0852 0.1161
vn -0.1772 0.9682 0.1765
vn 0.9725 -0.0983 0.2109
vn -0.0153 -0.9881 0.1529
vn 0.0184 0.9858 0.1666
vn 0.9212 -0.3182 0.2240
vn -0.2817 -0.9409 0.1883
vn 0.0313 0.9856 0.1663
vn -0.0166 -0.9875 0.1567
vn -0.9657 0.1551 0.2081
vn 0.2571 0.9479 0.1882
vn -0.0850 -0.9897 0.1152
vn -0.5897 0.7797 0.2105
vn 0.9700 0.1237 0.2092
vn -0.0884 -0.9812 0.1716
vn -0.0443 0.9843 0.1707
vn 0.7749 -0.5874 0.2333
vn -0.8773 -0.4192 0.2336
vn 0.0474 0.9849 0.1663
vn 0.0072 -0.9856 0.1688
vn -0.8682 0.4480 0.2132
vn 0.7981 0.5559 0.2323
vn -0.0249 -0.9862 0.1637
vn -0.1821 0.9664 0.1813
vn 0.9728 -0.0955 0.2110
vn -0.0157 -0.9865 0.1632
vn 0.0189 0.9860 0.1654
vn 0.1920 -0.9633 0.1876
vn -0.2890 -0.9376 0.1932
vn 0.0322 0.9857 0.1655
vn -0.0245 -0.9862 0.1637
vn -0.9664 0.1508 0.2082
vn 0.2639 0.9450 0.1932
vn -0.0249 -0.9862 0.1639
vn -0.6001 0.7707 0.2142
vn 0.9591 0.1849 0.2145
vn -0.0487 -0.9901 0.1318
vn -0.0529 0.9910 0.1232
vn 0.7072 -0.6755 0.2089
vn -0.8138 -0.5381 0.2193
vn 0.0172 0.9919 0.1255
vn 0.0246 -0.9917 0.1261
vn -0.8229 0.5320 0.1995
vn 0.7061 0.6764 0.2093
vn -0.7407 -0.5882 0.3245
vn 0.8307 -0.4715 0.2962
vn -0.8437 0.4796 0.2411
vn -0.0686 -0.9478 0.3113
vn 0.9562 -0.1697 0.2387
vn -0.9449 0.2072 0.2534
vn 0.3492 -0.8961 0.2739
vn 0.9023 0.3156 0.2936
vn -0.7091 0.6794 0.1885
vn 0.7056 -0.6417 0.3006
vn 0.0928 0.9725 0.2135
vn -0.8411 0.4929 0.2227
vn 0.9166 -0.2971 0.2675
vn -0.5372 0.8095 0.2371
vn -0.2976 -0.8925 0.3391
vn 0.9679 -0.0318 0.2492
vn -0.9502 0.1812 0.2535
vn -0.7938 0.5602 0.2368
vn 0.1333 -0.9521 0.2754
vn 0.5222 0.8111 0.2636
vn -0.8984 0.3560 0.2573
vn -0.6900 0.6981 0.1911
vn 0.5443 -0.7868 0.2911
vn -0.2018 0.9572 0.2074
vn -0.1592 0.9773 0.1398
vn 0.9723 -0.1017 0.2104
vn -0.0046 0.9926 0.1215
vn 0.1670 -0.9753 0.1449
vn -0.2067 -0.9668 0.1505
vn 0.0056 0.9925 0.1219
vn 0.0003 -0.9921 0.1258
vn -0.9629 0.1736 0.2067
vn 0.1864 0.9709 0.1501
vn -0.5182 0.8363 0.1792
vn 0.9626 0.1647 0.2153
vn -0.0548 -0.9875 0.1479
vn -0.0595 0.9883 0.1406
vn 0.7442 -0.6307 0.2199
vn -0.8401 -0.4929 0.2264
vn 0.0194 0.9892 0.1453
vn 0.0276 -0.9893 0.1432
vn -0.8488 0.4869 0.2058
vn 0.7432 0.6318 0.2203
vn -0.1783 0.9714 0.1566
vn 0.9734 -0.0903 0.2106
vn 0.0079 -0.9901 0.1402
vn -0.0051 0.9901 0.1400
vn 0.1870 -0.9689 0.1622
vn -0.2309 -0.9583 0.1681
vn 0.0063 0.9900 0.1409
vn 0.0003 -0.9901 0.1407
vn -0.9660 0.1545 0.2074
vn 0.2085 0.9635 0.1678
vn -0.5616 0.8043 0.1942
vn -0.0548 -0.9882 0.1430
vn -0.0594 0.9874 0.1467
vn 0.0194 0.9895 0.1430
vn 0.0276 -0.9898 0.1395
vn -0.8489 0.4869 0.2058
vn 0.7432 0.6317 0.2203
vn 0.0079 -0.9908 0.1352
vn -0.0051 0.9898 0.1422
vn 0.0063 0.9898 0.1423
vn 0.0003 -0.9907 0.1360
vn -0.6688 0.7014 0.2465
vn 0.2753 0.9319 0.2362
vn -0.9685 0.1134 0.2216
vn 0.0085 0.9788 0.2047
vn -0.3037 -0.9232 0.2357
vn 0.2480 -0.9412 0.2293
vn -0.0069 0.9788 0.2046
vn 0.9723 -0.0661 0.2242
vn -0.2371 0.9458 0.2219
vn 0.8252 0.5137 0.2349
vn -0.8969 0.3767 0.2317
vn 0.0372 -0.9754 0.2173
vn 0.0261 0.9783 0.2057
vn -0.8928 -0.3836 0.2361
vn 0.8208 -0.5094 0.2584
vn -0.0801 0.9743 0.2107
vn -0.0735 -0.9702 0.2311
vn 0.9672 0.1212 0.2231
vn 0.2284 -0.0948 0.9689
vn -0.9112 0.3952 0.1166
vn 0.6097 -0.6574 0.4429
vn -0.1902 -0.9477 0.2565
vn 0.0830 -0.9496 0.3024
vn -0.6319 0.7485 0.2008
vn 0.1405 -0.9467 0.2899
vn -0.5217 0.8521 0.0407
vn 0.6050 -0.7439 0.2838
vn -0.7228 -0.6470 0.2430
vn -0.5821 0.7898 0.1936
vn 0.0812 -0.9595 0.2699
vn 0.1415 -0.6360 0.7586
vn -0.5507 0.7937 0.2585
vn -0.0166 -0.9559 0.2933
vn -0.1458 0.7978 0.5850
vn -0.3630 0.5606 0.7442
vn -0.4554 0.5535 0.6973
vn -0.1763 0.1477 0.9732
vn -0.0738 0.1776 0.9813
vn 0.0261 0.0519 0.9983
vn -0.2024 0.0331 0.9787
vn 0.0018 0.0079 1.0000
vn 0.1397 -0.2259 0.9641
vn 0.0749 -0.1491 0.9860
vn 0.0204 -0.1827 0.9830
vn 0.0185 -0.0099 0.9998
vn -0.0699 0.0131 0.9975
vn 0.0145 0.0432 0.9990
vn -0.0593 -0.1083 0.9924
vn -0.0000 0.0068 1.0000
vn -0.0081 0.0294 0.9995
vn 0.0514 -0.0970 0.9940
vn 0.1011 -0.1598 0.9820
vn -0.0135 -0.0441 0.9989
vn 0.2926 -0.0290 0.9558
vn 0.3468 -0.3349 0.8761
vn -0.0620 -0.3342 0.9404
vn 0.5623 -0.2278 0.7950
vn 0.2004 -0.4122 0.8888
vn -0.3119 0.1797 0.9330
vn 0.8752 0.4084 0.2594
vn -0.8958 -0.2128 0.3902
vn 0.2676 -0.9045 0.3322
vn 0.0074 -0.9607 0.2776
vn 0.7823 0.5335 0.3214
vn -0.1239 -0.9491 0.2894
vn 0.5910 0.7527 0.2901
vn -0.8406 -0.3855 0.3805
vn 0.8431 -0.4213 0.3340
vn 0.0031 -0.9506 0.3105
vn 0.6707 0.6738 0.3101
vn 0.0106 -0.9505 0.3106
vn 0.1672 0.3464 0.9231
vn 0.4517 0.5978 0.6623
vn 0.0446 -0.0378 0.9983
vn 0.1861 0.2384 0.9532
vn 0.3988 -0.0498 0.9157
vn 0.0030 -0.0141 0.9999
vn -0.0090 -0.0628 0.9980
vn -0.0023 0.0219 0.9998
vn 0.0093 -0.0702 0.9975
vn -0.0794 0.0541 0.9954
vn -0.0002 -0.0038 1.0000
vn -0.1555 -0.1177 0.9808
vn -0.0108 0.2403 0.9706
vn -0.5254 -0.2615 0.8097
vn -0.5617 -0.2199 0.7976
vn -0.0248 -0.9913 0.1294
vn 0.1085 0.9821 0.1543
vn -0.9106 0.2958 0.2886
vn 0.0488 -0.9858 0.1609
vn -0.8995 0.2717 0.3422
vn 0.1856 -0.9561 0.2269
vn -0.0318 -0.9888 0.1460
vn 0.9548 0.0636 0.2903
vn -0.0022 -0.9919 0.1270
vn 0.9509 0.1323 0.2797
vn -0.8911 0.3859 0.2388
vn 0.1016 -0.9821 0.1589
vn -0.0186 0.9848 0.1724
vn 0.9366 -0.2036 0.2852
vn -0.1257 0.9682 0.2165
vn -0.0177 -0.9854 0.1693
vn 0.9433 0.1579 0.2920
vn -0.0197 -0.0379 0.9991
vn -0.1447 0.0128 0.9894
vn -0.0056 0.0089 0.9999
vn 0.0059 0.0127 0.9999
vn 0.0026 -0.0073 1.0000
vn -0.3944 -0.9041 0.1646
vn 0.8976 -0.2686 0.3496
vn -0.6561 0.6509 0.3820
vn 0.8970 -0.2193 0.3837
vn -0.8877 0.3397 0.3107
vn 0.8881 0.0977 0.4491
vn -0.1658 0.4944 0.8533
vn 0.1557 0.9679 0.1975
vn -0.9480 0.0930 0.3042
vn 0.8941 -0.2825 0.3476
vn -0.2623 0.9515 0.1608
vn 0.9185 -0.1593 0.3619
vn -0.8622 0.3898 0.3237
vn -0.8308 0.4379 0.3436
vn 0.2675 0.9233 0.2757
vn -0.8448 0.4084 0.3457
vn 0.0505 0.9856 0.1615
vn -0.1721 0.0745 0.9823
vn -0.0915 0.1980 0.9759
vn 0.1350 0.3541 0.9254
vn 0.2130 -0.0478 0.9759
vn -0.1635 0.3986 0.9024
vn -0.2146 0.3429 0.9145
vn -0.3654 0.0898 0.9265
vn 0.9865 -0.0737 0.1459
vn 0.0130 0.0005 -0.9999
vn -0.0252 0.0151 -0.9996
vn 0.0589 0.0641 -0.9962
vn 0.3201 0.2802 -0.9050
vn 0.0626 0.0381 -0.9973
vn -0.1906 -0.3309 -0.9242
vn 0.0209 -0.0148 -0.9997
vn -0.0928 0.1081 -0.9898
vn 0.0055 -0.0178 -0.9998
vn -0.0601 0.0655 -0.9960
vn 0.0003 -0.0809 -0.9967
vn 0.0110 -0.0024 -0.9999
vn -0.0000 -0.0079 -1.0000
vn 0.0001 -0.0082 -1.0000
vn -0.0018 -0.0099 -0.9999
vn -0.0115 0.0065 -0.9999
vn 0.0001 -0.0085 -1.0000
vn -0.0001 0.0109 -0.9999
vn -0.0202 -0.0218 -0.9996
vn -0.0013 -0.0041 -1.0000
vn 0.0001 -0.0045 -1.0000
vn -0.0006 0.0025 -1.0000
vn -0.0002 0.0134 -0.9999
vn -0.0079 -0.0287 -0.9996
vn 0.0144 -0.0224 -0.9996
vn -0.8145 0.4004 -0.4199
vn -0.0000 0.9903 -0.1390
vn 0.3592 -0.0687 -0.9307
vn -0.3255 0.1487 -0.9338
vn -0.0580 -0.7434 -0.6664
vn -0.0000 0.6619 -0.7496
vn -0.1601 0.0936 -0.9827
vn -0.0000 -0.0001 -1.0000
vn -0.0001 -0.0002 -1.0000
vn -0.0000 0.0001 -1.0000
vn -0.0293 0.0404 -0.9988
vn 0.1550 0.1634 -0.9743
vn 0.0270 0.0682 -0.9973
vt 0.905395 0.416697
vt 0.908416 0.413110
vt 0.911430 0.415947
vt 0.404014 0.331965
vt 0.403680 0.330633
vt 0.404488 0.331671
vt 0.177430 0.339345
vt 0.176387 0.339278
vt 0.177196 0.338359
vt 0.298968 0.385608
vt 0.295924 0.382743
vt 0.299402 0.382607
vt 0.392737 0.330854
vt 0.395468 0.326610
vt 0.394104 0.330511
vt 0.178206 0.348896
vt 0.181240 0.350027
vt 0.181485 0.351038
vt 0.405513 0.331439
vt 0.405595 0.330387
vt 0.406034 0.331473
vt 0.177936 0.339890
vt 0.176621 0.340263
vt 0.909271 0.409070
vt 0.911423 0.405246
vt 0.402667 0.320194
vt 0.400053 0.322615
vt 0.399586 0.320493
vt 0.184450 0.350301
vt 0.184909 0.351311
vt 0.275485 0.373080
vt 0.277601 0.382766
vt 0.275485 0.385718
vt 0.404305 0.330408
vt 0.404992 0.331489
vt 0.184026 0.340899
vt 0.185806 0.341731
vt 0.184320 0.342112
vt 0.286275 0.385767
vt 0.288658 0.382741
vt 0.405986 0.320728
vt 0.408545 0.323617
vt 0.405695 0.322822
vt 0.190211 0.349066
vt 0.186136 0.340518
vt 0.407186 0.331627
vt 0.410196 0.322790
vt 0.177420 0.348767
vt 0.177153 0.347279
vt 0.291673 0.320252
vt 0.277601 0.323324
vt 0.275485 0.320252
vt 0.403544 0.332350
vt 0.403092 0.330998
vt 0.180308 0.341745
vt 0.177127 0.340809
vt 0.275485 0.345989
vt 0.277601 0.345989
vt 0.394045 0.325281
vt 0.397636 0.323972
vt 0.893990 0.408464
vt 0.890898 0.405674
vt 0.894232 0.408156
vt 0.392746 0.360586
vt 0.402510 0.359404
vt 0.404274 0.360586
vt 0.176387 0.349880
vt 0.176489 0.347212
vt 0.232690 0.353225
vt 0.236609 0.352738
vt 0.235185 0.354959
vt 0.392756 0.351793
vt 0.394104 0.359404
vt 0.166827 0.340518
vt 0.168097 0.346933
vt 0.166827 0.346933
vt 0.893633 0.409127
vt 0.890054 0.407106
vt 0.893791 0.408791
vt 0.403525 0.341625
vt 0.402510 0.331475
vt 0.166827 0.339278
vt 0.168097 0.340518
vt 0.231272 0.356051
vt 0.232907 0.359835
vt 0.230035 0.358906
vt 0.390061 0.351793
vt 0.380875 0.350148
vt 0.390061 0.350163
vt 0.389417 0.344701
vt 0.388237 0.345698
vt 0.388857 0.344701
vt 0.177306 0.351093
vt 0.168097 0.349880
vt 0.893433 0.409825
vt 0.889513 0.408557
vt 0.893518 0.409474
vt 0.166827 0.351093
vt 0.229081 0.361710
vt 0.231647 0.364596
vt 0.228568 0.364453
vt 0.177416 0.321634
vt 0.168097 0.323324
vt 0.166827 0.321634
vt 0.373942 0.311279
vt 0.377657 0.323030
vt 0.372342 0.311279
vt 0.176387 0.323324
vt 0.895010 0.407612
vt 0.891476 0.404973
vt 0.892537 0.404150
vt 0.361568 0.311577
vt 0.361380 0.310699
vt 0.362815 0.311577
vt 0.236302 0.348485
vt 0.240134 0.349373
vt 0.238286 0.350891
vt 0.163246 0.351092
vt 0.164948 0.348607
vt 0.166340 0.348607
vt 0.360133 0.310699
vt 0.361452 0.309389
vt 0.158314 0.342204
vt 0.160129 0.342112
vt 0.158541 0.343050
vt 0.894531 0.407879
vt 0.373590 0.310500
vt 0.371990 0.310500
vt 0.234348 0.350637
vt 0.366189 0.331705
vt 0.363221 0.340774
vt 0.361975 0.340774
vt 0.160678 0.351271
vt 0.162527 0.350122
vt 0.371375 0.344863
vt 0.367626 0.349842
vt 0.370740 0.343487
vt 0.156190 0.342847
vt 0.156423 0.341598
vt 0.889764 0.407827
vt 0.368684 0.351061
vt 0.359007 0.349842
vt 0.232088 0.362241
vt 0.367812 0.330035
vt 0.367436 0.331705
vt 0.142514 0.339278
vt 0.143906 0.323324
vt 0.143906 0.339278
vt 0.375571 0.338930
vt 0.373854 0.337133
vt 0.375952 0.337066
vt 0.153415 0.339308
vt 0.152196 0.339278
vt 0.153150 0.338323
vt 0.890431 0.406382
vt 0.233968 0.357384
vt 0.153896 0.348830
vt 0.157049 0.350027
vt 0.157043 0.350997
vt 0.893600 0.403479
vt 0.895566 0.407538
vt 0.381592 0.328027
vt 0.382939 0.334333
vt 0.379992 0.328027
vt 0.152936 0.340809
vt 0.152430 0.340263
vt 0.238455 0.346717
vt 0.242110 0.348152
vt 0.367842 0.324824
vt 0.369059 0.330035
vt 0.160258 0.350301
vt 0.159972 0.341178
vt 0.161614 0.341731
vt 0.897225 0.408175
vt 0.900799 0.403997
vt 0.897508 0.408367
vt 0.369089 0.324824
vt 0.162272 0.340555
vt 0.254848 0.342461
vt 0.253834 0.345745
vt 0.253676 0.342570
vt 0.379257 0.323030
vt 0.153333 0.348867
vt 0.153217 0.347419
vt 0.900210 0.403593
vt 0.153988 0.339854
vt 0.384539 0.334333
vt 0.225295 0.328068
vt 0.226911 0.323324
vt 0.227094 0.327168
vt 0.152196 0.349880
vt 0.152404 0.347490
vt 0.241489 0.327168
vt 0.243933 0.326259
vt 0.379975 0.351577
vt 0.142514 0.340518
vt 0.143906 0.346933
vt 0.142514 0.346933
vt 0.360205 0.308066
vt 0.371283 0.309389
vt 0.238800 0.345242
vt 0.372883 0.308066
vt 0.143906 0.340518
vt 0.225483 0.320252
vt 0.239945 0.323324
vt 0.439122 0.339803
vt 0.438088 0.323324
vt 0.439122 0.322044
vt 0.241531 0.320252
vt 0.428483 0.339246
vt 0.429636 0.323324
vt 0.429370 0.339803
vt 0.153099 0.351234
vt 0.143906 0.349880
vt 0.428610 0.322044
vt 0.142514 0.351141
vt 0.256639 0.323324
vt 0.256383 0.345583
vt 0.153481 0.322063
vt 0.142514 0.322063
vt 0.271093 0.345989
vt 0.268967 0.357960
vt 0.268967 0.345989
vt 0.437804 0.342194
vt 0.438088 0.339803
vt 0.152196 0.323324
vt 0.428228 0.340732
vt 0.429330 0.340789
vt 0.429053 0.341654
vt 0.271093 0.373080
vt 0.271093 0.357960
vt 0.435707 0.348537
vt 0.431819 0.349333
vt 0.434778 0.347360
vt 0.427881 0.341201
vt 0.427819 0.342656
vt 0.427238 0.341536
vt 0.246648 0.385438
vt 0.243831 0.382083
vt 0.247166 0.382607
vt 0.438058 0.345294
vt 0.436992 0.344296
vt 0.893974 0.412330
vt 0.889925 0.413795
vt 0.893772 0.412035
vt 0.428451 0.340037
vt 0.429350 0.340296
vt 0.893627 0.411752
vt 0.889539 0.412643
vt 0.893515 0.411455
vt 0.431996 0.350989
vt 0.428582 0.350096
vt 0.127589 0.360096
vt 0.128721 0.362465
vt 0.127840 0.362811
vt 0.239205 0.383646
vt 0.238107 0.379412
vt 0.240778 0.381068
vt 0.428619 0.342239
vt 0.139190 0.362811
vt 0.136739 0.364762
vt 0.138325 0.362465
vt 0.231510 0.376191
vt 0.235898 0.377205
vt 0.233520 0.379144
vt 0.893384 0.410824
vt 0.889399 0.412009
vt 0.889329 0.411362
vt 0.426619 0.351721
vt 0.428760 0.351752
vt 0.426160 0.341736
vt 0.424966 0.342946
vt 0.424948 0.341769
vt 0.136453 0.355893
vt 0.138622 0.360167
vt 0.136009 0.356610
vt 0.893384 0.410174
vt 0.889287 0.410725
vt 0.889294 0.410049
vt 0.425186 0.351450
vt 0.426441 0.350066
vt 0.133366 0.366959
vt 0.134126 0.365975
vt 0.134228 0.366959
vt 0.230025 0.373105
vt 0.232050 0.369418
vt 0.232898 0.372021
vt 0.426476 0.342905
vt 0.889366 0.409313
vt 0.231634 0.366953
vt 0.228552 0.367200
vt 0.423523 0.350639
vt 0.425008 0.349794
vt 0.132504 0.366959
vt 0.131937 0.365975
vt 0.132667 0.365975
vt 0.423554 0.341540
vt 0.421697 0.341613
vt 0.422325 0.340699
vt 0.130477 0.355893
vt 0.133396 0.355140
vt 0.130952 0.356610
vt 0.242763 0.384828
vt 0.356861 0.351061
vt 0.889716 0.413235
vt 0.422237 0.349414
vt 0.423345 0.348983
vt 0.374235 0.338972
vt 0.420775 0.340271
vt 0.421585 0.339622
vt 0.893369 0.410506
vt 0.421257 0.348559
vt 0.421717 0.347724
vt 0.130223 0.364762
vt 0.129615 0.365526
vt 0.234173 0.374670
vt 0.423229 0.342661
vt 0.137315 0.365526
vt 0.134856 0.365975
vt 0.894802 0.413022
vt 0.890647 0.415221
vt 0.894295 0.412672
vt 0.133396 0.365975
vt 0.250700 0.385596
vt 0.257910 0.382741
vt 0.259166 0.385595
vt 0.411188 0.338983
vt 0.411951 0.340271
vt 0.411188 0.340271
vt 0.133366 0.354156
vt 0.135090 0.366959
vt 0.893436 0.411142
vt 0.131642 0.366959
vt 0.236094 0.381715
vt 0.420169 0.347500
vt 0.420567 0.346911
vt 0.128508 0.360167
vt 0.890202 0.414412
vt 0.411951 0.346911
vt 0.411188 0.346911
vt 0.139541 0.360096
vt 0.229037 0.370072
vt 0.411951 0.323324
vt 0.411951 0.338983
vt 0.093598 0.345053
vt 0.097727 0.332559
vt 0.093928 0.346245
vt 0.897254 0.412965
vt 0.891348 0.416204
vt 0.420383 0.338983
vt 0.421270 0.338588
vt 0.250643 0.382743
vt 0.113669 0.345036
vt 0.112728 0.346245
vt 0.113136 0.345053
vt 0.411951 0.347500
vt 0.411188 0.347500
vt 0.420859 0.349148
vt 0.419860 0.367889
vt 0.108792 0.333088
vt 0.109871 0.332472
vt 0.900799 0.418652
vt 0.420555 0.368772
vt 0.411951 0.367889
vt 0.092972 0.345036
vt 0.092250 0.346245
vt 0.268967 0.382766
vt 0.268967 0.373080
vt 0.411006 0.368772
vt 0.128075 0.351246
vt 0.137466 0.349880
vt 0.138566 0.351246
vt 0.271093 0.385718
vt 0.411006 0.322270
vt 0.419860 0.323324
vt 0.128075 0.321958
vt 0.129175 0.349880
vt 0.420862 0.322270
vt 0.089915 0.323324
vt 0.091287 0.322186
vt 0.254828 0.320252
vt 0.268967 0.323324
vt 0.357782 0.341082
vt 0.356194 0.323324
vt 0.357912 0.321560
vt 0.116293 0.323324
vt 0.114319 0.346245
vt 0.271093 0.320252
vt 0.345405 0.340137
vt 0.347743 0.323324
vt 0.347477 0.339803
vt 0.105532 0.323324
vt 0.106867 0.322186
vt 0.188478 0.333190
vt 0.190261 0.336047
vt 0.188183 0.336047
vt 0.345337 0.321560
vt 0.096717 0.331914
vt 0.100611 0.323324
vt 0.907831 0.422442
vt 0.910501 0.418613
vt 0.908147 0.422595
vt 0.124273 0.346332
vt 0.124609 0.323324
vt 0.125783 0.322186
vt 0.194704 0.323309
vt 0.194079 0.326670
vt 0.192542 0.325343
vt 0.355098 0.344296
vt 0.356194 0.339803
vt 0.081767 0.346332
vt 0.084694 0.365941
vt 0.083738 0.367079
vt 0.345386 0.340590
vt 0.347159 0.341654
vt 0.345259 0.340989
vt 0.102699 0.345489
vt 0.095725 0.361800
vt 0.102694 0.342530
vt 0.905791 0.423101
vt 0.902860 0.419584
vt 0.905996 0.422872
vt 0.354407 0.348704
vt 0.349925 0.349333
vt 0.352885 0.347360
vt 0.190725 0.327744
vt 0.191277 0.331096
vt 0.189343 0.330395
vt 0.345060 0.341258
vt 0.345926 0.342656
vt 0.344691 0.341450
vt 0.138566 0.321958
vt 0.129175 0.323324
vt 0.356686 0.345575
vt 0.110251 0.362961
vt 0.112648 0.365941
vt 0.111647 0.367079
vt 0.907146 0.422325
vt 0.908042 0.417819
vt 0.907493 0.422342
vt 0.347436 0.340789
vt 0.197116 0.321740
vt 0.195973 0.324888
vt 0.079441 0.322186
vt 0.080615 0.323324
vt 0.350301 0.351426
vt 0.346689 0.350096
vt 0.096821 0.362741
vt 0.094228 0.365941
vt 0.529624 0.407558
vt 0.535139 0.427030
vt 0.531033 0.426957
vt 0.531116 0.403987
vt 0.533170 0.406595
vt 0.542141 0.402282
vt 0.543196 0.406595
vt 0.544705 0.403308
vt 0.547010 0.405466
vt 0.544622 0.425934
vt 0.547791 0.414828
vt 0.545152 0.425948
vt 0.549999 0.406595
vt 0.549520 0.402259
vt 0.556774 0.402259
vt 0.556382 0.406595
vt 0.560027 0.406296
vt 0.558925 0.415300
vt 0.562139 0.425934
vt 0.561688 0.425948
vt 0.563243 0.406595
vt 0.563259 0.402259
vt 0.572391 0.406595
vt 0.572587 0.402259
vt 0.532578 0.443627
vt 0.536807 0.444590
vt 0.534063 0.446919
vt 0.536801 0.449033
vt 0.546513 0.444683
vt 0.546501 0.449033
vt 0.549565 0.446758
vt 0.547880 0.440918
vt 0.553131 0.437307
vt 0.552855 0.426317
vt 0.553718 0.437287
vt 0.554240 0.426317
vt 0.559246 0.441105
vt 0.557482 0.446444
vt 0.560428 0.444590
vt 0.560155 0.449033
vt 0.570031 0.444590
vt 0.570370 0.449033
vt 0.573369 0.428594
vt 0.572198 0.446590
vt 0.572480 0.426892
vt 0.573904 0.402850
vt 0.572824 0.402850
vt 0.571113 0.427030
vt 0.575263 0.402290
vt 0.574185 0.402290
vt 0.574331 0.406402
vt 0.582279 0.402290
vt 0.583210 0.406402
vt 0.574331 0.431190
vt 0.583701 0.402862
vt 0.587795 0.435449
vt 0.583210 0.431190
vt 0.586551 0.431101
vt 0.578809 0.433652
vt 0.576365 0.435122
vt 0.573920 0.438680
vt 0.573094 0.446590
vt 0.574133 0.440978
vt 0.581067 0.361780
vt 0.582929 0.361780
vt 0.579204 0.361780
vt 0.579289 0.448910
vt 0.578080 0.444488
vt 0.578809 0.444488
vt 0.579539 0.444488
vt 0.580269 0.444488
vt 0.581117 0.448910
vt 0.577460 0.448910
vt 0.577350 0.444488
vt 0.575635 0.443276
vt 0.574363 0.447527
vt 0.581422 0.435122
vt 0.587352 0.436024
vt 0.584035 0.438680
vt 0.587200 0.439393
vt 0.583738 0.440978
vt 0.587157 0.444081
vt 0.582152 0.443276
vt 0.584717 0.446649
vt 0.585152 0.404016
vt 0.586551 0.406491
vt 0.585348 0.407558
vt 0.591161 0.435429
vt 0.595510 0.431180
vt 0.593299 0.437266
vt 0.584839 0.404016
vt 0.584630 0.404016
vt 0.585069 0.407558
vt 0.584096 0.407558
vt 0.586551 0.427539
vt 0.586551 0.422110
vt 0.586551 0.421060
vt 0.585048 0.404016
vt 0.586030 0.402956
vt 0.585256 0.404016
vt 0.595834 0.406491
vt 0.587730 0.402096
vt 0.594792 0.402096
vt 0.597553 0.404131
vt 0.599158 0.406818
vt 0.599567 0.416339
vt 0.599816 0.417654
vt 0.595554 0.420252
vt 0.596263 0.421548
vt 0.600215 0.418165
vt 0.598324 0.423024
vt 0.600734 0.418143
vt 0.599924 0.423537
vt 0.601371 0.418143
vt 0.601327 0.422669
vt 0.602043 0.418143
vt 0.603274 0.422141
vt 0.602844 0.417590
vt 0.604218 0.404455
vt 0.607129 0.406127
vt 0.602844 0.406745
vt 0.607129 0.421060
vt 0.607129 0.427539
vt 0.606717 0.428956
vt 0.607129 0.431060
vt 0.596356 0.430291
vt 0.595708 0.429176
vt 0.596185 0.429144
vt 0.597031 0.436941
vt 0.599133 0.436163
vt 0.597562 0.431088
vt 0.598849 0.430979
vt 0.601756 0.435715
vt 0.601924 0.431210
vt 0.603800 0.435429
vt 0.604098 0.431059
vt 0.605725 0.435096
vt 0.607513 0.435520
vt 0.608919 0.435563
vt 0.615998 0.431060
vt 0.616760 0.429201
vt 0.619535 0.431013
vt 0.629595 0.432376
vt 0.624689 0.430860
vt 0.626920 0.429345
vt 0.625755 0.435758
vt 0.622433 0.431245
vt 0.621014 0.436105
vt 0.618522 0.435532
vt 0.615199 0.435287
vt 0.615220 0.402255
vt 0.607043 0.402255
vt 0.651420 0.411299
vt 0.652500 0.407006
vt 0.654421 0.409546
vt 0.648052 0.429106
vt 0.647663 0.433454
vt 0.646010 0.430433
vt 0.648052 0.407545
vt 0.647663 0.403197
vt 0.650214 0.404856
vt 0.627355 0.425353
vt 0.623471 0.422110
vt 0.651420 0.425353
vt 0.652500 0.429645
vt 0.649882 0.427385
vt 0.632764 0.430434
vt 0.630722 0.429106
vt 0.626185 0.413543
vt 0.624353 0.409546
vt 0.627355 0.411299
vt 0.632764 0.406218
vt 0.633821 0.402180
vt 0.634932 0.405315
vt 0.652589 0.423109
vt 0.654421 0.427106
vt 0.652589 0.413543
vt 0.655883 0.412349
vt 0.646010 0.406218
vt 0.644953 0.402180
vt 0.626185 0.423109
vt 0.622575 0.421606
vt 0.633821 0.434582
vt 0.631112 0.433454
vt 0.644954 0.434582
vt 0.643843 0.431336
vt 0.636597 0.402180
vt 0.637154 0.404808
vt 0.628893 0.409266
vt 0.628561 0.404856
vt 0.630723 0.407545
vt 0.643842 0.405315
vt 0.642178 0.402180
vt 0.634932 0.431336
vt 0.636595 0.435214
vt 0.642179 0.435214
vt 0.641621 0.431842
vt 0.639387 0.402180
vt 0.639387 0.404648
vt 0.650214 0.431796
vt 0.649882 0.409266
vt 0.625204 0.418326
vt 0.621977 0.415305
vt 0.625453 0.415908
vt 0.628892 0.427385
vt 0.639386 0.435415
vt 0.639387 0.432003
vt 0.637153 0.431842
vt 0.622892 0.412349
vt 0.653571 0.418326
vt 0.656798 0.415305
vt 0.657109 0.418326
vt 0.641621 0.404808
vt 0.653322 0.420743
vt 0.655883 0.424302
vt 0.653322 0.415908
vt 0.621873 0.420215
vt 0.621666 0.418326
vt 0.631112 0.403197
vt 0.656798 0.421346
vt 0.626274 0.407006
vt 0.625453 0.420743
vt 0.621685 0.422433
vt 0.620528 0.423320
vt 0.618538 0.423148
vt 0.616531 0.421579
vt 0.616103 0.421117
vt 0.615905 0.420283
vt 0.616091 0.406127
vt 0.628561 0.402197
vt 0.626274 0.402197
vt 0.620747 0.402226
vt 0.650214 0.402180
vt 0.652500 0.402180
vt 0.654421 0.402180
vt 0.656772 0.404958
vt 0.656613 0.411573
vt 0.669012 0.401859
vt 0.657981 0.401926
vt 0.659383 0.442367
vt 0.656382 0.444853
vt 0.656330 0.442044
vt 0.668043 0.426108
vt 0.661644 0.425110
vt 0.667751 0.427356
vt 0.662641 0.426410
vt 0.665929 0.428853
vt 0.662788 0.428062
vt 0.664275 0.430674
vt 0.661479 0.429259
vt 0.662871 0.432865
vt 0.660035 0.430948
vt 0.658459 0.433254
vt 0.661672 0.435256
vt 0.657203 0.436107
vt 0.660625 0.437672
vt 0.656529 0.439133
vt 0.659817 0.440046
vt 0.659780 0.447123
vt 0.656630 0.447792
vt 0.660616 0.449690
vt 0.657270 0.450941
vt 0.661874 0.452302
vt 0.658598 0.454150
vt 0.663575 0.454801
vt 0.660738 0.457234
vt 0.665753 0.456977
vt 0.663537 0.459998
vt 0.668386 0.458611
vt 0.666814 0.462184
vt 0.671397 0.459612
vt 0.670474 0.463529
vt 0.674297 0.464131
vt 0.674685 0.460128
vt 0.678066 0.464136
vt 0.678114 0.460262
vt 0.684216 0.464136
vt 0.685280 0.460260
vt 0.693575 0.464136
vt 0.695374 0.460365
vt 0.699091 0.426740
vt 0.695374 0.436872
vt 0.695374 0.426740
vt 0.699091 0.436872
vt 0.695374 0.449669
vt 0.699091 0.449669
vt 0.696580 0.463353
vt 0.700882 0.463805
vt 0.698342 0.462194
vt 0.699091 0.460365
vt 0.697254 0.462194
vt 0.708224 0.460406
vt 0.715489 0.460408
vt 0.709610 0.463667
vt 0.718966 0.460271
vt 0.715760 0.463667
vt 0.722300 0.459748
vt 0.719530 0.463662
vt 0.725353 0.458733
vt 0.723353 0.463060
vt 0.728023 0.457077
vt 0.727013 0.461715
vt 0.730231 0.454871
vt 0.730290 0.459529
vt 0.731956 0.452336
vt 0.733088 0.456765
vt 0.733231 0.449688
vt 0.735228 0.453681
vt 0.734079 0.447085
vt 0.736557 0.450472
vt 0.734494 0.444620
vt 0.737197 0.447323
vt 0.734481 0.442264
vt 0.737445 0.444384
vt 0.734041 0.439910
vt 0.737497 0.441575
vt 0.733222 0.437503
vt 0.737297 0.438664
vt 0.732161 0.435053
vt 0.736624 0.435638
vt 0.730944 0.432628
vt 0.735367 0.432785
vt 0.732348 0.428790
vt 0.733792 0.430479
vt 0.729521 0.430408
vt 0.731039 0.427593
vt 0.727228 0.427230
vt 0.731186 0.426332
vt 0.681625 0.423754
vt 0.672388 0.410042
vt 0.681608 0.404958
vt 0.676076 0.402028
vt 0.676076 0.404958
vt 0.670355 0.404958
vt 0.724112 0.404958
vt 0.736475 0.401986
vt 0.737808 0.404958
vt 0.712792 0.404958
vt 0.700882 0.401986
vt 0.711316 0.401986
vt 0.699091 0.404958
vt 0.695374 0.404958
vt 0.693575 0.401986
vt 0.683141 0.402198
vt 0.718380 0.401986
vt 0.718380 0.404958
vt 0.725444 0.401986
vt 0.713526 0.424006
vt 0.712666 0.424781
vt 0.722197 0.410364
vt 0.768853 0.406065
vt 0.760246 0.401142
vt 0.767399 0.401142
vt 0.753300 0.406065
vt 0.745278 0.401142
vt 0.751972 0.401142
vt 0.743602 0.406065
vt 0.737702 0.410812
vt 0.740232 0.414119
vt 0.728057 0.425351
vt 0.735709 0.420225
vt 0.756109 0.401142
vt 0.756109 0.407558
vt 0.743602 0.421901
vt 0.740313 0.420811
vt 0.743602 0.420811
vt 0.743602 0.428019
vt 0.740119 0.427521
vt 0.743602 0.427521
vt 0.743602 0.446739
vt 0.741845 0.448735
vt 0.740055 0.445275
vt 0.740313 0.421901
vt 0.758268 0.421788
vt 0.756218 0.421158
vt 0.753942 0.420811
vt 0.758211 0.406065
vt 0.754423 0.421901
vt 0.755877 0.422900
vt 0.756553 0.423011
vt 0.757141 0.422995
vt 0.757664 0.422899
vt 0.758144 0.422508
vt 0.758252 0.422171
vt 0.753300 0.446739
vt 0.755032 0.448776
vt 0.751972 0.450364
vt 0.745278 0.450323
vt 0.756861 0.434609
vt 0.753426 0.431739
vt 0.753974 0.430130
vt 0.755240 0.431046
vt 0.766779 0.433838
vt 0.762411 0.431342
vt 0.765886 0.429038
vt 0.759700 0.435682
vt 0.764188 0.434989
vt 0.757860 0.431962
vt 0.757564 0.435044
vt 0.759672 0.431988
vt 0.767963 0.431033
vt 0.769466 0.435619
vt 0.190519 0.333545
vt 0.767815 0.426390
vt 0.768743 0.422587
vt 0.772291 0.422326
vt 0.775858 0.414651
vt 0.777258 0.408828
vt 0.777232 0.413238
vt 0.769106 0.401142
vt 0.771947 0.397616
vt 0.770733 0.396873
vt 0.767745 0.399211
vt 0.768736 0.392650
vt 0.770794 0.394644
vt 0.766882 0.395764
vt 0.780169 0.390811
vt 0.771849 0.390157
vt 0.777970 0.431033
vt 0.779386 0.434766
vt 0.780247 0.425788
vt 0.787526 0.431470
vt 0.783810 0.431910
vt 0.783798 0.420766
vt 0.782345 0.430847
vt 0.782668 0.420802
vt 0.794538 0.435837
vt 0.798343 0.431652
vt 0.798334 0.439094
vt 0.796062 0.431652
vt 0.795379 0.440062
vt 0.807382 0.443386
vt 0.808091 0.439094
vt 0.809658 0.440781
vt 0.808871 0.431106
vt 0.812728 0.425872
vt 0.811852 0.431016
vt 0.811745 0.423043
vt 0.813942 0.427521
vt 0.812728 0.429101
vt 0.813942 0.428019
vt 0.813789 0.446023
vt 0.786178 0.396705
vt 0.781524 0.394644
vt 0.782420 0.397364
vt 0.786539 0.397364
vt 0.809513 0.446700
vt 0.791388 0.416876
vt 0.792951 0.410113
vt 0.795259 0.415451
vt 0.790602 0.405579
vt 0.788894 0.411538
vt 0.786918 0.407309
vt 0.795477 0.424285
vt 0.795043 0.425650
vt 0.796045 0.423313
vt 0.798013 0.423182
vt 0.798327 0.413931
vt 0.794948 0.409486
vt 0.799434 0.409214
vt 0.798508 0.404968
vt 0.801804 0.406465
vt 0.801927 0.401813
vt 0.804124 0.405162
vt 0.806065 0.401221
vt 0.806731 0.404908
vt 0.810175 0.401253
vt 0.809541 0.405361
vt 0.813209 0.402463
vt 0.813104 0.407106
vt 0.813789 0.406666
vt 0.813942 0.421901
vt 0.807473 0.415197
vt 0.808008 0.423047
vt 0.807457 0.423047
vt 0.807871 0.414871
vt 0.808273 0.414622
vt 0.810556 0.414585
vt 0.809140 0.414426
vt 0.809580 0.414454
vt 0.813942 0.420811
vt 0.824019 0.403215
vt 0.822131 0.406666
vt 0.821282 0.401930
vt 0.814588 0.402073
vt 0.827627 0.406591
vt 0.827198 0.403593
vt 0.828377 0.402815
vt 0.825698 0.405624
vt 0.822475 0.420476
vt 0.822742 0.421352
vt 0.824409 0.422975
vt 0.823368 0.422263
vt 0.826614 0.423141
vt 0.825589 0.423168
vt 0.828071 0.422688
vt 0.827527 0.422972
vt 0.828553 0.421703
vt 0.828365 0.422291
vt 0.828567 0.421368
vt 0.836709 0.402282
vt 0.828688 0.406475
vt 0.829556 0.402038
vt 0.821870 0.446023
vt 0.824999 0.448792
vt 0.822581 0.450746
vt 0.827193 0.440752
vt 0.822128 0.429414
vt 0.826853 0.435320
vt 0.825790 0.431362
vt 0.827003 0.431592
vt 0.823294 0.429639
vt 0.822464 0.428916
vt 0.836558 0.432827
vt 0.831553 0.430972
vt 0.834695 0.428897
vt 0.832598 0.435758
vt 0.828815 0.431617
vt 0.839600 0.407558
vt 0.840225 0.423178
vt 0.839687 0.422620
vt 0.837584 0.421505
vt 0.838155 0.407558
vt 0.838511 0.422304
vt 0.837584 0.406475
vt 0.838433 0.403012
vt 0.839615 0.402944
vt 0.840253 0.406718
vt 0.841045 0.401857
vt 0.838786 0.428704
vt 0.837519 0.432837
vt 0.837198 0.432834
vt 0.840260 0.427418
vt 0.840275 0.429106
vt 0.836684 0.426152
vt 0.836347 0.428302
vt 0.837591 0.426011
vt 0.836878 0.432830
vt 0.828581 0.421033
vt 0.346726 0.342239
vt 0.837251 0.424156
vt 0.839536 0.423797
vt 0.839401 0.426715
vt 0.840232 0.423993
vt 0.838205 0.423843
vt 0.840879 0.430969
vt 0.839808 0.435582
vt 0.849301 0.406718
vt 0.848509 0.401793
vt 0.849293 0.435769
vt 0.848565 0.430922
vt 0.854489 0.421369
vt 0.850268 0.423088
vt 0.849925 0.422633
vt 0.854489 0.422134
vt 0.850817 0.423344
vt 0.854466 0.422385
vt 0.851524 0.423489
vt 0.854442 0.422637
vt 0.852391 0.423524
vt 0.853264 0.423504
vt 0.854246 0.423036
vt 0.853896 0.423339
vt 0.850158 0.402438
vt 0.854455 0.406843
vt 0.853641 0.402608
vt 0.855240 0.401825
vt 0.851526 0.404304
vt 0.852459 0.404304
vt 0.863874 0.406843
vt 0.863090 0.401791
vt 0.868128 0.402842
vt 0.869248 0.406843
vt 0.867288 0.404437
vt 0.864800 0.402808
vt 0.866288 0.421432
vt 0.868595 0.421996
vt 0.866330 0.422077
vt 0.864416 0.422702
vt 0.866400 0.422629
vt 0.868001 0.423008
vt 0.866469 0.423054
vt 0.864936 0.423099
vt 0.868384 0.422555
vt 0.864065 0.422157
vt 0.863945 0.421462
vt 0.865676 0.423317
vt 0.866549 0.423377
vt 0.867378 0.423288
vt 0.868631 0.421403
vt 0.866619 0.404420
vt 0.876906 0.401891
vt 0.878185 0.406843
vt 0.879556 0.403519
vt 0.881347 0.405881
vt 0.882131 0.422575
vt 0.877740 0.421767
vt 0.880740 0.427581
vt 0.876535 0.426326
vt 0.877362 0.432397
vt 0.873927 0.429771
vt 0.874926 0.434928
vt 0.870869 0.431003
vt 0.867682 0.435882
vt 0.867532 0.430982
vt 0.864652 0.435470
vt 0.865100 0.430082
vt 0.863284 0.433978
vt 0.864186 0.429165
vt 0.861556 0.433879
vt 0.863221 0.428568
vt 0.861379 0.428044
vt 0.859376 0.430040
vt 0.860602 0.434674
vt 0.857153 0.431029
vt 0.858389 0.435803
vt 0.855321 0.435990
vt 0.853689 0.435988
vt 0.855160 0.431385
vt 0.853708 0.431266
vt 0.852534 0.435933
vt 0.852534 0.430838
vt 0.851369 0.435842
vt 0.850140 0.428747
vt 0.848901 0.430042
vt 0.849246 0.428347
vt 0.850331 0.435805
vt 0.851333 0.430020
vt 0.117327 0.432845
vt 0.124732 0.451930
vt 0.115707 0.451930
vt 0.097568 0.432845
vt 0.106063 0.429244
vt 0.099310 0.447917
vt 0.111971 0.420095
vt 0.101249 0.419583
vt 0.114356 0.448164
vt 0.115786 0.432845
vt 0.095942 0.432845
vt 0.088621 0.451930
vt 0.086808 0.432845
vt 0.107568 0.429244
vt 0.097858 0.451930
vt 0.139756 0.410634
vt 0.131723 0.436367
vt 0.131722 0.410634
vt 0.093679 0.410634
vt 0.084668 0.410634
vt 0.108812 0.410634
vt 0.104044 0.410634
vt 0.119240 0.410634
vt 0.125908 0.432845
vt 0.137432 0.447443
vt 0.137227 0.451962
vt 0.136520 0.451962
vt 0.134275 0.447443
vt 0.135813 0.451962
vt 0.135106 0.451962
vt 0.133860 0.444756
vt 0.135813 0.445576
vt 0.140588 0.448561
vt 0.137888 0.444756
vt 0.131282 0.448561
vt 0.132737 0.450787
vt 0.134399 0.451962
vt 0.135813 0.443170
vt 0.138344 0.442888
vt 0.135813 0.441464
vt 0.131076 0.446335
vt 0.140876 0.446335
vt 0.133444 0.442888
vt 0.145996 0.433511
vt 0.154030 0.436367
vt 0.145996 0.436367
vt 0.154030 0.426093
vt 0.145996 0.427295
vt 0.145996 0.426093
vt 0.154256 0.427048
vt 0.155019 0.433981
vt 0.157900 0.429552
vt 0.158732 0.436509
vt 0.161716 0.428839
vt 0.166386 0.435133
vt 0.164040 0.436601
vt 0.154231 0.434050
vt 0.154747 0.427577
vt 0.154030 0.410634
vt 0.145996 0.410634
vt 0.160177 0.429748
vt 0.161842 0.436774
vt 0.169438 0.433511
vt 0.177471 0.436367
vt 0.169438 0.436367
vt 0.177471 0.426093
vt 0.169438 0.427295
vt 0.169438 0.426093
vt 0.177570 0.433781
vt 0.178212 0.433847
vt 0.181341 0.429552
vt 0.182173 0.436509
vt 0.185157 0.428839
vt 0.189827 0.435133
vt 0.187481 0.436601
vt 0.178188 0.427577
vt 0.177471 0.410634
vt 0.169438 0.410634
vt 0.183619 0.429748
vt 0.185283 0.436774
vt 0.205140 0.429413
vt 0.202899 0.436519
vt 0.203935 0.429317
vt 0.199582 0.423923
vt 0.190914 0.422962
vt 0.199568 0.422962
vt 0.200228 0.426881
vt 0.193072 0.430010
vt 0.199840 0.425904
vt 0.202776 0.429017
vt 0.198497 0.435106
vt 0.201727 0.428499
vt 0.200671 0.436011
vt 0.200859 0.427771
vt 0.194614 0.432048
vt 0.196449 0.433774
vt 0.191899 0.427759
vt 0.199650 0.424905
vt 0.191164 0.425386
vt 0.207380 0.436519
vt 0.206344 0.429317
vt 0.210697 0.423923
vt 0.219365 0.422962
vt 0.219115 0.425386
vt 0.210051 0.426882
vt 0.217208 0.430010
vt 0.215666 0.432048
vt 0.211782 0.435106
vt 0.207503 0.429017
vt 0.208553 0.428499
vt 0.209608 0.436011
vt 0.209421 0.427770
vt 0.213830 0.433774
vt 0.210439 0.425905
vt 0.218381 0.427759
vt 0.210629 0.424906
vt 0.205140 0.416511
vt 0.207380 0.409405
vt 0.206344 0.416607
vt 0.210697 0.422001
vt 0.210711 0.422962
vt 0.210051 0.419042
vt 0.217208 0.415914
vt 0.210439 0.420019
vt 0.207503 0.416907
vt 0.211782 0.410818
vt 0.208553 0.417425
vt 0.209608 0.409913
vt 0.209421 0.418153
vt 0.215666 0.413876
vt 0.213830 0.412150
vt 0.218381 0.418165
vt 0.210629 0.421018
vt 0.219115 0.420537
vt 0.202900 0.409405
vt 0.203935 0.416607
vt 0.199582 0.422001
vt 0.191164 0.420537
vt 0.200228 0.419042
vt 0.193072 0.415914
vt 0.194614 0.413876
vt 0.198497 0.410818
vt 0.202776 0.416907
vt 0.201726 0.417425
vt 0.200672 0.409913
vt 0.200859 0.418153
vt 0.196449 0.412150
vt 0.199840 0.420019
vt 0.191899 0.418165
vt 0.199650 0.421018
vt 0.267180 0.458848
vt 0.256465 0.468209
vt 0.254636 0.457930
vt 0.267180 0.444196
vt 0.254636 0.443793
vt 0.248193 0.457930
vt 0.246054 0.468078
vt 0.247007 0.457467
vt 0.244122 0.452727
vt 0.231005 0.452910
vt 0.244051 0.451876
vt 0.245044 0.455778
vt 0.235136 0.462844
vt 0.244694 0.455087
vt 0.249424 0.468210
vt 0.244430 0.454322
vt 0.232229 0.457821
vt 0.244244 0.453529
vt 0.246110 0.456924
vt 0.239864 0.466588
vt 0.245494 0.456378
vt 0.231017 0.450626
vt 0.244041 0.450957
vt 0.231408 0.455299
vt 0.233465 0.460388
vt 0.237277 0.464982
vt 0.242823 0.467571
vt 0.267180 0.432596
vt 0.254986 0.432203
vt 0.267180 0.410634
vt 0.255234 0.410634
vt 0.240554 0.414359
vt 0.241155 0.434692
vt 0.226605 0.414359
vt 0.239057 0.410634
vt 0.226428 0.410634
vt 0.253860 0.443795
vt 0.252516 0.432359
vt 0.248228 0.443795
vt 0.246835 0.444199
vt 0.233266 0.443638
vt 0.244777 0.447143
vt 0.244486 0.448113
vt 0.244108 0.450006
vt 0.232238 0.446012
vt 0.244259 0.449060
vt 0.235825 0.439135
vt 0.245709 0.445217
vt 0.245153 0.446169
vt 0.239241 0.435875
vt 0.231444 0.448345
vt 0.234445 0.441288
vt 0.286260 0.468209
vt 0.275546 0.458848
vt 0.288089 0.457930
vt 0.275546 0.444196
vt 0.288089 0.443793
vt 0.294532 0.457930
vt 0.296671 0.468078
vt 0.293301 0.468210
vt 0.298603 0.452727
vt 0.311721 0.452910
vt 0.311318 0.455299
vt 0.297682 0.455778
vt 0.307589 0.462844
vt 0.305449 0.464982
vt 0.298295 0.454322
vt 0.310496 0.457821
vt 0.309261 0.460388
vt 0.296615 0.456924
vt 0.302861 0.466588
vt 0.299902 0.467571
vt 0.298674 0.451876
vt 0.311708 0.450626
vt 0.298481 0.453529
vt 0.298031 0.455087
vt 0.297232 0.456378
vt 0.295719 0.457467
vt 0.275546 0.432596
vt 0.287739 0.432203
vt 0.275546 0.410634
vt 0.287492 0.410634
vt 0.301570 0.434692
vt 0.302171 0.414359
vt 0.316121 0.414359
vt 0.303668 0.410634
vt 0.316298 0.410634
vt 0.288865 0.443795
vt 0.290209 0.432359
vt 0.294498 0.443795
vt 0.295890 0.444199
vt 0.303485 0.435875
vt 0.297948 0.447143
vt 0.309459 0.443638
vt 0.298239 0.448113
vt 0.298618 0.450006
vt 0.310487 0.446012
vt 0.311281 0.448345
vt 0.297017 0.445217
vt 0.306900 0.439135
vt 0.297572 0.446169
vt 0.305275 0.437346
vt 0.298685 0.450957
vt 0.298466 0.449060
vt 0.308280 0.441288
vt 0.326376 0.434060
vt 0.334040 0.453817
vt 0.326376 0.453817
vt 0.326376 0.433490
vt 0.334339 0.434060
vt 0.334040 0.410634
vt 0.326376 0.425807
vt 0.326376 0.410634
vt 0.326376 0.427056
vt 0.334725 0.433490
vt 0.334547 0.425807
vt 0.337417 0.435498
vt 0.338987 0.429647
vt 0.339029 0.436283
vt 0.335820 0.428356
vt 0.335840 0.434278
vt 0.337305 0.429371
vt 0.340451 0.429608
vt 0.342492 0.436576
vt 0.340417 0.436546
vt 0.342528 0.428962
vt 0.348495 0.433925
vt 0.345628 0.435836
vt 0.343216 0.427557
vt 0.351703 0.426602
vt 0.350641 0.430956
vt 0.341752 0.429367
vt 0.342947 0.428396
vt 0.343513 0.410634
vt 0.351703 0.410634
vt 0.405730 0.434060
vt 0.413394 0.453817
vt 0.405730 0.453817
vt 0.405730 0.433490
vt 0.413693 0.434060
vt 0.413394 0.410634
vt 0.405730 0.425807
vt 0.405730 0.410634
vt 0.405730 0.427056
vt 0.414079 0.433490
vt 0.413901 0.425807
vt 0.416772 0.435498
vt 0.418342 0.429647
vt 0.418383 0.436283
vt 0.415174 0.428356
vt 0.415194 0.434278
vt 0.416659 0.429371
vt 0.419805 0.429608
vt 0.421846 0.436576
vt 0.419772 0.436546
vt 0.421882 0.428962
vt 0.427850 0.433925
vt 0.424982 0.435836
vt 0.422590 0.427079
vt 0.431057 0.426602
vt 0.430782 0.428919
vt 0.421107 0.429367
vt 0.422302 0.428396
vt 0.429995 0.430956
vt 0.422867 0.410634
vt 0.431057 0.410634
vt 0.370847 0.423950
vt 0.382752 0.432314
vt 0.375618 0.436626
vt 0.374762 0.415191
vt 0.364168 0.417137
vt 0.367349 0.398962
vt 0.364198 0.412088
vt 0.358117 0.399251
vt 0.372500 0.410349
vt 0.368815 0.424014
vt 0.362595 0.418755
vt 0.358512 0.427543
vt 0.362779 0.436330
vt 0.354428 0.436330
vt 0.366323 0.397131
vt 0.356727 0.398401
vt 0.356797 0.397131
vt 0.367008 0.398208
vt 0.384519 0.436641
vt 0.396582 0.436641
vt 0.388437 0.445595
vt 0.388294 0.436641
vt 0.397146 0.418070
vt 0.391859 0.411262
vt 0.397716 0.417716
vt 0.399572 0.417478
vt 0.402430 0.410918
vt 0.400183 0.417564
vt 0.398321 0.417498
vt 0.396833 0.409691
vt 0.398947 0.417438
vt 0.396582 0.418532
vt 0.389758 0.413818
vt 0.394201 0.409947
vt 0.399669 0.410147
vt 0.388103 0.429721
vt 0.388437 0.417598
vt 0.396582 0.429721
vt 0.397476 0.429721
vt 0.401471 0.436537
vt 0.397476 0.436641
vt 0.384496 0.432314
vt 0.384997 0.429721
vt 0.436210 0.433373
vt 0.444618 0.435416
vt 0.436226 0.435304
vt 0.436919 0.436311
vt 0.445329 0.428583
vt 0.436177 0.429451
vt 0.436169 0.428518
vt 0.444851 0.433476
vt 0.446685 0.429665
vt 0.446434 0.433999
vt 0.450408 0.429908
vt 0.452181 0.436712
vt 0.450518 0.436576
vt 0.447799 0.435149
vt 0.449080 0.429939
vt 0.449175 0.436086
vt 0.452236 0.428207
vt 0.461447 0.427748
vt 0.459302 0.432887
vt 0.451903 0.429196
vt 0.457008 0.435173
vt 0.454463 0.436304
vt 0.451370 0.429657
vt 0.444567 0.410634
vt 0.436021 0.410634
vt 0.452273 0.426661
vt 0.461260 0.410634
vt 0.461260 0.426661
vt 0.447762 0.429886
vt 0.452200 0.428590
vt 0.460371 0.432995
vt 0.462808 0.429221
vt 0.461410 0.433401
vt 0.465329 0.429656
vt 0.466347 0.436165
vt 0.463562 0.435134
vt 0.467600 0.429078
vt 0.472857 0.435017
vt 0.469642 0.436284
vt 0.468528 0.427496
vt 0.477079 0.426569
vt 0.475700 0.431788
vt 0.469012 0.410634
vt 0.477079 0.410634
vt 0.468197 0.428371
vt 0.466625 0.429516
vt 0.462515 0.434084
vt 0.461996 0.428600
vt 0.463965 0.429561
vt 0.452273 0.427824
vt 0.422570 0.427557
vt 0.168097 0.339278
vt 0.404951 0.330345
vt 0.316824 0.370028
vt 0.314933 0.366953
vt 0.317316 0.367115
vt 0.182658 0.341947
vt 0.180381 0.342847
vt 0.396845 0.322033
vt 0.903856 0.415800
vt 0.906656 0.413265
vt 0.904496 0.416280
vt 0.186718 0.350122
vt 0.187575 0.350857
vt 0.312278 0.379226
vt 0.308460 0.379412
vt 0.310669 0.377205
vt 0.402769 0.322351
vt 0.902497 0.413946
vt 0.905901 0.412603
vt 0.902770 0.414469
vt 0.182732 0.343050
vt 0.406226 0.330475
vt 0.189139 0.348607
vt 0.294859 0.385769
vt 0.907013 0.413351
vt 0.905447 0.425158
vt 0.900973 0.426014
vt 0.905338 0.424843
vt 0.392366 0.341784
vt 0.393760 0.343022
vt 0.315823 0.373103
vt 0.312394 0.374670
vt 0.313670 0.372021
vt 0.204941 0.352207
vt 0.202629 0.350037
vt 0.204941 0.350203
vt 0.902070 0.412838
vt 0.905702 0.412106
vt 0.902259 0.413400
vt 0.404274 0.351148
vt 0.402510 0.350163
vt 0.188478 0.338903
vt 0.190519 0.338549
vt 0.903082 0.414941
vt 0.906185 0.412986
vt 0.903425 0.415368
vt 0.900799 0.424912
vt 0.905294 0.424520
vt 0.408717 0.351041
vt 0.407555 0.343015
vt 0.408592 0.341621
vt 0.306514 0.383791
vt 0.302736 0.382083
vt 0.305790 0.381068
vt 0.192542 0.346751
vt 0.192488 0.343320
vt 0.194079 0.345423
vt 0.404176 0.341625
vt 0.403432 0.343022
vt 0.905309 0.424202
vt 0.900982 0.422855
vt 0.905375 0.423898
vt 0.403432 0.350163
vt 0.405196 0.351148
vt 0.402510 0.343022
vt 0.314920 0.364596
vt 0.317300 0.364331
vt 0.905855 0.425713
vt 0.901988 0.428186
vt 0.905622 0.425453
vt 0.407555 0.350056
vt 0.901818 0.411544
vt 0.905601 0.411549
vt 0.901921 0.412227
vt 0.199678 0.351419
vt 0.198087 0.348579
vt 0.200331 0.349513
vt 0.314517 0.369418
vt 0.393957 0.350163
vt 0.905640 0.411838
vt 0.202302 0.352017
vt 0.906137 0.425929
vt 0.902840 0.429129
vt 0.390046 0.343288
vt 0.390037 0.345698
vt 0.905787 0.412363
vt 0.389369 0.343088
vt 0.390247 0.343022
vt 0.314316 0.376232
vt 0.390041 0.341940
vt 0.900812 0.423852
vt 0.453703 0.341135
vt 0.452030 0.323324
vt 0.452966 0.322331
vt 0.309669 0.381833
vt 0.905482 0.423612
vt 0.901694 0.421092
vt 0.905621 0.423348
vt 0.442275 0.322331
vt 0.443211 0.323324
vt 0.906031 0.412811
vt 0.189343 0.341698
vt 0.191277 0.340997
vt 0.442300 0.348784
vt 0.443406 0.346790
vt 0.443423 0.348784
vt 0.906382 0.413134
vt 0.197116 0.350353
vt 0.195973 0.347205
vt 0.452096 0.350930
vt 0.444137 0.349823
vt 0.451686 0.349938
vt 0.302907 0.384990
vt 0.901363 0.427124
vt 0.452493 0.349891
vt 0.452083 0.348899
vt 0.443015 0.350985
vt 0.275485 0.357960
vt 0.277601 0.373080
vt 0.190725 0.344349
vt 0.901283 0.421935
vt 0.442250 0.342743
vt 0.443364 0.341780
vt 0.443372 0.342743
vt 0.277601 0.357960
vt 0.442284 0.346790
vt 0.291524 0.343675
vt 0.289929 0.323324
vt 0.194704 0.348784
vt 0.452900 0.347888
vt 0.452324 0.346897
vt 0.907464 0.426164
vt 0.907527 0.430665
vt 0.907136 0.426214
vt 0.302785 0.326639
vt 0.306623 0.323324
vt 0.305078 0.327168
vt 0.321231 0.320252
vt 0.305048 0.320252
vt 0.454108 0.341674
vt 0.454216 0.342964
vt 0.453354 0.342563
vt 0.309710 0.344347
vt 0.319474 0.327168
vt 0.321105 0.327168
vt 0.221406 0.338903
vt 0.219622 0.336047
vt 0.221700 0.336047
vt 0.453957 0.347437
vt 0.453957 0.348360
vt 0.907766 0.426048
vt 0.908670 0.430438
vt 0.292540 0.342759
vt 0.292733 0.345745
vt 0.217342 0.346751
vt 0.217396 0.343320
vt 0.219159 0.344349
vt 0.458395 0.341970
vt 0.458058 0.343215
vt 0.457648 0.342165
vt 0.319656 0.323324
vt 0.908273 0.425671
vt 0.910581 0.429493
vt 0.908036 0.425879
vt 0.455366 0.348624
vt 0.455366 0.349864
vt 0.455592 0.342147
vt 0.456688 0.343247
vt 0.455327 0.343192
vt 0.906793 0.426190
vt 0.905060 0.430406
vt 0.906455 0.426092
vt 0.456786 0.350831
vt 0.458172 0.350096
vt 0.458172 0.351337
vt 0.910795 0.404851
vt 0.907215 0.408682
vt 0.904849 0.405198
vt 0.210206 0.351419
vt 0.211797 0.348579
vt 0.212767 0.350353
vt 0.290185 0.345583
vt 0.908963 0.408962
vt 0.207581 0.352017
vt 0.209553 0.349513
vt 0.459068 0.340843
vt 0.459982 0.341065
vt 0.459945 0.341460
vt 0.462243 0.351056
vt 0.459887 0.350237
vt 0.462243 0.349816
vt 0.308730 0.346568
vt 0.304457 0.348152
vt 0.207254 0.350037
vt 0.458808 0.341612
vt 0.459908 0.341855
vt 0.459600 0.342480
vt 0.906709 0.408880
vt 0.903786 0.405928
vt 0.909692 0.430033
vt 0.467237 0.347530
vt 0.464869 0.348648
vt 0.467237 0.346289
vt 0.314558 0.355811
vt 0.311382 0.354959
vt 0.313121 0.352946
vt 0.908652 0.425188
vt 0.911967 0.428148
vt 0.908476 0.425437
vt 0.902130 0.408551
vt 0.905758 0.410235
vt 0.901925 0.409328
vt 0.220541 0.341698
vt 0.219365 0.338549
vt 0.464869 0.349888
vt 0.459051 0.342956
vt 0.316780 0.361549
vt 0.313660 0.359835
vt 0.315812 0.358706
vt 0.213910 0.347205
vt 0.215180 0.348784
vt 0.901813 0.410080
vt 0.905609 0.410904
vt 0.901779 0.410818
vt 0.906301 0.430665
vt 0.452817 0.341848
vt 0.442242 0.341780
vt 0.311439 0.350322
vt 0.308282 0.350891
vt 0.309458 0.348140
vt 0.218607 0.340997
vt 0.902909 0.406971
vt 0.906048 0.409551
vt 0.902458 0.407768
vt 0.911339 0.428854
vt 0.459056 0.322479
vt 0.469257 0.323324
vt 0.459982 0.323324
vt 0.459096 0.339643
vt 0.459982 0.339864
vt 0.306434 0.349373
vt 0.470410 0.340574
vt 0.469257 0.339864
vt 0.470268 0.339752
vt 0.906284 0.409224
vt 0.215805 0.345423
vt 0.456786 0.349590
vt 0.903883 0.429886
vt 0.454756 0.341976
vt 0.314480 0.362241
vt 0.908844 0.423357
vt 0.913206 0.422604
vt 0.908951 0.423674
vt 0.905589 0.411234
vt 0.456616 0.342189
vt 0.204942 0.319886
vt 0.207254 0.322056
vt 0.204942 0.321889
vt 0.459887 0.351477
vt 0.312599 0.357384
vt 0.908991 0.424000
vt 0.913367 0.423674
vt 0.905666 0.410571
vt 0.217342 0.325343
vt 0.217396 0.328773
vt 0.215804 0.326670
vt 0.459040 0.341141
vt 0.908901 0.424630
vt 0.913348 0.424705
vt 0.913177 0.425675
vt 0.309959 0.352738
vt 0.905885 0.409895
vt 0.908432 0.422804
vt 0.912321 0.420419
vt 0.908668 0.423061
vt 0.210205 0.320674
vt 0.211797 0.323514
vt 0.209553 0.322580
vt 0.470825 0.341217
vt 0.470855 0.342506
vt 0.470017 0.341865
vt 0.340293 0.338983
vt 0.337966 0.323324
vt 0.339536 0.321560
vt 0.468340 0.346401
vt 0.468340 0.347543
vt 0.330057 0.323324
vt 0.328077 0.321560
vt 0.207581 0.320075
vt 0.328077 0.347500
vt 0.330057 0.367889
vt 0.328077 0.369618
vt 0.911479 0.419478
vt 0.474324 0.341910
vt 0.473457 0.342954
vt 0.473345 0.342016
vt 0.339536 0.369618
vt 0.337966 0.367889
vt 0.469412 0.348149
vt 0.470552 0.347525
vt 0.470552 0.348854
vt 0.339685 0.351895
vt 0.338275 0.347500
vt 0.428467 0.339641
vt 0.330057 0.346911
vt 0.330057 0.347500
vt 0.438728 0.342936
vt 0.908971 0.424322
vt 0.475512 0.341044
vt 0.475800 0.342359
vt 0.475061 0.341579
vt 0.221406 0.333190
vt 0.219365 0.333545
vt 0.474507 0.351001
vt 0.477907 0.349795
vt 0.478449 0.351025
vt 0.338882 0.340271
vt 0.338489 0.338983
vt 0.220541 0.330395
vt 0.218607 0.331096
vt 0.328077 0.338983
vt 0.330057 0.338983
vt 0.475762 0.340383
vt 0.476816 0.339769
vt 0.476758 0.340726
vt 0.212767 0.321740
vt 0.213910 0.324888
vt 0.482063 0.349570
vt 0.484160 0.345155
vt 0.485144 0.345499
vt 0.328077 0.340271
vt 0.328077 0.346911
vt 0.912836 0.421526
vt 0.476534 0.322479
vt 0.485583 0.323324
vt 0.477257 0.323324
vt 0.339644 0.350645
vt 0.338673 0.346911
vt 0.475805 0.339682
vt 0.219159 0.327744
vt 0.486567 0.340113
vt 0.487094 0.322479
vt 0.912880 0.426569
vt 0.908792 0.424919
vt 0.476416 0.341628
vt 0.330057 0.340271
vt 0.485583 0.339769
vt 0.215180 0.323309
vt 0.474795 0.342811
vt 0.342580 0.341452
vt 0.343072 0.342946
vt 0.341336 0.342661
vt 0.906814 0.422379
vt 0.906803 0.417819
vt 0.481226 0.348487
vt 0.339824 0.347724
vt 0.340332 0.349994
vt 0.340862 0.340271
vt 0.339804 0.341613
vt 0.902215 0.420311
vt 0.472313 0.341944
vt 0.472049 0.342857
vt 0.341452 0.348983
vt 0.341828 0.351077
vt 0.906511 0.422500
vt 0.905616 0.417951
vt 0.082824 0.346245
vt 0.471633 0.349937
vt 0.474507 0.349672
vt 0.192488 0.328773
vt 0.114973 0.322186
vt 0.341875 0.340970
vt 0.903640 0.418926
vt 0.906236 0.422668
vt 0.121961 0.365941
vt 0.123175 0.346245
vt 0.469451 0.340986
vt 0.343115 0.349794
vt 0.343491 0.351887
vt 0.095206 0.367189
vt 0.469412 0.346819
vt 0.909301 0.418082
vt 0.104248 0.342530
vt 0.104336 0.345489
vt 0.199678 0.320674
vt 0.198087 0.323514
vt 0.471633 0.348608
vt 0.344582 0.342905
vt 0.344074 0.341564
vt 0.099325 0.322186
vt 0.471439 0.341687
vt 0.344548 0.350066
vt 0.344924 0.352159
vt 0.202303 0.320075
vt 0.200331 0.322580
vt 0.111253 0.362055
vt 0.343379 0.341583
vt 0.459096 0.340546
vt 0.347065 0.352190
vt 0.202630 0.322056
vt 0.137466 0.323324
vt 0.470184 0.322479
vt 0.904559 0.418370
vt 0.122994 0.367079
vt 0.912476 0.427389
vt 0.714177 0.364251
vt 0.722201 0.364251
vt 0.813581 0.325964
vt 0.813868 0.327112
vt 0.814277 0.326859
vt 0.617662 0.333416
vt 0.618560 0.333473
vt 0.618358 0.332624
vt 0.723322 0.373350
vt 0.720699 0.370881
vt 0.719781 0.373489
vt 0.804148 0.326154
vt 0.806502 0.322496
vt 0.805276 0.321350
vt 0.621845 0.342681
vt 0.619229 0.341706
vt 0.622056 0.343552
vt 0.815232 0.325752
vt 0.815161 0.326659
vt 0.815609 0.326687
vt 0.617863 0.334265
vt 0.618996 0.333943
vt 0.714177 0.346645
vt 0.810454 0.319052
vt 0.812707 0.316965
vt 0.810052 0.317224
vt 0.624611 0.342917
vt 0.625007 0.343788
vt 0.704904 0.370901
vt 0.703081 0.362552
vt 0.703081 0.373446
vt 0.814119 0.325770
vt 0.814712 0.326702
vt 0.624246 0.334813
vt 0.625780 0.335530
vt 0.626065 0.334484
vt 0.712381 0.373487
vt 0.815569 0.317426
vt 0.817774 0.319916
vt 0.819198 0.319203
vt 0.629577 0.341853
vt 0.816603 0.326820
vt 0.618321 0.340313
vt 0.618552 0.341595
vt 0.704904 0.319664
vt 0.717034 0.317016
vt 0.703081 0.317016
vt 0.813074 0.326278
vt 0.813463 0.327444
vt 0.618299 0.334735
vt 0.621041 0.335542
vt 0.703081 0.339200
vt 0.808371 0.320222
vt 0.807689 0.318550
vt 0.676379 0.349604
vt 0.675911 0.350817
vt 0.812572 0.350764
vt 0.804156 0.351782
vt 0.814093 0.351782
vt 0.617662 0.342555
vt 0.618453 0.343600
vt 0.666192 0.345438
vt 0.669571 0.345017
vt 0.667622 0.343207
vt 0.805327 0.350764
vt 0.804164 0.344203
vt 0.610516 0.340014
vt 0.609421 0.334485
vt 0.609421 0.340014
vt 0.675548 0.352025
vt 0.675266 0.353205
vt 0.812572 0.326689
vt 0.813447 0.335439
vt 0.610516 0.334485
vt 0.609421 0.333416
vt 0.666380 0.351135
vt 0.664970 0.347873
vt 0.663904 0.350334
vt 0.801842 0.344203
vt 0.793923 0.342785
vt 0.793148 0.344017
vt 0.800804 0.338090
vt 0.801821 0.338949
vt 0.801287 0.338090
vt 0.610516 0.342555
vt 0.609421 0.343600
vt 0.675077 0.354382
vt 0.674994 0.355567
vt 0.665294 0.355239
vt 0.663082 0.352751
vt 0.662639 0.355116
vt 0.610516 0.319664
vt 0.618548 0.318207
vt 0.609421 0.318207
vt 0.787947 0.309281
vt 0.791149 0.319410
vt 0.792529 0.319410
vt 0.617662 0.319664
vt 0.678474 0.347151
vt 0.677071 0.348419
vt 0.777281 0.309538
vt 0.777119 0.308782
vt 0.776045 0.308782
vt 0.669306 0.341352
vt 0.672609 0.342117
vt 0.671162 0.339828
vt 0.607801 0.341457
vt 0.606334 0.343599
vt 0.609001 0.341457
vt 0.777181 0.307652
vt 0.776107 0.306512
vt 0.602083 0.335938
vt 0.603647 0.335858
vt 0.603512 0.335054
vt 0.787644 0.308610
vt 0.786568 0.309281
vt 0.671016 0.343425
vt 0.778706 0.334705
vt 0.781265 0.326888
vt 0.777632 0.334705
vt 0.605714 0.342763
vt 0.604120 0.343753
vt 0.785735 0.338230
vt 0.782503 0.342522
vt 0.783415 0.343572
vt 0.600252 0.336492
vt 0.600453 0.335415
vt 0.775074 0.342522
vt 0.773224 0.343572
vt 0.665674 0.353209
vt 0.782339 0.326888
vt 0.782664 0.325448
vt 0.588463 0.333416
vt 0.589664 0.319664
vt 0.588463 0.318577
vt 0.789351 0.333115
vt 0.787872 0.331566
vt 0.788200 0.333152
vt 0.596810 0.333416
vt 0.597860 0.333441
vt 0.597632 0.332592
vt 0.668343 0.346932
vt 0.600993 0.342681
vt 0.598275 0.341649
vt 0.600988 0.343517
vt 0.680208 0.346647
vt 0.794541 0.323717
vt 0.795702 0.329154
vt 0.797082 0.329154
vt 0.597447 0.334735
vt 0.598354 0.333912
vt 0.674312 0.341065
vt 0.671459 0.338556
vt 0.783738 0.325448
vt 0.782690 0.320957
vt 0.603759 0.342917
vt 0.604928 0.335530
vt 0.605494 0.334516
vt 0.688189 0.346645
vt 0.687223 0.346647
vt 0.778356 0.309538
vt 0.684418 0.338990
vt 0.685293 0.336159
vt 0.684282 0.336253
vt 0.793162 0.323717
vt 0.597689 0.340433
vt 0.597789 0.341681
vt 0.659818 0.323753
vt 0.661211 0.319664
vt 0.659980 0.317016
vt 0.596810 0.342555
vt 0.597588 0.343721
vt 0.673777 0.322977
vt 0.675884 0.322194
vt 0.589664 0.340014
vt 0.588463 0.334485
vt 0.588463 0.340014
vt 0.785655 0.307652
vt 0.787035 0.306512
vt 0.661369 0.322977
vt 0.786265 0.308610
vt 0.589664 0.334485
vt 0.672446 0.319664
vt 0.673814 0.317016
vt 0.843239 0.319664
vt 0.844130 0.333868
vt 0.844130 0.318560
vt 0.834960 0.333388
vt 0.835954 0.319664
vt 0.835070 0.318560
vt 0.589664 0.342555
vt 0.588463 0.343641
vt 0.686836 0.319664
vt 0.685275 0.317016
vt 0.597917 0.318577
vt 0.699295 0.339200
vt 0.697462 0.349519
vt 0.699295 0.349519
vt 0.842995 0.335929
vt 0.843791 0.336568
vt 0.596810 0.319664
vt 0.834741 0.334669
vt 0.835690 0.334718
vt 0.834932 0.334070
vt 0.699295 0.362552
vt 0.841187 0.341397
vt 0.837835 0.342083
vt 0.837988 0.343510
vt 0.834388 0.336328
vt 0.834441 0.335073
vt 0.833887 0.335362
vt 0.678224 0.373204
vt 0.675796 0.370312
vt 0.674875 0.372678
vt 0.843213 0.338602
vt 0.840386 0.340382
vt 0.676803 0.362318
vt 0.677571 0.362998
vt 0.835707 0.334293
vt 0.834946 0.333729
vt 0.675807 0.360711
vt 0.676243 0.361571
vt 0.835046 0.342740
vt 0.835199 0.344167
vt 0.576574 0.353402
vt 0.575599 0.351360
vt 0.575816 0.353701
vt 0.671809 0.371659
vt 0.670862 0.368009
vt 0.669127 0.369995
vt 0.835451 0.335464
vt 0.585599 0.353701
vt 0.583486 0.355382
vt 0.583983 0.356041
vt 0.668958 0.366107
vt 0.665176 0.365233
vt 0.666908 0.367779
vt 0.675247 0.358771
vt 0.675479 0.359758
vt 0.675479 0.359758
vt 0.833353 0.344141
vt 0.831928 0.336577
vt 0.832958 0.335534
vt 0.831913 0.335562
vt 0.583240 0.347737
vt 0.585109 0.351422
vt 0.585901 0.351360
vt 0.675007 0.356712
vt 0.675095 0.357771
vt 0.675095 0.357771
vt 0.833200 0.342714
vt 0.832118 0.343907
vt 0.581234 0.356427
vt 0.580578 0.357276
vt 0.581322 0.357276
vt 0.663895 0.362573
vt 0.665641 0.359396
vt 0.663044 0.359959
vt 0.833230 0.336542
vt 0.665283 0.357270
vt 0.662626 0.357483
vt 0.831965 0.342480
vt 0.830684 0.343208
vt 0.579835 0.357276
vt 0.579347 0.356427
vt 0.579092 0.357276
vt 0.829111 0.335428
vt 0.830712 0.335365
vt 0.829652 0.334640
vt 0.578089 0.347737
vt 0.580605 0.347088
vt 0.580578 0.346240
vt 0.673164 0.369438
vt 0.830532 0.341781
vt 0.829576 0.342153
vt 0.785187 0.337044
vt 0.828316 0.334272
vt 0.829014 0.333712
vt 0.829128 0.340696
vt 0.828731 0.341416
vt 0.577869 0.355382
vt 0.577346 0.356041
vt 0.666372 0.361639
vt 0.830432 0.336331
vt 0.581863 0.356427
vt 0.582065 0.357276
vt 0.678687 0.363674
vt 0.680166 0.364251
vt 0.579976 0.356427
vt 0.687931 0.370880
vt 0.681717 0.373341
vt 0.689014 0.373339
vt 0.820710 0.334272
vt 0.820052 0.333161
vt 0.820052 0.334272
vt 0.827793 0.340503
vt 0.828388 0.341923
vt 0.576391 0.351422
vt 0.820710 0.339995
vt 0.820052 0.339995
vt 0.584853 0.353402
vt 0.820710 0.319664
vt 0.819895 0.318755
vt 0.546299 0.338393
vt 0.549859 0.327624
vt 0.548988 0.327068
vt 0.688189 0.364251
vt 0.827978 0.333161
vt 0.828742 0.332820
vt 0.678670 0.370763
vt 0.562790 0.339421
vt 0.563601 0.338379
vt 0.563141 0.338393
vt 0.820710 0.340503
vt 0.820052 0.340503
vt 0.827527 0.358077
vt 0.828126 0.358838
vt 0.559397 0.328080
vt 0.560327 0.327549
vt 0.820710 0.358077
vt 0.819895 0.358838
vt 0.545760 0.338379
vt 0.546584 0.339421
vt 0.697462 0.370901
vt 0.699295 0.373446
vt 0.584112 0.342555
vt 0.576018 0.343732
vt 0.585061 0.343732
vt 0.827527 0.319664
vt 0.828391 0.318755
vt 0.576966 0.342555
vt 0.576018 0.318487
vt 0.543125 0.319664
vt 0.544308 0.318683
vt 0.697462 0.319664
vt 0.699295 0.317016
vt 0.772650 0.319664
vt 0.774018 0.334970
vt 0.774130 0.318143
vt 0.565862 0.319664
vt 0.564724 0.318683
vt 0.763349 0.334156
vt 0.765364 0.319664
vt 0.763291 0.318143
vt 0.556586 0.319664
vt 0.557737 0.318683
vt 0.629620 0.330630
vt 0.628083 0.328168
vt 0.627829 0.330630
vt 0.552345 0.319664
vt 0.551236 0.318683
vt 0.642275 0.322596
vt 0.640774 0.322716
vt 0.573030 0.319664
vt 0.572741 0.339496
vt 0.574042 0.318683
vt 0.632911 0.322548
vt 0.633450 0.319651
vt 0.631586 0.321404
vt 0.771705 0.337741
vt 0.773073 0.338843
vt 0.538625 0.356399
vt 0.536102 0.339496
vt 0.537800 0.357379
vt 0.764861 0.335464
vt 0.763333 0.334547
vt 0.763224 0.334890
vt 0.554144 0.338770
vt 0.548133 0.352829
vt 0.549078 0.353640
vt 0.635438 0.328210
vt 0.635353 0.329433
vt 0.771109 0.341541
vt 0.767246 0.342083
vt 0.767570 0.343887
vt 0.630496 0.326363
vt 0.630020 0.323474
vt 0.628829 0.325759
vt 0.763798 0.336328
vt 0.763052 0.335122
vt 0.762734 0.335287
vt 0.576966 0.319664
vt 0.585061 0.318487
vt 0.769797 0.340382
vt 0.562720 0.356399
vt 0.560654 0.353830
vt 0.561858 0.357379
vt 0.639331 0.323089
vt 0.638023 0.323735
vt 0.639331 0.323089
vt 0.765101 0.334718
vt 0.634544 0.321012
vt 0.635529 0.318299
vt 0.534097 0.318683
vt 0.764456 0.342740
vt 0.764780 0.344545
vt 0.546843 0.356399
vt 0.547686 0.357474
vt 0.530485 0.319664
vt 0.531920 0.339421
vt 0.532005 0.316027
vt 0.535109 0.314290
vt 0.543234 0.314290
vt 0.545845 0.315336
vt 0.547374 0.317533
vt 0.548192 0.317533
vt 0.550748 0.314267
vt 0.558137 0.314267
vt 0.561449 0.318378
vt 0.564741 0.314267
vt 0.533494 0.356399
vt 0.535006 0.359751
vt 0.537794 0.361904
vt 0.547673 0.361904
vt 0.550794 0.359587
vt 0.554426 0.349962
vt 0.555024 0.349942
vt 0.558858 0.359268
vt 0.561580 0.361904
vt 0.571638 0.357379
vt 0.571983 0.361904
vt 0.575038 0.341088
vt 0.573845 0.359417
vt 0.574758 0.359417
vt 0.575583 0.314869
vt 0.574132 0.339355
vt 0.574483 0.314869
vt 0.574241 0.314267
vt 0.576966 0.314298
vt 0.575869 0.314298
vt 0.584112 0.314298
vt 0.585561 0.314881
vt 0.589730 0.348070
vt 0.584791 0.361324
vt 0.576050 0.360370
vt 0.577342 0.361324
vt 0.589278 0.348655
vt 0.589124 0.352086
vt 0.589080 0.356861
vt 0.586595 0.359476
vt 0.587038 0.316057
vt 0.587144 0.316057
vt 0.593158 0.348049
vt 0.595336 0.349920
vt 0.586719 0.316057
vt 0.586507 0.316057
vt 0.586953 0.319664
vt 0.586932 0.316057
vt 0.585963 0.319664
vt 0.587238 0.319664
vt 0.587933 0.314977
vt 0.589664 0.314101
vt 0.596856 0.314101
vt 0.599669 0.316174
vt 0.601303 0.318910
vt 0.601719 0.328607
vt 0.601973 0.329946
vt 0.602379 0.330467
vt 0.602908 0.330445
vt 0.603556 0.330445
vt 0.604241 0.330445
vt 0.606456 0.316503
vt 0.609333 0.314263
vt 0.605057 0.329881
vt 0.607991 0.347710
vt 0.598450 0.342816
vt 0.599137 0.349589
vt 0.596524 0.350280
vt 0.601278 0.348796
vt 0.599677 0.343629
vt 0.600207 0.349193
vt 0.603949 0.348341
vt 0.606031 0.348049
vt 0.609812 0.348142
vt 0.611244 0.348186
vt 0.617640 0.347905
vt 0.627305 0.343396
vt 0.632302 0.344940
vt 0.628390 0.348385
vt 0.623562 0.348738
vt 0.621024 0.348154
vt 0.617662 0.314263
vt 0.654529 0.323474
vt 0.655630 0.319102
vt 0.652963 0.321404
vt 0.650703 0.346038
vt 0.651099 0.341610
vt 0.649020 0.342961
vt 0.651099 0.319651
vt 0.650703 0.315222
vt 0.649020 0.318299
vt 0.630020 0.337787
vt 0.631586 0.339857
vt 0.655630 0.342158
vt 0.654529 0.337787
vt 0.652963 0.339857
vt 0.635529 0.342962
vt 0.633450 0.341610
vt 0.626963 0.321688
vt 0.636606 0.314186
vt 0.637738 0.317379
vt 0.657586 0.339572
vt 0.655720 0.335502
vt 0.655720 0.325759
vt 0.657586 0.321688
vt 0.647944 0.314186
vt 0.646812 0.317379
vt 0.628829 0.335502
vt 0.636605 0.347187
vt 0.637737 0.343881
vt 0.647944 0.347186
vt 0.646812 0.343881
vt 0.639432 0.314186
vt 0.640000 0.316864
vt 0.631248 0.316912
vt 0.645117 0.314186
vt 0.644549 0.316864
vt 0.639431 0.347831
vt 0.639999 0.344396
vt 0.645117 0.347831
vt 0.644550 0.344396
vt 0.642275 0.314186
vt 0.642275 0.316700
vt 0.653301 0.344349
vt 0.653301 0.316912
vt 0.624543 0.327554
vt 0.642274 0.348035
vt 0.642274 0.344560
vt 0.625475 0.324544
vt 0.656720 0.330630
vt 0.660007 0.327554
vt 0.656466 0.328168
vt 0.659075 0.336717
vt 0.656466 0.333092
vt 0.659075 0.324544
vt 0.624437 0.332555
vt 0.628083 0.333092
vt 0.633847 0.315222
vt 0.660007 0.333706
vt 0.628920 0.319102
vt 0.625152 0.333971
vt 0.623067 0.335716
vt 0.624226 0.330630
vt 0.631248 0.314204
vt 0.628920 0.314204
vt 0.623291 0.314234
vt 0.653301 0.314186
vt 0.655630 0.314186
vt 0.657586 0.314186
vt 0.661211 0.313928
vt 0.672446 0.313859
vt 0.659583 0.357647
vt 0.660324 0.330630
vt 0.664943 0.337540
vt 0.665958 0.338863
vt 0.666107 0.340546
vt 0.664774 0.341765
vt 0.661699 0.345834
vt 0.663303 0.343485
vt 0.660419 0.348740
vt 0.659733 0.351821
vt 0.659530 0.354786
vt 0.659836 0.360640
vt 0.660487 0.363847
vt 0.661840 0.367116
vt 0.664020 0.370257
vt 0.666870 0.373072
vt 0.670207 0.375298
vt 0.673935 0.376668
vt 0.677829 0.377281
vt 0.681668 0.377286
vt 0.687931 0.377286
vt 0.697462 0.377286
vt 0.703081 0.349519
vt 0.700523 0.376489
vt 0.704904 0.376950
vt 0.702318 0.375308
vt 0.702502 0.376402
vt 0.701209 0.375308
vt 0.713794 0.376809
vt 0.720057 0.376809
vt 0.723897 0.376803
vt 0.726718 0.372818
vt 0.727790 0.376190
vt 0.729827 0.371784
vt 0.731518 0.374821
vt 0.732546 0.370097
vt 0.734855 0.372595
vt 0.734796 0.367850
vt 0.737705 0.369779
vt 0.736552 0.365269
vt 0.739885 0.366638
vt 0.737851 0.362571
vt 0.741238 0.363370
vt 0.738714 0.359921
vt 0.741890 0.360162
vt 0.739137 0.357410
vt 0.742143 0.357170
vt 0.739124 0.355010
vt 0.742196 0.354308
vt 0.738675 0.352613
vt 0.741992 0.351344
vt 0.737841 0.350162
vt 0.741306 0.348262
vt 0.736760 0.347667
vt 0.740026 0.345356
vt 0.735522 0.345197
vt 0.736951 0.341287
vt 0.734072 0.342935
vt 0.735618 0.340069
vt 0.732364 0.341055
vt 0.731737 0.339699
vt 0.679641 0.314032
vt 0.686836 0.314204
vt 0.679641 0.317016
vt 0.741155 0.313989
vt 0.728563 0.317016
vt 0.742512 0.317016
vt 0.704904 0.313989
vt 0.697462 0.313989
vt 0.722726 0.313989
vt 0.722726 0.317016
vt 0.717782 0.336416
vt 0.726613 0.322521
vt 0.765364 0.313130
vt 0.758290 0.318143
vt 0.750120 0.313130
vt 0.748413 0.318143
vt 0.742404 0.322977
vt 0.732582 0.337785
vt 0.744980 0.326346
vt 0.740374 0.332565
vt 0.735767 0.338784
vt 0.761151 0.313130
vt 0.761151 0.319664
vt 0.745063 0.333161
vt 0.748413 0.334272
vt 0.748413 0.333161
vt 0.744866 0.339995
vt 0.748413 0.340503
vt 0.748413 0.339995
vt 0.748413 0.359568
vt 0.746624 0.361601
vt 0.750120 0.363218
vt 0.744800 0.358077
vt 0.745063 0.334272
vt 0.758943 0.333161
vt 0.759434 0.334272
vt 0.761262 0.333515
vt 0.760915 0.335289
vt 0.761603 0.335402
vt 0.762202 0.335386
vt 0.760054 0.361643
vt 0.758290 0.359568
vt 0.756938 0.363260
vt 0.761917 0.347215
vt 0.758419 0.344291
vt 0.758977 0.342653
vt 0.758384 0.343213
vt 0.760266 0.343586
vt 0.772018 0.346428
vt 0.769379 0.347601
vt 0.764808 0.348307
vt 0.762935 0.344519
vt 0.762633 0.347657
vt 0.629843 0.328473
vt 0.774387 0.313130
vt 0.773002 0.311162
vt 0.774010 0.304480
vt 0.772123 0.307652
vt 0.785655 0.302608
vt 0.774755 0.348243
vt 0.782503 0.348144
vt 0.784858 0.347375
vt 0.789363 0.344465
vt 0.791991 0.347933
vt 0.787872 0.343383
vt 0.800290 0.348464
vt 0.801146 0.352768
vt 0.813370 0.356153
vt 0.815689 0.353500
vt 0.815541 0.359528
vt 0.814887 0.343647
vt 0.814093 0.343647
vt 0.818815 0.338316
vt 0.817923 0.343555
vt 0.818815 0.341604
vt 0.791776 0.308610
vt 0.792143 0.309281
vt 0.818994 0.363716
vt 0.798673 0.322266
vt 0.801023 0.327702
vt 0.796280 0.317648
vt 0.801245 0.336699
vt 0.801824 0.335710
vt 0.803829 0.335576
vt 0.800707 0.321627
vt 0.804333 0.317026
vt 0.807815 0.313812
vt 0.812030 0.313210
vt 0.816215 0.313242
vt 0.819305 0.314475
vt 0.820710 0.314078
vt 0.814008 0.335439
vt 0.817814 0.335435
vt 0.830314 0.315241
vt 0.827527 0.313932
vt 0.833989 0.318679
vt 0.833552 0.315625
vt 0.832025 0.317694
vt 0.843239 0.314290
vt 0.831313 0.361659
vt 0.828850 0.363649
vt 0.833548 0.353470
vt 0.833200 0.347938
vt 0.843085 0.345399
vt 0.839052 0.348385
vt 0.835046 0.348296
vt 0.846820 0.335572
vt 0.846183 0.319664
vt 0.846271 0.335004
vt 0.844711 0.319664
vt 0.845074 0.334682
vt 0.844995 0.315034
vt 0.846198 0.314965
vt 0.846849 0.318808
vt 0.844063 0.345410
vt 0.845354 0.341200
vt 0.843737 0.345406
vt 0.846856 0.339891
vt 0.845980 0.339174
vt 0.842870 0.340791
vt 0.844137 0.338458
vt 0.843411 0.345403
vt 0.834753 0.314833
vt 0.764488 0.335968
vt 0.846118 0.336203
vt 0.844762 0.336249
vt 0.846827 0.336402
vt 0.847486 0.343507
vt 0.846395 0.348206
vt 0.847655 0.313858
vt 0.856064 0.318808
vt 0.855257 0.313793
vt 0.856055 0.348395
vt 0.855314 0.343459
vt 0.857048 0.335481
vt 0.861347 0.333730
vt 0.856699 0.335017
vt 0.857607 0.335741
vt 0.861347 0.334509
vt 0.858327 0.335889
vt 0.861323 0.334765
vt 0.859210 0.335924
vt 0.861299 0.335021
vt 0.861100 0.335427
vt 0.860099 0.335904
vt 0.860743 0.335736
vt 0.856936 0.314449
vt 0.858329 0.316350
vt 0.860483 0.314622
vt 0.861313 0.318936
vt 0.862112 0.313825
vt 0.859280 0.316350
vt 0.870905 0.318936
vt 0.870106 0.313790
vt 0.875237 0.314861
vt 0.876378 0.318936
vt 0.877011 0.313997
vt 0.871848 0.314827
vt 0.873020 0.316450
vt 0.873364 0.333794
vt 0.875713 0.334368
vt 0.875750 0.333764
vt 0.873407 0.334450
vt 0.871457 0.335087
vt 0.873478 0.335013
vt 0.875109 0.335399
vt 0.875498 0.334938
vt 0.871987 0.335492
vt 0.871100 0.334532
vt 0.870978 0.333824
vt 0.873548 0.335446
vt 0.872740 0.335714
vt 0.873629 0.335775
vt 0.874474 0.335684
vt 0.873701 0.316468
vt 0.874382 0.316485
vt 0.884178 0.313892
vt 0.885481 0.318936
vt 0.886877 0.315551
vt 0.888701 0.317955
vt 0.889499 0.334958
vt 0.885027 0.334136
vt 0.888083 0.340057
vt 0.883800 0.338778
vt 0.884642 0.344961
vt 0.881144 0.342287
vt 0.882161 0.347539
vt 0.878029 0.343541
vt 0.874783 0.348511
vt 0.874631 0.343520
vt 0.871698 0.348091
vt 0.872154 0.342603
vt 0.870304 0.346571
vt 0.871222 0.341670
vt 0.868545 0.346471
vt 0.870240 0.341062
vt 0.868365 0.340528
vt 0.869316 0.340540
vt 0.866324 0.342561
vt 0.864060 0.343568
vt 0.867573 0.347281
vt 0.862195 0.348620
vt 0.862030 0.343931
vt 0.860533 0.348619
vt 0.860551 0.343810
vt 0.859356 0.348563
vt 0.859356 0.343374
vt 0.858169 0.348469
vt 0.858132 0.342541
vt 0.855656 0.342563
vt 0.856918 0.341244
vt 0.856007 0.340837
vt 0.857112 0.348432
vt 0.564161 0.339421
vt 0.570748 0.356399
vt 0.571794 0.339421
vt 0.554141 0.336218
vt 0.561518 0.353049
vt 0.545138 0.339421
vt 0.537013 0.339421
vt 0.555480 0.336218
vt 0.584112 0.319664
vt 0.535109 0.319664
vt 0.582045 0.352408
vt 0.579237 0.352408
vt 0.580605 0.356427
vt 0.580605 0.350746
vt 0.578867 0.350017
vt 0.580605 0.348606
vt 0.582451 0.350017
vt 0.582857 0.348355
vt 0.578498 0.348355
vt 0.596989 0.340494
vt 0.589664 0.333416
vt 0.597011 0.334265
vt 0.602278 0.336667
vt 0.617750 0.340254
vt 0.610516 0.333416
vt 0.621104 0.336492
vt 0.628653 0.341457
vt 0.624499 0.335858
vt 0.626566 0.342763
vt 0.623130 0.336667
vt 0.640281 0.342690
vt 0.642275 0.338665
vt 0.640774 0.338544
vt 0.635353 0.331827
vt 0.629843 0.332787
vt 0.636158 0.335511
vt 0.631539 0.336899
vt 0.632911 0.338713
vt 0.636366 0.341433
vt 0.639331 0.338171
vt 0.638024 0.337525
vt 0.638300 0.342238
vt 0.636944 0.336619
vt 0.634544 0.340248
vt 0.635675 0.334295
vt 0.630496 0.334898
vt 0.635438 0.333050
vt 0.644268 0.342690
vt 0.643775 0.338544
vt 0.649196 0.331827
vt 0.654929 0.330630
vt 0.649213 0.330630
vt 0.648391 0.335512
vt 0.653010 0.336899
vt 0.648875 0.334295
vt 0.645218 0.338171
vt 0.648184 0.341433
vt 0.646526 0.337525
vt 0.646250 0.342238
vt 0.647606 0.336618
vt 0.651638 0.338713
vt 0.650005 0.340248
vt 0.654053 0.334898
vt 0.649111 0.333051
vt 0.654707 0.332787
vt 0.644267 0.318570
vt 0.643775 0.322716
vt 0.649196 0.329433
vt 0.654707 0.328473
vt 0.648391 0.325749
vt 0.653010 0.324361
vt 0.651638 0.322548
vt 0.648184 0.319828
vt 0.645218 0.323089
vt 0.646526 0.323735
vt 0.646249 0.319022
vt 0.647606 0.324642
vt 0.650005 0.321012
vt 0.648874 0.326965
vt 0.654053 0.326363
vt 0.649111 0.328210
vt 0.640282 0.318570
vt 0.635336 0.330630
vt 0.636158 0.325749
vt 0.631539 0.324361
vt 0.635675 0.326965
vt 0.636366 0.319828
vt 0.638300 0.319022
vt 0.636943 0.324642
vt 0.697462 0.362552
vt 0.681668 0.370881
vt 0.667471 0.363923
vt 0.697462 0.339200
vt 0.686615 0.338850
vt 0.667295 0.349023
vt 0.714435 0.370880
vt 0.704904 0.349519
vt 0.723696 0.370763
vt 0.723679 0.363674
vt 0.736725 0.359396
vt 0.727359 0.356712
vt 0.727272 0.357771
vt 0.726123 0.361571
vt 0.733408 0.366107
vt 0.726559 0.360711
vt 0.726888 0.359758
vt 0.735995 0.361639
vt 0.727119 0.358771
vt 0.724795 0.362998
vt 0.729202 0.369438
vt 0.725563 0.362318
vt 0.737072 0.355239
vt 0.727372 0.355567
vt 0.734895 0.363923
vt 0.731504 0.368009
vt 0.726570 0.370312
vt 0.704904 0.339200
vt 0.715751 0.338850
vt 0.715531 0.319664
vt 0.728589 0.322977
vt 0.728054 0.341065
vt 0.740998 0.322977
vt 0.729920 0.319664
vt 0.741155 0.319664
vt 0.715143 0.346647
vt 0.717948 0.338990
vt 0.722158 0.346647
vt 0.723892 0.347151
vt 0.735072 0.349023
vt 0.726455 0.350817
vt 0.726818 0.352025
vt 0.727289 0.354382
vt 0.735987 0.351135
vt 0.727101 0.353205
vt 0.732796 0.345017
vt 0.725295 0.348419
vt 0.725987 0.349604
vt 0.729757 0.342117
vt 0.736693 0.353209
vt 0.734023 0.346932
vt 0.750120 0.340503
vt 0.756938 0.358077
vt 0.757204 0.340503
vt 0.750120 0.339995
vt 0.757547 0.339995
vt 0.750120 0.333161
vt 0.756938 0.319664
vt 0.750120 0.319664
vt 0.750120 0.334272
vt 0.757727 0.334272
vt 0.757389 0.333161
vt 0.759942 0.341781
vt 0.761339 0.336577
vt 0.759842 0.336331
vt 0.758521 0.335428
vt 0.758539 0.340696
vt 0.762640 0.336542
vt 0.762611 0.342714
vt 0.761376 0.342480
vt 0.772650 0.333868
vt 0.765135 0.333868
vt 0.828136 0.339995
vt 0.820710 0.333161
vt 0.835078 0.335968
vt 0.843239 0.333868
vt 0.842294 0.337741
vt 0.835725 0.333868
vt 0.789680 0.331509
vt 0.800269 0.338949
vt 0.783764 0.320957
vt 0.801842 0.342798
vt 0.812572 0.342798
vt 0.805200 0.342798
vt 0.815318 0.319231
vt 0.812795 0.318825
vt 0.805327 0.325859
vt 0.814676 0.325716
vt 0.805030 0.336642
vt 0.812572 0.336642
vt 0.816921 0.342706
vt 0.813367 0.336642
vt 0.813367 0.342798
vt 0.802002 0.336642
vt 0.847823 0.339891
vt 0.855303 0.341709
vt 0.855510 0.339983
vt 0.848454 0.342505
vt 0.847838 0.341609
vt 0.847794 0.336402
vt 0.855935 0.335631
vt 0.847787 0.335572
vt 0.856398 0.336247
vt 0.857141 0.336593
vt 0.862030 0.342862
vt 0.860453 0.336809
vt 0.860551 0.342740
vt 0.858132 0.341471
vt 0.859272 0.336837
vt 0.858099 0.336790
vt 0.870273 0.334888
vt 0.862079 0.335296
vt 0.868365 0.339459
vt 0.866324 0.341492
vt 0.861782 0.336176
vt 0.864060 0.342499
vt 0.861309 0.336586
vt 0.855257 0.319664
vt 0.847655 0.319664
vt 0.870106 0.319664
vt 0.862112 0.333921
vt 0.870106 0.333921
vt 0.856918 0.340449
vt 0.859356 0.342304
vt 0.862047 0.335637
vt 0.869316 0.339555
vt 0.871484 0.336198
vt 0.870761 0.335645
vt 0.874631 0.342375
vt 0.873726 0.336584
vt 0.872154 0.341458
vt 0.880423 0.341354
vt 0.875746 0.336071
vt 0.877562 0.342481
vt 0.884178 0.333839
vt 0.876571 0.334664
vt 0.882952 0.338481
vt 0.877002 0.319664
vt 0.876622 0.333839
vt 0.876277 0.335441
vt 0.874879 0.336461
vt 0.871222 0.340524
vt 0.872512 0.336500
vt 0.870240 0.339916
vt 0.862112 0.334956
vt 0.737084 0.357270
vt 0.726888 0.359758
vt 0.815775 0.325828
vt 0.727272 0.357771
vt 0.816921 0.336637
vt 0.640774 0.338544
vt 0.801829 0.336872
vt 0.846870 0.341609
vt 0.854960 0.342604
vt 0.704904 0.362552
vt 0.716906 0.337205
vt 0.731350 0.343425
vt 0.862112 0.319664
vt 0.645218 0.323089
vt 0.750120 0.358077
vt 0.884178 0.319664
vt 0.760307 0.334874
vt 0.761699 0.344285
vt 0.555555 0.338770
vt 0.633847 0.346038
vt 0.738422 0.343008
vt 0.744866 0.340503
vt 0.761613 0.358077
vt 0.804567 0.356119
vt 0.833046 0.358077
vt 0.865319 0.348430
vt 0.835954 0.314042
vt 0.777181 0.301942
vt 0.772650 0.313130
vt 0.756938 0.313130
vt 0.729920 0.313989
vt 0.715531 0.313989
vt 0.605057 0.318835
vt 0.721793 0.361736
vt 0.722849 0.361324
vt 0.723647 0.360841
vt 0.724195 0.360355
vt 0.724595 0.359821
vt 0.724906 0.359207
vt 0.725141 0.358526
vt 0.725306 0.357821
vt 0.725415 0.357107
vt 0.725478 0.356351
vt 0.725487 0.355533
vt 0.725428 0.354687
vt 0.725293 0.353846
vt 0.725091 0.353003
vt 0.724832 0.352140
vt 0.724498 0.351274
vt 0.724004 0.350427
vt 0.723002 0.349521
vt 0.721763 0.349162
vt 0.716752 0.349162
vt 0.716062 0.349160
vt 0.716062 0.361736
vt 0.686304 0.361736
vt 0.680573 0.361736
vt 0.679517 0.361324
vt 0.678720 0.360841
vt 0.678171 0.360355
vt 0.677771 0.359821
vt 0.677460 0.359207
vt 0.677225 0.358526
vt 0.677060 0.357821
vt 0.676951 0.357107
vt 0.676889 0.356351
vt 0.676879 0.355533
vt 0.676938 0.354687
vt 0.677073 0.353846
vt 0.677275 0.353003
vt 0.677534 0.352140
vt 0.677869 0.351274
vt 0.678363 0.350427
vt 0.679365 0.349521
vt 0.680603 0.349162
vt 0.685614 0.349162
vt 0.686304 0.349160
vt 0.641203 0.336283
vt 0.642275 0.336369
vt 0.640172 0.336016
vt 0.639239 0.335555
vt 0.638467 0.334908
vt 0.637905 0.334117
vt 0.637560 0.333248
vt 0.637391 0.332359
vt 0.637331 0.331485
vt 0.637319 0.330630
vt 0.637331 0.329775
vt 0.637391 0.328901
vt 0.637560 0.328012
vt 0.637906 0.327143
vt 0.638467 0.326353
vt 0.639238 0.325705
vt 0.640172 0.325244
vt 0.641203 0.324977
vt 0.642275 0.324891
vt 0.643346 0.324977
vt 0.644377 0.325244
vt 0.645311 0.325705
vt 0.646083 0.326353
vt 0.646644 0.327143
vt 0.646989 0.328012
vt 0.647158 0.328901
vt 0.647218 0.329775
vt 0.647230 0.330630
vt 0.647218 0.331485
vt 0.647158 0.332359
vt 0.646989 0.333248
vt 0.646644 0.334117
vt 0.646083 0.334908
vt 0.645311 0.335555
vt 0.644377 0.336016
vt 0.643346 0.336283
vt 0.901471 0.407316
vt 0.901138 0.408239
vt 0.900928 0.409137
vt 0.900820 0.409996
vt 0.900799 0.410832
vt 0.900859 0.411651
vt 0.902941 0.405022
vt 0.901957 0.406345
vt 0.904329 0.403944
vt 0.912463 0.404158
vt 0.911448 0.403479
vt 0.902686 0.416012
vt 0.903175 0.416557
vt 0.901958 0.414950
vt 0.902303 0.415499
vt 0.901384 0.413739
vt 0.901648 0.414354
vt 0.900989 0.412419
vt 0.901167 0.413107
vt 0.903940 0.417208
vt 0.905160 0.417819
vt 0.912463 0.416957
vt 0.897163 0.408619
vt 0.896835 0.412573
vt 0.894994 0.412525
vt 0.894608 0.412284
vt 0.894335 0.412025
vt 0.893929 0.411314
vt 0.893861 0.411048
vt 0.893821 0.410775
vt 0.893807 0.410499
vt 0.894156 0.411791
vt 0.894027 0.411562
vt 0.893819 0.410209
vt 0.893859 0.409900
vt 0.895546 0.407976
vt 0.896989 0.408546
vt 0.895143 0.407965
vt 0.894172 0.408989
vt 0.894339 0.408697
vt 0.893931 0.409587
vt 0.894035 0.409285
vt 0.894536 0.408419
vt 0.894772 0.408174
vt 0.908467 0.424771
vt 0.908342 0.424997
vt 0.906439 0.422940
vt 0.906665 0.422794
vt 0.907717 0.422741
vt 0.906240 0.423119
vt 0.906903 0.422685
vt 0.905925 0.423532
vt 0.906070 0.423319
vt 0.907165 0.422640
vt 0.908567 0.424531
vt 0.908560 0.423488
vt 0.908663 0.424010
vt 0.908634 0.424275
vt 0.908219 0.423043
vt 0.908412 0.423252
vt 0.908640 0.423744
vt 0.906572 0.425788
vt 0.906310 0.425649
vt 0.908194 0.425218
vt 0.908023 0.425429
vt 0.907119 0.425902
vt 0.906847 0.425876
vt 0.907831 0.425616
vt 0.907616 0.425765
vt 0.907378 0.425864
vt 0.905704 0.423994
vt 0.905802 0.423757
vt 0.905877 0.425260
vt 0.905734 0.425021
vt 0.905618 0.424503
vt 0.905640 0.424244
vt 0.906072 0.425472
vt 0.905648 0.424765
vt 0.907439 0.422662
vt 0.907979 0.422872
vt 0.712515 0.436521
vt 0.711837 0.448867
vt 0.711837 0.436520
vt 0.717435 0.436521
vt 0.717465 0.448867
vt 0.719284 0.447989
vt 0.718502 0.448463
vt 0.719635 0.437764
vt 0.718651 0.436874
vt 0.720120 0.438595
vt 0.719823 0.447512
vt 0.720449 0.439446
vt 0.720216 0.446988
vt 0.720703 0.440293
vt 0.720521 0.446385
vt 0.720901 0.441120
vt 0.720752 0.445716
vt 0.721092 0.442777
vt 0.721034 0.441946
vt 0.721083 0.443580
vt 0.720914 0.445024
vt 0.642275 0.330630
vt 0.643346 0.330630
vt 0.644377 0.330630
vt 0.645311 0.330630
vt 0.646083 0.330630
vt 0.646644 0.330630
vt 0.646989 0.330630
vt 0.647158 0.330630
vt 0.641203 0.330630
vt 0.640172 0.330630
vt 0.639238 0.330630
vt 0.638467 0.330630
vt 0.637906 0.330630
vt 0.637560 0.330630
vt 0.637391 0.330630
vt 0.639387 0.418326
vt 0.638335 0.412775
vt 0.639387 0.412691
vt 0.640439 0.423876
vt 0.639387 0.423960
vt 0.640439 0.418326
vt 0.641452 0.423614
vt 0.641452 0.418326
vt 0.642369 0.423161
vt 0.642369 0.418326
vt 0.643126 0.422525
vt 0.643126 0.418326
vt 0.643677 0.421749
vt 0.643677 0.418326
vt 0.644016 0.420896
vt 0.644016 0.418326
vt 0.644182 0.420023
vt 0.638335 0.418326
vt 0.637323 0.423614
vt 0.637323 0.418326
vt 0.636406 0.413490
vt 0.637323 0.413037
vt 0.636406 0.418326
vt 0.635649 0.422525
vt 0.635648 0.418326
vt 0.635097 0.421749
vt 0.635097 0.418325
vt 0.634758 0.420896
vt 0.634758 0.418325
vt 0.634592 0.420023
vt 0.634592 0.418326
vt 0.634592 0.416628
vt 0.634759 0.415755
vt 0.635097 0.414902
vt 0.635648 0.414126
vt 0.636406 0.423161
vt 0.644182 0.416628
vt 0.644016 0.415755
vt 0.643677 0.414902
vt 0.643126 0.414126
vt 0.642369 0.413490
vt 0.641452 0.413037
vt 0.640439 0.412775
vt 0.638335 0.423876
vt 0.634533 0.417486
vt 0.634521 0.418326
vt 0.634533 0.419165
vt 0.644241 0.419165
vt 0.644182 0.418326
vt 0.644253 0.418326
vt 0.644241 0.417486
vt 0.682619 0.448867
vt 0.681941 0.436521
vt 0.682619 0.436520
vt 0.676991 0.448867
vt 0.677021 0.436521
vt 0.675172 0.447989
vt 0.675955 0.448463
vt 0.674821 0.437764
vt 0.675805 0.436874
vt 0.674633 0.447512
vt 0.674336 0.438595
vt 0.674241 0.446988
vt 0.674008 0.439446
vt 0.673935 0.446385
vt 0.673753 0.440293
vt 0.673704 0.445716
vt 0.673555 0.441120
vt 0.673435 0.444323
vt 0.673542 0.445024
vt 0.673374 0.443580
vt 0.673423 0.441946
vt 0.809087 0.609570
vt 0.796873 0.640478
vt 0.792940 0.640886
vt 0.795191 0.674932
vt 0.792805 0.672134
vt 0.800400 0.672134
vt 0.848482 0.711677
vt 0.859373 0.718993
vt 0.859373 0.724537
vt 0.779418 0.593193
vt 0.813180 0.609008
vt 0.801314 0.647918
vt 0.806026 0.647669
vt 0.848482 0.581025
vt 0.820774 0.583703
vt 0.817365 0.581025
vt 0.786925 0.674932
vt 0.803168 0.583703
vt 0.800131 0.581025
vt 0.817365 0.674932
vt 0.848324 0.706357
vt 0.795612 0.587778
vt 0.772356 0.592033
vt 0.799015 0.589908
vt 0.803457 0.674932
vt 0.807995 0.672134
vt 0.820774 0.672134
vt 0.859373 0.534664
vt 0.851449 0.583703
vt 0.583112 0.917043
vt 0.574713 0.920076
vt 0.574713 0.917043
vt 0.566314 0.917043
vt 0.561565 0.920076
vt 0.597243 0.917043
vt 0.583112 0.920076
vt 0.639927 0.967445
vt 0.628861 0.957411
vt 0.628861 0.954378
vt 0.597243 0.920076
vt 0.577690 0.889594
vt 0.580935 0.889594
vt 0.551511 0.832810
vt 0.584653 0.850629
vt 0.543379 0.832018
vt 0.572426 0.882449
vt 0.569181 0.882449
vt 0.588833 0.850629
vt 0.597243 0.821625
vt 0.626365 0.818930
vt 0.628861 0.821625
vt 0.579733 0.821625
vt 0.597243 0.818930
vt 0.575141 0.825499
vt 0.575141 0.828487
vt 0.579733 0.818637
vt 0.639927 0.766359
vt 0.639927 0.759621
vt 0.860432 0.916684
vt 0.847730 0.957424
vt 0.848928 0.916684
vt 0.805079 0.889958
vt 0.816059 0.918082
vt 0.801369 0.918082
vt 0.816059 0.889958
vt 0.802092 0.889958
vt 0.792638 0.918082
vt 0.805251 0.881692
vt 0.796917 0.881692
vt 0.848928 0.903537
vt 0.817119 0.881692
vt 0.860432 0.903537
vt 0.860432 0.848152
vt 0.848928 0.848152
vt 0.813404 0.845861
vt 0.823570 0.846441
vt 0.810367 0.845688
vt 0.795820 0.816425
vt 0.791046 0.823558
vt 0.851323 0.816425
vt 0.816059 0.816425
vt 0.807330 0.845515
vt 0.768518 0.827334
vt 0.788583 0.881692
vt 0.799106 0.889958
vt 0.783907 0.918082
vt 0.921873 0.640478
vt 0.909658 0.609570
vt 0.925806 0.640886
vt 0.923555 0.674932
vt 0.925941 0.672134
vt 0.931821 0.674932
vt 0.870264 0.711677
vt 0.939328 0.593193
vt 0.946390 0.592033
vt 0.917432 0.647918
vt 0.897972 0.583703
vt 0.870264 0.581025
vt 0.901381 0.581025
vt 0.915578 0.583703
vt 0.918614 0.581025
vt 0.870422 0.706357
vt 0.901381 0.674932
vt 0.923134 0.587778
vt 0.915289 0.674932
vt 0.918346 0.672134
vt 0.910751 0.672134
vt 0.859373 0.526634
vt 0.705141 0.920076
vt 0.696742 0.917043
vt 0.705141 0.917043
vt 0.713540 0.917043
vt 0.696742 0.920076
vt 0.682611 0.917043
vt 0.650993 0.957411
vt 0.650993 0.954378
vt 0.682611 0.920076
vt 0.702164 0.889594
vt 0.698919 0.889594
vt 0.728343 0.832810
vt 0.695202 0.850629
vt 0.691021 0.850629
vt 0.707428 0.882449
vt 0.653489 0.818930
vt 0.682611 0.821625
vt 0.650993 0.821625
vt 0.682611 0.818930
vt 0.700121 0.821625
vt 0.704713 0.825499
vt 0.704713 0.828487
vt 0.873133 0.957424
vt 0.871936 0.916684
vt 0.915785 0.889958
vt 0.904804 0.918082
vt 0.904804 0.889958
vt 0.918771 0.889958
vt 0.919494 0.918082
vt 0.915612 0.881692
vt 0.923946 0.881692
vt 0.871936 0.903537
vt 0.903745 0.881692
vt 0.871936 0.848152
vt 0.907460 0.845861
vt 0.897294 0.846441
vt 0.910497 0.845688
vt 0.925043 0.816425
vt 0.929817 0.823558
vt 0.869540 0.816425
vt 0.904804 0.816425
vt 0.860432 0.760051
vt 0.913534 0.845515
vt 0.952346 0.827334
vt 0.921758 0.889958
vt 0.932280 0.881692
vt 0.928226 0.918082
vt 0.575904 0.641324
vt 0.588532 0.609371
vt 0.571839 0.641746
vt 0.574166 0.676943
vt 0.571699 0.674050
vt 0.565621 0.676943
vt 0.640517 0.722494
vt 0.629258 0.714930
vt 0.640517 0.728225
vt 0.557859 0.592441
vt 0.550559 0.591241
vt 0.580496 0.649016
vt 0.600614 0.582631
vt 0.629258 0.579861
vt 0.597089 0.579861
vt 0.582412 0.582631
vt 0.579273 0.579861
vt 0.629095 0.709430
vt 0.597089 0.676943
vt 0.574601 0.586842
vt 0.582711 0.676943
vt 0.579551 0.674050
vt 0.587402 0.674050
vt 0.640517 0.531933
vt 0.640517 0.523631
vt 0.574166 0.680029
vt 0.582711 0.680029
vt 0.629258 0.718016
vt 0.597089 0.680029
vt 0.577195 0.649016
vt 0.584279 0.609371
vt 0.626719 0.577119
vt 0.597089 0.577119
vt 0.574601 0.583802
vt 0.640517 0.672793
vt 0.630172 0.672793
vt 0.590739 0.648758
vt 0.600614 0.674050
vt 0.600614 0.648758
vt 0.588053 0.648758
vt 0.590894 0.641324
vt 0.583399 0.641324
vt 0.630172 0.660970
vt 0.601566 0.641324
vt 0.640517 0.660970
vt 0.640517 0.611162
vt 0.630172 0.611162
vt 0.598225 0.609102
vt 0.607368 0.609623
vt 0.595494 0.608946
vt 0.578119 0.589045
vt 0.632326 0.582631
vt 0.592763 0.608791
vt 0.585367 0.648758
vt 0.692503 0.609371
vt 0.705130 0.641324
vt 0.709196 0.641746
vt 0.706869 0.676943
vt 0.709336 0.674050
vt 0.701484 0.674050
vt 0.651777 0.714930
vt 0.723175 0.592441
vt 0.688272 0.608791
vt 0.700539 0.649016
vt 0.695668 0.648758
vt 0.651777 0.579861
vt 0.680421 0.582631
vt 0.683945 0.579861
vt 0.715414 0.676943
vt 0.698622 0.582631
vt 0.701762 0.579861
vt 0.683945 0.676943
vt 0.651940 0.709430
vt 0.706434 0.586842
vt 0.730476 0.591241
vt 0.702916 0.589045
vt 0.698323 0.676943
vt 0.693632 0.674050
vt 0.680421 0.674050
vt 0.648709 0.582631
vt 0.706869 0.680029
vt 0.720246 0.680029
vt 0.698323 0.680029
vt 0.651777 0.718016
vt 0.683945 0.680029
vt 0.703840 0.649016
vt 0.696756 0.609371
vt 0.738750 0.590435
vt 0.712497 0.641746
vt 0.654316 0.577119
vt 0.683945 0.577119
vt 0.706434 0.583802
vt 0.701762 0.576821
vt 0.640517 0.516775
vt 0.650863 0.672793
vt 0.690296 0.648758
vt 0.680421 0.648758
vt 0.692982 0.648758
vt 0.690141 0.641324
vt 0.697636 0.641324
vt 0.650863 0.660970
vt 0.679469 0.641324
vt 0.650863 0.611162
vt 0.682809 0.609102
vt 0.673667 0.609623
vt 0.685541 0.608946
vt 0.560789 0.680029
vt 0.640517 0.731311
vt 0.579273 0.576821
vt 0.542285 0.590435
vt 0.568538 0.641746
vt 0.297616 0.880919
vt 0.288521 0.893563
vt 0.283965 0.892445
vt 0.284844 0.842712
vt 0.294793 0.845461
vt 0.293254 0.848938
vt 0.348921 0.942028
vt 0.356094 0.941183
vt 0.352306 0.946303
vt 0.364603 0.965385
vt 0.361226 0.960636
vt 0.362860 0.960308
vt 0.316796 0.924800
vt 0.314777 0.920759
vt 0.318300 0.919855
vt 0.298222 0.850414
vt 0.300044 0.845866
vt 0.342219 0.828821
vt 0.357335 0.818412
vt 0.343438 0.834556
vt 0.310999 0.864734
vt 0.316910 0.865073
vt 0.347818 0.937412
vt 0.350253 0.936350
vt 0.319528 0.927224
vt 0.296683 0.951439
vt 0.291743 0.950994
vt 0.310854 0.874610
vt 0.305520 0.872914
vt 0.331959 0.828368
vt 0.332499 0.824254
vt 0.325670 0.927860
vt 0.314268 0.924870
vt 0.312494 0.921323
vt 0.286660 0.897325
vt 0.293098 0.898062
vt 0.336705 0.932657
vt 0.346267 0.942400
vt 0.296247 0.953954
vt 0.291867 0.956642
vt 0.307265 0.921447
vt 0.311543 0.924777
vt 0.284273 0.903049
vt 0.280930 0.902435
vt 0.323733 0.827119
vt 0.325489 0.822641
vt 0.377613 0.933262
vt 0.372019 0.928702
vt 0.377343 0.927388
vt 0.283376 0.906702
vt 0.288824 0.906965
vt 0.307253 0.804440
vt 0.300171 0.791856
vt 0.367569 0.769882
vt 0.379588 0.773480
vt 0.371896 0.776217
vt 0.283730 0.910469
vt 0.280577 0.910326
vt 0.303174 0.883318
vt 0.300743 0.954512
vt 0.337913 0.925835
vt 0.298826 0.917694
vt 0.309177 0.917167
vt 0.374581 0.934659
vt 0.283351 0.911800
vt 0.280444 0.913128
vt 0.378888 0.765741
vt 0.383383 0.773094
vt 0.200978 0.664281
vt 0.200510 0.661805
vt 0.204224 0.662116
vt 0.361248 0.802611
vt 0.366790 0.807103
vt 0.285284 0.915199
vt 0.289019 0.911690
vt 0.300763 0.959478
vt 0.312730 0.826822
vt 0.317363 0.827544
vt 0.361332 0.966010
vt 0.359638 0.960922
vt 0.052861 0.964067
vt 0.089341 0.929611
vt 0.052851 0.966600
vt 0.105174 0.941974
vt 0.100970 0.940001
vt 0.100980 0.937469
vt 0.108329 0.965730
vt 0.111035 0.967905
vt 0.106691 0.968255
vt 0.126010 0.925525
vt 0.123339 0.929000
vt 0.121722 0.926462
vt 0.043389 0.964031
vt 0.040683 0.966554
vt 0.098826 0.939241
vt 0.098816 0.941773
vt 0.103537 0.944500
vt 0.113762 0.965016
vt 0.111045 0.965373
vt 0.115383 0.966642
vt 0.089350 0.927078
vt 0.043408 0.958836
vt 0.074377 0.926029
vt 0.076513 0.926384
vt 0.040712 0.958826
vt 0.289333 0.921621
vt 0.286143 0.924269
vt 0.185831 0.686233
vt 0.186507 0.682943
vt 0.187984 0.685731
vt 0.181636 0.690443
vt 0.180888 0.682632
vt 0.183669 0.686633
vt 0.167918 0.602790
vt 0.157692 0.604198
vt 0.167062 0.598474
vt 0.186807 0.644848
vt 0.187996 0.635932
vt 0.191686 0.644284
vt 0.199870 0.716430
vt 0.203862 0.716591
vt 0.153317 0.702079
vt 0.154456 0.698466
vt 0.155339 0.702831
vt 0.072861 0.924440
vt 0.070288 0.924532
vt 0.072867 0.922744
vt 0.070089 0.926227
vt 0.067709 0.926320
vt 0.063403 0.922865
vt 0.067510 0.928016
vt 0.046863 0.934702
vt 0.039703 0.930484
vt 0.042468 0.930274
vt 0.054583 0.926477
vt 0.046852 0.937885
vt 0.054592 0.923873
vt 0.042598 0.925961
vt 0.041294 0.924434
vt 0.039008 0.925872
vt 0.039031 0.919360
vt 0.041307 0.920620
vt 0.040805 0.918037
vt 0.038567 0.915877
vt 0.046241 0.915904
vt 0.041882 0.908812
vt 0.046504 0.906714
vt 0.039656 0.906689
vt 0.036679 0.906679
vt 0.052142 0.888342
vt 0.055410 0.879150
vt 0.058386 0.879156
vt 0.049164 0.888332
vt 0.061617 0.869987
vt 0.064582 0.869989
vt 0.042531 0.855218
vt 0.031454 0.849633
vt 0.031454 0.846645
vt 0.048861 0.855218
vt 0.042530 0.858206
vt 0.048860 0.858207
vt 0.028638 0.847564
vt 0.031457 0.825308
vt 0.028641 0.822687
vt 0.031457 0.821929
vt 0.053293 0.842899
vt 0.053293 0.846278
vt 0.060326 0.835181
vt 0.063975 0.834885
vt 0.035936 0.793584
vt 0.032192 0.788795
vt 0.126016 0.787380
vt 0.122797 0.784289
vt 0.126015 0.783805
vt 0.103901 0.827764
vt 0.092608 0.837198
vt 0.102062 0.826143
vt 0.105098 0.822700
vt 0.110086 0.816502
vt 0.112155 0.818468
vt 0.115303 0.790206
vt 0.122797 0.787864
vt 0.082583 0.830946
vt 0.092608 0.840773
vt 0.073157 0.827371
vt 0.073157 0.830946
vt 0.103258 0.821079
vt 0.112236 0.788706
vt 0.082583 0.827371
vt 0.328950 0.694191
vt 0.341253 0.690872
vt 0.299362 0.733564
vt 0.367914 0.734145
vt 0.368521 0.698394
vt 0.377324 0.690076
vt 0.343923 0.599436
vt 0.355403 0.644367
vt 0.344449 0.644853
vt 0.358744 0.583367
vt 0.357074 0.640706
vt 0.360025 0.577948
vt 0.362753 0.640839
vt 0.367579 0.573419
vt 0.368841 0.621557
vt 0.365386 0.734487
vt 0.359717 0.706713
vt 0.378456 0.540092
vt 0.381901 0.615376
vt 0.377890 0.616144
vt 0.377426 0.676752
vt 0.368578 0.684547
vt 0.371339 0.542316
vt 0.381901 0.675777
vt 0.360264 0.694842
vt 0.355553 0.690887
vt 0.353372 0.693106
vt 0.343062 0.682579
vt 0.299484 0.605158
vt 0.276971 0.601614
vt 0.277114 0.584796
vt 0.313852 0.589742
vt 0.321960 0.588246
vt 0.332764 0.588318
vt 0.294455 0.611004
vt 0.315293 0.630102
vt 0.296252 0.669748
vt 0.302050 0.649710
vt 0.320709 0.657086
vt 0.351422 0.703820
vt 0.353715 0.701919
vt 0.381901 0.689056
vt 0.291615 0.729315
vt 0.332579 0.650970
vt 0.308671 0.639906
vt 0.296961 0.685090
vt 0.288496 0.685949
vt 0.295082 0.680214
vt 0.300952 0.688966
vt 0.289117 0.697231
vt 0.311614 0.685872
vt 0.321822 0.687239
vt 0.318685 0.689779
vt 0.316045 0.691624
vt 0.352417 0.815372
vt 0.358849 0.813305
vt 0.286983 0.832836
vt 0.288205 0.840418
vt 0.196825 0.618223
vt 0.198937 0.622240
vt 0.299775 0.922302
vt 0.291544 0.923659
vt 0.357754 0.965838
vt 0.303679 0.835622
vt 0.283764 0.828387
vt 0.291075 0.927511
vt 0.354233 0.809839
vt 0.304887 0.840605
vt 0.472663 0.895759
vt 0.463594 0.881993
vt 0.477530 0.894775
vt 0.468044 0.844861
vt 0.478587 0.842425
vt 0.469500 0.848573
vt 0.400350 0.941887
vt 0.407043 0.943028
vt 0.403563 0.946598
vt 0.393657 0.962342
vt 0.396363 0.958245
vt 0.396432 0.962741
vt 0.441391 0.927551
vt 0.443715 0.923376
vt 0.444063 0.927745
vt 0.464231 0.849897
vt 0.419227 0.825398
vt 0.404874 0.814611
vt 0.409561 0.811928
vt 0.450205 0.864322
vt 0.462526 0.845052
vt 0.408510 0.938626
vt 0.409626 0.943642
vt 0.460975 0.956430
vt 0.438384 0.929976
vt 0.466161 0.956224
vt 0.449879 0.874738
vt 0.455588 0.873193
vt 0.429911 0.825322
vt 0.429517 0.821012
vt 0.440039 0.922264
vt 0.446102 0.924075
vt 0.446951 0.927771
vt 0.474468 0.899819
vt 0.420006 0.934640
vt 0.461300 0.959083
vt 0.465738 0.962121
vt 0.451625 0.924436
vt 0.476744 0.905977
vt 0.480307 0.905473
vt 0.438557 0.824373
vt 0.436911 0.819618
vt 0.382627 0.928291
vt 0.380774 0.934336
vt 0.477535 0.909880
vt 0.456791 0.801363
vt 0.464751 0.788503
vt 0.398799 0.771281
vt 0.387127 0.773764
vt 0.388455 0.766238
vt 0.476996 0.913850
vt 0.480338 0.913835
vt 0.457614 0.884288
vt 0.456571 0.959430
vt 0.456287 0.964628
vt 0.460715 0.920834
vt 0.459511 0.925667
vt 0.394990 0.957924
vt 0.477339 0.915273
vt 0.480356 0.916804
vt 0.383726 0.765411
vt 0.143843 0.598423
vt 0.147368 0.595274
vt 0.402397 0.800465
vt 0.394482 0.776943
vt 0.475146 0.918784
vt 0.450083 0.824546
vt 0.397740 0.958397
vt 0.399395 0.962476
vt 0.198802 0.964579
vt 0.162616 0.929909
vt 0.162625 0.927380
vt 0.150917 0.940197
vt 0.146699 0.942136
vt 0.150927 0.937667
vt 0.143353 0.965852
vt 0.140630 0.968004
vt 0.140641 0.965474
vt 0.128652 0.929022
vt 0.130289 0.926498
vt 0.208263 0.964609
vt 0.198793 0.967109
vt 0.153065 0.939455
vt 0.148315 0.944673
vt 0.137929 0.965095
vt 0.177580 0.926445
vt 0.208280 0.959420
vt 0.175447 0.926788
vt 0.210973 0.959428
vt 0.470584 0.925401
vt 0.473843 0.928341
vt 0.201718 0.617890
vt 0.203033 0.620937
vt 0.184630 0.682792
vt 0.142814 0.718949
vt 0.144664 0.715578
vt 0.144816 0.718924
vt 0.147410 0.701460
vt 0.150490 0.705606
vt 0.210367 0.615551
vt 0.181667 0.924951
vt 0.179099 0.924865
vt 0.179098 0.923175
vt 0.184251 0.926714
vt 0.181876 0.926642
vt 0.188451 0.923236
vt 0.184468 0.928396
vt 0.212219 0.929994
vt 0.205282 0.934239
vt 0.209507 0.929834
vt 0.197476 0.926258
vt 0.197365 0.923643
vt 0.188374 0.921141
vt 0.209322 0.925603
vt 0.203505 0.920834
vt 0.210594 0.924087
vt 0.212787 0.919076
vt 0.210553 0.920332
vt 0.211035 0.917783
vt 0.213247 0.915641
vt 0.215832 0.915599
vt 0.205651 0.915698
vt 0.209966 0.908645
vt 0.205381 0.906560
vt 0.212179 0.906541
vt 0.196596 0.879124
vt 0.199814 0.888274
vt 0.193634 0.879124
vt 0.202774 0.888272
vt 0.190416 0.869971
vt 0.187452 0.869971
vt 0.220574 0.849626
vt 0.209499 0.855208
vt 0.220574 0.846638
vt 0.209499 0.858196
vt 0.203170 0.855208
vt 0.223389 0.847558
vt 0.220574 0.825305
vt 0.220574 0.821927
vt 0.223389 0.822685
vt 0.198740 0.842891
vt 0.198740 0.846269
vt 0.191708 0.835174
vt 0.188060 0.834877
vt 0.216096 0.793584
vt 0.129233 0.784288
vt 0.129234 0.787863
vt 0.148138 0.827759
vt 0.159432 0.837191
vt 0.159432 0.840765
vt 0.141951 0.816499
vt 0.146941 0.822695
vt 0.139882 0.818465
vt 0.136729 0.790204
vt 0.169455 0.830939
vt 0.178879 0.827364
vt 0.178879 0.830939
vt 0.149977 0.826138
vt 0.169455 0.827365
vt 0.422548 0.690872
vt 0.434851 0.694191
vt 0.464439 0.733564
vt 0.395280 0.698394
vt 0.395887 0.734145
vt 0.386477 0.690076
vt 0.408398 0.644367
vt 0.419878 0.599436
vt 0.419352 0.644853
vt 0.406727 0.640706
vt 0.405057 0.583367
vt 0.401048 0.640839
vt 0.403776 0.577947
vt 0.394960 0.621557
vt 0.396222 0.573419
vt 0.404084 0.706713
vt 0.398415 0.734487
vt 0.385345 0.540092
vt 0.385911 0.616144
vt 0.386375 0.676752
vt 0.395223 0.684547
vt 0.392462 0.542315
vt 0.403537 0.694842
vt 0.408248 0.690887
vt 0.410429 0.693106
vt 0.420739 0.682579
vt 0.464317 0.605158
vt 0.486830 0.601613
vt 0.476120 0.611004
vt 0.441841 0.588246
vt 0.449949 0.589742
vt 0.431037 0.588318
vt 0.469346 0.611004
vt 0.448508 0.630101
vt 0.461751 0.649710
vt 0.467549 0.669748
vt 0.443092 0.657086
vt 0.410086 0.701919
vt 0.412379 0.703820
vt 0.472186 0.729315
vt 0.431222 0.650970
vt 0.455130 0.639906
vt 0.475305 0.685949
vt 0.466840 0.685090
vt 0.468719 0.680213
vt 0.474684 0.697231
vt 0.462849 0.688966
vt 0.452188 0.685872
vt 0.441979 0.687239
vt 0.445116 0.689779
vt 0.403668 0.809853
vt 0.407988 0.806947
vt 0.476787 0.831986
vt 0.480356 0.827469
vt 0.195723 0.651523
vt 0.468157 0.927460
vt 0.468485 0.931555
vt 0.459173 0.834161
vt 0.457688 0.839325
vt 0.164316 0.695064
vt 0.199980 0.718322
vt 0.202904 0.720597
vt 0.190779 0.681874
vt 0.202698 0.668858
vt 0.206829 0.668928
vt 0.175416 0.601161
vt 0.173849 0.597210
vt 0.126578 0.694605
vt 0.131364 0.689748
vt 0.129687 0.695355
vt 0.202711 0.671339
vt 0.187733 0.582023
vt 0.192133 0.572909
vt 0.135981 0.565948
vt 0.128851 0.568206
vt 0.129420 0.563618
vt 0.202798 0.673742
vt 0.205806 0.673424
vt 0.191184 0.652298
vt 0.196572 0.718326
vt 0.196021 0.722427
vt 0.196447 0.678182
vt 0.196314 0.681782
vt 0.143500 0.715462
vt 0.203144 0.674730
vt 0.205899 0.676188
vt 0.126525 0.567900
vt 0.126549 0.563227
vt 0.140803 0.587671
vt 0.133284 0.569880
vt 0.202205 0.676156
vt 0.185080 0.600118
vt 0.145730 0.715681
vt 0.146862 0.718825
vt 0.164192 0.696734
vt 0.153710 0.704009
vt 0.145076 0.720572
vt 0.128985 0.697292
vt 0.196278 0.724156
vt 0.151205 0.707114
vt 0.183320 0.690050
vt 0.205690 0.716919
vt 0.202819 0.680169
vt 0.205769 0.680695
vt 0.184223 0.687777
vt 0.186783 0.686810
vt 0.190960 0.683181
vt 0.188381 0.686444
vt 0.206736 0.680829
vt 0.203389 0.683543
vt 0.197066 0.682813
vt 0.205791 0.677801
vt 0.206989 0.672887
vt 0.206249 0.671408
vt 0.207695 0.668441
vt 0.203808 0.664496
vt 0.193812 0.644610
vt 0.197648 0.651589
vt 0.190408 0.635906
vt 0.210318 0.617416
vt 0.203271 0.622777
vt 0.211808 0.616130
vt 0.213454 0.602559
vt 0.214412 0.600688
vt 0.215733 0.601726
vt 0.193772 0.606420
vt 0.193475 0.608208
vt 0.187391 0.599681
vt 0.129501 0.560525
vt 0.157797 0.601618
vt 0.142333 0.586272
vt 0.145544 0.591786
vt 0.173688 0.594741
vt 0.148389 0.593896
vt 0.167244 0.596223
vt 0.163915 0.688380
vt 0.175898 0.691446
vt 0.140187 0.695547
vt 0.149595 0.648552
vt 0.157504 0.609346
vt 0.158349 0.648697
vt 0.148075 0.645537
vt 0.143116 0.645773
vt 0.142571 0.594504
vt 0.137621 0.629636
vt 0.137013 0.590647
vt 0.126506 0.624467
vt 0.129736 0.625072
vt 0.130616 0.676950
vt 0.138909 0.683722
vt 0.126549 0.676101
vt 0.146611 0.691921
vt 0.150401 0.688476
vt 0.152249 0.690209
vt 0.161698 0.680676
vt 0.192154 0.612843
vt 0.207789 0.613482
vt 0.181138 0.600993
vt 0.182912 0.635834
vt 0.196538 0.664367
vt 0.177626 0.657950
vt 0.152465 0.697489
vt 0.126565 0.688956
vt 0.167993 0.653394
vt 0.198382 0.674959
vt 0.198973 0.671252
vt 0.188581 0.678554
vt 0.209745 0.606982
vt 0.202288 0.681432
vt 0.058141 0.651313
vt 0.053015 0.661625
vt 0.049257 0.661907
vt 0.043053 0.616602
vt 0.051672 0.619095
vt 0.050333 0.622150
vt 0.099927 0.701966
vt 0.105672 0.701364
vt 0.102568 0.705406
vt 0.110057 0.718702
vt 0.108205 0.715330
vt 0.109374 0.715220
vt 0.069788 0.686580
vt 0.068818 0.682844
vt 0.072492 0.682646
vt 0.054512 0.623465
vt 0.056504 0.619420
vt 0.095179 0.604968
vt 0.108965 0.598995
vt 0.095476 0.610005
vt 0.065536 0.636750
vt 0.070481 0.636546
vt 0.098761 0.698389
vt 0.100729 0.697414
vt 0.071771 0.690251
vt 0.053566 0.716272
vt 0.049558 0.716463
vt 0.066765 0.645234
vt 0.062118 0.644689
vt 0.085435 0.603743
vt 0.086172 0.599665
vt 0.077433 0.691285
vt 0.067688 0.686213
vt 0.066981 0.683021
vt 0.052512 0.664081
vt 0.056966 0.664250
vt 0.088767 0.695012
vt 0.097917 0.702732
vt 0.053467 0.718167
vt 0.050546 0.720456
vt 0.062745 0.682063
vt 0.065593 0.685771
vt 0.050714 0.668761
vt 0.046653 0.668833
vt 0.078357 0.602261
vt 0.080225 0.598370
vt 0.121749 0.689720
vt 0.050666 0.671217
vt 0.054444 0.671201
vt 0.065173 0.581881
vt 0.060267 0.571766
vt 0.116976 0.565956
vt 0.124195 0.568198
vt 0.119703 0.569905
vt 0.050519 0.673642
vt 0.047490 0.673223
vt 0.062492 0.652270
vt 0.056886 0.718150
vt 0.089214 0.688313
vt 0.056953 0.678285
vt 0.064870 0.678694
vt 0.123329 0.695298
vt 0.050140 0.674639
vt 0.047270 0.676044
vt 0.123667 0.563569
vt 0.112074 0.587812
vt 0.115950 0.590910
vt 0.051063 0.676129
vt 0.055008 0.674978
vt 0.057464 0.722242
vt 0.068112 0.601311
vt 0.072293 0.602126
vt 0.108008 0.718664
vt 0.107144 0.715423
vt 0.088899 0.696679
vt 0.057218 0.723962
vt 0.099574 0.703850
vt 0.105995 0.718569
vt 0.107689 0.720310
vt 0.105172 0.719887
vt 0.123986 0.697243
vt 0.048698 0.722127
vt 0.097765 0.703983
vt 0.101824 0.706878
vt 0.110726 0.719922
vt 0.070117 0.689855
vt 0.047717 0.716807
vt 0.050339 0.680173
vt 0.047221 0.680645
vt 0.069255 0.687686
vt 0.066778 0.686787
vt 0.062602 0.683388
vt 0.065229 0.686472
vt 0.049694 0.683694
vt 0.046182 0.680758
vt 0.056328 0.683016
vt 0.048945 0.684953
vt 0.057105 0.681964
vt 0.047316 0.677695
vt 0.045783 0.675934
vt 0.046289 0.672592
vt 0.047182 0.671192
vt 0.049676 0.664294
vt 0.048124 0.661171
vt 0.060123 0.644974
vt 0.056295 0.651281
vt 0.063205 0.636786
vt 0.043030 0.618384
vt 0.050069 0.624036
vt 0.054130 0.625580
vt 0.041645 0.617126
vt 0.040744 0.604051
vt 0.038716 0.603218
vt 0.039868 0.602319
vt 0.059264 0.607799
vt 0.059582 0.609567
vt 0.065646 0.600901
vt 0.059569 0.570146
vt 0.123655 0.560389
vt 0.126584 0.560071
vt 0.105290 0.595897
vt 0.095010 0.602459
vt 0.104199 0.594535
vt 0.107103 0.592201
vt 0.110507 0.586343
vt 0.080584 0.596061
vt 0.105885 0.591072
vt 0.114870 0.564718
vt 0.085974 0.597612
vt 0.112886 0.695501
vt 0.103454 0.648753
vt 0.094766 0.648921
vt 0.104956 0.645751
vt 0.110238 0.594985
vt 0.109894 0.645963
vt 0.115382 0.629701
vt 0.123275 0.625081
vt 0.122482 0.676951
vt 0.114192 0.683715
vt 0.106524 0.691884
vt 0.102747 0.688454
vt 0.100917 0.690179
vt 0.091469 0.680650
vt 0.061035 0.614206
vt 0.045689 0.614610
vt 0.044044 0.608224
vt 0.075751 0.658038
vt 0.085231 0.653587
vt 0.050869 0.681504
vt 0.206936 0.661202
vt 0.206265 0.664010
vt 0.209100 0.668140
vt 0.208650 0.671253
vt 0.208864 0.672802
vt 0.207369 0.676126
vt 0.208657 0.676545
vt 0.208018 0.678029
vt 0.208473 0.681506
vt 0.204092 0.684756
vt 0.204599 0.686354
vt 0.196963 0.684438
vt 0.191854 0.685026
vt 0.189066 0.687589
vt 0.187552 0.688239
vt 0.186409 0.689149
vt 0.186045 0.690184
vt 0.208122 0.716401
vt 0.207362 0.724564
vt 0.195824 0.726497
vt 0.164037 0.699717
vt 0.155515 0.704061
vt 0.156023 0.705256
vt 0.154855 0.705703
vt 0.153071 0.708112
vt 0.147687 0.720134
vt 0.148867 0.722069
vt 0.144987 0.722976
vt 0.142154 0.720165
vt 0.141091 0.721873
vt 0.127970 0.699111
vt 0.126562 0.696543
vt 0.126674 0.698822
vt 0.125307 0.699343
vt 0.111751 0.722145
vt 0.107418 0.722785
vt 0.103863 0.721289
vt 0.100359 0.707705
vt 0.098533 0.705699
vt 0.097267 0.705288
vt 0.089149 0.699798
vt 0.057782 0.726497
vt 0.046121 0.724439
vt 0.045482 0.716376
vt 0.067562 0.690017
vt 0.067192 0.689037
vt 0.066065 0.688169
vt 0.064609 0.687573
vt 0.061855 0.685159
vt 0.056497 0.684879
vt 0.047875 0.686992
vt 0.044615 0.680991
vt 0.045004 0.678260
vt 0.044140 0.676035
vt 0.044713 0.672205
vt 0.044910 0.671110
vt 0.045824 0.668371
vt 0.044501 0.668022
vt 0.047242 0.664110
vt 0.046556 0.660731
vt 0.054768 0.650249
vt 0.058346 0.644137
vt 0.060849 0.637129
vt 0.052837 0.627431
vt 0.049063 0.625608
vt 0.041666 0.619791
vt 0.040122 0.617936
vt 0.036931 0.603066
vt 0.038592 0.602159
vt 0.037926 0.601010
vt 0.039959 0.600903
vt 0.058484 0.605633
vt 0.062618 0.600322
vt 0.057091 0.564349
vt 0.081692 0.594383
vt 0.086600 0.596189
vt 0.094676 0.599921
vt 0.102405 0.593146
vt 0.104199 0.589975
vt 0.108066 0.585089
vt 0.112844 0.562860
vt 0.122918 0.557616
vt 0.126622 0.556942
vt 0.130419 0.557567
vt 0.138061 0.564710
vt 0.139984 0.563178
vt 0.144532 0.585115
vt 0.146673 0.590697
vt 0.148217 0.589654
vt 0.149939 0.592606
vt 0.158037 0.598776
vt 0.166515 0.594475
vt 0.172101 0.592558
vt 0.192746 0.571474
vt 0.194914 0.566791
vt 0.190059 0.599095
vt 0.194596 0.604017
vt 0.214407 0.598591
vt 0.217309 0.599509
vt 0.217644 0.601820
vt 0.215844 0.600431
vt 0.213339 0.617219
vt 0.211611 0.618921
vt 0.204131 0.624295
vt 0.199373 0.624313
vt 0.200610 0.625933
vt 0.193043 0.636260
vt 0.195730 0.643716
vt 0.199531 0.650411
vt 0.205343 0.661390
vt 0.447389 0.104805
vt 0.139823 0.067362
vt 0.393632 0.067362
vt 0.391597 0.135401
vt 0.106807 0.168446
vt 0.141811 0.136644
vt 0.397891 0.125977
vt 0.135766 0.127713
vt 0.086065 0.177715
vt 0.427570 0.169219
vt 0.447389 0.177715
vt 0.844427 0.216801
vt 0.867631 0.224606
vt 0.869528 0.177444
vt 0.755503 0.196363
vt 0.691856 0.212710
vt 0.715712 0.224660
vt 0.875576 0.206797
vt 0.870517 0.208355
vt 0.870732 0.202060
vt 0.848393 0.197507
vt 0.845250 0.202053
vt 0.844056 0.196738
vt 0.847082 0.191622
vt 0.842668 0.190986
vt 0.841891 0.194576
vt 0.839725 0.189583
vt 0.841473 0.185553
vt 0.838266 0.185324
vt 0.858873 0.179184
vt 0.854671 0.175752
vt 0.861716 0.175467
vt 0.878495 0.201161
vt 0.878892 0.208454
vt 0.838646 0.193541
vt 0.836026 0.187693
vt 0.875173 0.212463
vt 0.878433 0.215171
vt 0.875226 0.200512
vt 0.877761 0.193072
vt 0.870616 0.219301
vt 0.868953 0.214432
vt 0.873529 0.216700
vt 0.869464 0.195257
vt 0.874303 0.193215
vt 0.867386 0.188090
vt 0.871984 0.185663
vt 0.866421 0.180687
vt 0.866198 0.220742
vt 0.861730 0.212402
vt 0.860925 0.204937
vt 0.860477 0.198616
vt 0.859676 0.193103
vt 0.858505 0.186632
vt 0.860606 0.221493
vt 0.855945 0.211983
vt 0.855239 0.203828
vt 0.854073 0.197503
vt 0.852765 0.191801
vt 0.851655 0.185718
vt 0.852358 0.179269
vt 0.851015 0.219431
vt 0.850879 0.210802
vt 0.849701 0.203484
vt 0.846077 0.185572
vt 0.846875 0.179430
vt 0.847474 0.214930
vt 0.846273 0.207723
vt 0.841566 0.180227
vt 0.845075 0.209092
vt 0.843728 0.204102
vt 0.842898 0.199518
vt 0.838396 0.182212
vt 0.855353 0.221357
vt 0.860858 0.225032
vt 0.854171 0.224453
vt 0.875369 0.184038
vt 0.834710 0.182332
vt 0.840825 0.204120
vt 0.840143 0.198962
vt 0.872920 0.223149
vt 0.841928 0.210001
vt 0.876462 0.220153
vt 0.842238 0.176367
vt 0.848621 0.175981
vt 0.848648 0.222020
vt 0.836833 0.178376
vt 0.770839 0.174236
vt 0.761301 0.173336
vt 0.766794 0.164406
vt 0.749465 0.163590
vt 0.748902 0.172939
vt 0.737459 0.172958
vt 0.733101 0.163865
vt 0.732061 0.172299
vt 0.722694 0.175568
vt 0.720214 0.173316
vt 0.710582 0.175043
vt 0.709760 0.173478
vt 0.699363 0.174388
vt 0.772726 0.178146
vt 0.762579 0.179667
vt 0.748412 0.178917
vt 0.735109 0.178676
vt 0.717164 0.178996
vt 0.703878 0.177832
vt 0.692485 0.176447
vt 0.773188 0.182721
vt 0.760729 0.185502
vt 0.744807 0.184506
vt 0.731066 0.184152
vt 0.715055 0.183665
vt 0.701540 0.182347
vt 0.690448 0.180588
vt 0.770795 0.191277
vt 0.758096 0.189934
vt 0.743035 0.189043
vt 0.728494 0.188779
vt 0.714411 0.188437
vt 0.701509 0.187278
vt 0.691227 0.185443
vt 0.763764 0.193184
vt 0.751930 0.192655
vt 0.738898 0.192282
vt 0.726077 0.192304
vt 0.713595 0.192267
vt 0.702335 0.191499
vt 0.693602 0.189913
vt 0.753532 0.193662
vt 0.743237 0.193989
vt 0.733249 0.194234
vt 0.723117 0.194483
vt 0.713200 0.194667
vt 0.704450 0.194285
vt 0.697766 0.193062
vt 0.772563 0.187482
vt 0.776718 0.182639
vt 0.776055 0.188581
vt 0.707452 0.170997
vt 0.696548 0.171966
vt 0.711582 0.197439
vt 0.702126 0.196833
vt 0.733418 0.196980
vt 0.744220 0.196711
vt 0.776202 0.176923
vt 0.774055 0.172065
vt 0.689095 0.174510
vt 0.686899 0.179673
vt 0.722481 0.197252
vt 0.766442 0.195697
vt 0.750496 0.160135
vt 0.768596 0.160184
vt 0.690349 0.191330
vt 0.687760 0.185739
vt 0.774062 0.193344
vt 0.730298 0.170550
vt 0.731560 0.160347
vt 0.694874 0.195278
vt 0.718497 0.170817
vt 0.774936 0.200868
vt 0.767180 0.202789
vt 0.766767 0.199240
vt 0.754880 0.199153
vt 0.752717 0.202312
vt 0.744144 0.199420
vt 0.739369 0.202335
vt 0.734260 0.199669
vt 0.726791 0.202240
vt 0.724311 0.199921
vt 0.714679 0.201699
vt 0.713857 0.200087
vt 0.703460 0.201024
vt 0.777877 0.204748
vt 0.766015 0.207351
vt 0.750232 0.206492
vt 0.735414 0.206215
vt 0.721261 0.205768
vt 0.707975 0.204571
vt 0.696582 0.203144
vt 0.777715 0.214360
vt 0.764826 0.212467
vt 0.748904 0.211441
vt 0.733746 0.211077
vt 0.719152 0.210576
vt 0.705637 0.209219
vt 0.694544 0.207408
vt 0.774892 0.218412
vt 0.762193 0.217029
vt 0.747132 0.216113
vt 0.732591 0.215841
vt 0.718508 0.215489
vt 0.705606 0.214295
vt 0.695324 0.212406
vt 0.767861 0.220376
vt 0.756027 0.219831
vt 0.742995 0.219447
vt 0.730174 0.219469
vt 0.717692 0.219432
vt 0.706432 0.218641
vt 0.697699 0.217008
vt 0.757629 0.220868
vt 0.747334 0.221205
vt 0.737346 0.221457
vt 0.727214 0.221713
vt 0.717296 0.221903
vt 0.708547 0.221509
vt 0.701863 0.220250
vt 0.781870 0.209375
vt 0.781207 0.215492
vt 0.700644 0.198531
vt 0.706223 0.224132
vt 0.737453 0.224186
vt 0.748282 0.223913
vt 0.778152 0.198633
vt 0.781354 0.203490
vt 0.693192 0.201150
vt 0.690996 0.206465
vt 0.726466 0.224464
vt 0.759446 0.223535
vt 0.770539 0.222963
vt 0.769289 0.196566
vt 0.694446 0.218467
vt 0.778158 0.220540
vt 0.698971 0.222532
vt 0.547609 0.174777
vt 0.550805 0.174839
vt 0.549600 0.178248
vt 0.553169 0.180741
vt 0.556909 0.178025
vt 0.558962 0.181804
vt 0.565580 0.179342
vt 0.566564 0.182262
vt 0.575009 0.180769
vt 0.575192 0.182306
vt 0.584008 0.182306
vt 0.547011 0.171040
vt 0.554351 0.171823
vt 0.562674 0.175436
vt 0.573501 0.177041
vt 0.583921 0.179455
vt 0.592698 0.182306
vt 0.554867 0.166455
vt 0.562065 0.170028
vt 0.572249 0.173376
vt 0.584088 0.175217
vt 0.594088 0.178556
vt 0.601657 0.182249
vt 0.563924 0.165952
vt 0.572731 0.168874
vt 0.584416 0.171543
vt 0.596375 0.173611
vt 0.604924 0.177829
vt 0.610563 0.182075
vt 0.573019 0.166025
vt 0.582772 0.168091
vt 0.595031 0.169923
vt 0.606217 0.171968
vt 0.612963 0.176413
vt 0.616710 0.180745
vt 0.581675 0.166025
vt 0.591460 0.167090
vt 0.603075 0.168136
vt 0.612489 0.169890
vt 0.617206 0.173760
vt 0.619230 0.177781
vt 0.590275 0.166025
vt 0.599616 0.166027
vt 0.609952 0.166316
vt 0.617030 0.167682
vt 0.619526 0.170626
vt 0.619852 0.174143
vt 0.621578 0.187547
vt 0.614394 0.188444
vt 0.614500 0.186335
vt 0.604164 0.186079
vt 0.601407 0.187727
vt 0.594823 0.186077
vt 0.589481 0.187346
vt 0.586223 0.186077
vt 0.578536 0.186707
vt 0.577566 0.186077
vt 0.568472 0.186012
vt 0.624400 0.193280
vt 0.612431 0.191138
vt 0.597335 0.189971
vt 0.583295 0.189180
vt 0.570459 0.187877
vt 0.559415 0.186458
vt 0.623778 0.196508
vt 0.610403 0.194108
vt 0.594127 0.192568
vt 0.578857 0.191473
vt 0.564925 0.189716
vt 0.553399 0.187744
vt 0.621258 0.199138
vt 0.607762 0.196934
vt 0.591712 0.195379
vt 0.576556 0.194325
vt 0.562753 0.192610
vt 0.551559 0.190527
vt 0.615111 0.200318
vt 0.602591 0.198770
vt 0.588181 0.197649
vt 0.574471 0.196934
vt 0.562051 0.195630
vt 0.552157 0.193843
vt 0.606205 0.200473
vt 0.595392 0.199784
vt 0.583592 0.199312
vt 0.572240 0.199021
vt 0.562066 0.198239
vt 0.554148 0.196923
vt 0.597246 0.200524
vt 0.588556 0.200524
vt 0.579740 0.200524
vt 0.571112 0.200484
vt 0.625084 0.205865
vt 0.618308 0.207150
vt 0.618006 0.204499
vt 0.607670 0.204211
vt 0.605737 0.206523
vt 0.598329 0.204208
vt 0.594129 0.206289
vt 0.589728 0.204208
vt 0.583192 0.205981
vt 0.581072 0.204208
vt 0.572666 0.205351
vt 0.571978 0.204135
vt 0.562921 0.204638
vt 0.627579 0.208810
vt 0.617221 0.210525
vt 0.603509 0.209588
vt 0.590627 0.209103
vt 0.578326 0.208505
vt 0.566790 0.207363
vt 0.556905 0.206087
vt 0.627283 0.215964
vt 0.616105 0.214312
vt 0.602274 0.213249
vt 0.589098 0.212692
vt 0.576414 0.212045
vt 0.564682 0.210781
vt 0.555064 0.209224
vt 0.624764 0.218928
vt 0.613742 0.217660
vt 0.600658 0.216694
vt 0.588017 0.216218
vt 0.575775 0.215691
vt 0.564573 0.214560
vt 0.555662 0.212960
vt 0.618617 0.220258
vt 0.608334 0.219630
vt 0.597006 0.219099
vt 0.585857 0.218875
vt 0.575002 0.218612
vt 0.565222 0.217812
vt 0.557653 0.216432
vt 0.609711 0.220432
vt 0.600752 0.220489
vt 0.592062 0.220489
vt 0.583246 0.220489
vt 0.574618 0.220445
vt 0.567015 0.219987
vt 0.572140 0.164008
vt 0.570011 0.202190
vt 0.573196 0.222468
vt 0.557717 0.199135
vt 0.626796 0.197314
vt 0.627471 0.193283
vt 0.565985 0.184246
vt 0.557007 0.184764
vt 0.563510 0.200078
vt 0.561446 0.201773
vt 0.589092 0.202260
vt 0.598467 0.202260
vt 0.624074 0.190160
vt 0.624411 0.186124
vt 0.627117 0.189387
vt 0.550483 0.186370
vt 0.548488 0.189845
vt 0.579620 0.202260
vt 0.608388 0.202230
vt 0.617399 0.202073
vt 0.604361 0.184280
vt 0.616736 0.184610
vt 0.551295 0.197833
vt 0.549136 0.193986
vt 0.624064 0.200599
vt 0.594440 0.184314
vt 0.585066 0.184314
vt 0.556137 0.041612
vt 0.550998 0.040408
vt 0.555735 0.036460
vt 0.598167 0.060059
vt 0.598420 0.051764
vt 0.602021 0.059421
vt 0.572116 0.087020
vt 0.578431 0.091135
vt 0.576269 0.093775
vt 0.568638 0.039237
vt 0.562661 0.035101
vt 0.570286 0.035444
vt 0.602327 0.077000
vt 0.604234 0.068176
vt 0.605958 0.078498
vt 0.571993 0.070451
vt 0.569944 0.078116
vt 0.568082 0.070634
vt 0.582511 0.042907
vt 0.578147 0.036955
vt 0.585961 0.040147
vt 0.600407 0.092503
vt 0.606170 0.088970
vt 0.603437 0.095663
vt 0.561104 0.054287
vt 0.562378 0.059475
vt 0.555708 0.052743
vt 0.594287 0.053221
vt 0.592986 0.045273
vt 0.590686 0.098928
vt 0.595954 0.095371
vt 0.598149 0.098479
vt 0.553555 0.044864
vt 0.550784 0.046423
vt 0.600716 0.067921
vt 0.583660 0.094605
vt 0.582680 0.097413
vt 0.561768 0.039735
vt 0.602627 0.086156
vt 0.574980 0.085064
vt 0.566014 0.059412
vt 0.565826 0.065027
vt 0.575590 0.040210
vt 0.569674 0.064598
vt 0.556286 0.049524
vt 0.588974 0.047379
vt 0.589990 0.095940
vt 0.559007 0.048903
vt 0.564807 0.054952
vt 0.569925 0.061056
vt 0.573117 0.067450
vt 0.574695 0.075370
vt 0.573526 0.077439
vt 0.563492 0.048093
vt 0.569233 0.055008
vt 0.574262 0.061757
vt 0.577659 0.069844
vt 0.579041 0.080318
vt 0.569916 0.047631
vt 0.574599 0.054520
vt 0.579552 0.061578
vt 0.583715 0.070997
vt 0.585280 0.082926
vt 0.577451 0.047745
vt 0.581698 0.054348
vt 0.586798 0.061893
vt 0.591109 0.072163
vt 0.592221 0.084405
vt 0.586205 0.049112
vt 0.590857 0.055640
vt 0.595202 0.064001
vt 0.597714 0.074589
vt 0.597825 0.085807
vt 0.555165 0.200594
vt 0.575593 0.184314
vt 0.622248 0.178689
vt 0.622923 0.174146
vt 0.562279 0.163918
vt 0.552459 0.164545
vt 0.556898 0.183713
vt 0.619864 0.166078
vt 0.622570 0.169755
vt 0.545935 0.166355
vt 0.543940 0.170272
vt 0.612851 0.184052
vt 0.600981 0.164012
vt 0.612188 0.164372
vt 0.546747 0.179273
vt 0.544588 0.174938
vt 0.619516 0.182391
vt 0.581527 0.164008
vt 0.590852 0.164008
vt 0.550617 0.182386
vt 0.548851 0.167904
vt 0.561222 0.218924
vt 0.630302 0.216872
vt 0.627906 0.212326
vt 0.630977 0.212330
vt 0.560512 0.202728
vt 0.564952 0.221897
vt 0.592111 0.222524
vt 0.601533 0.222524
vt 0.627917 0.204261
vt 0.630623 0.207938
vt 0.553989 0.204538
vt 0.551993 0.208455
vt 0.582551 0.222524
vt 0.611248 0.222453
vt 0.620905 0.222235
vt 0.620242 0.202555
vt 0.554801 0.217456
vt 0.552641 0.213122
vt 0.627570 0.220574
vt 0.558671 0.220569
vt 0.677729 0.087510
vt 0.678792 0.093413
vt 0.674749 0.088973
vt 0.743812 0.095790
vt 0.747843 0.091072
vt 0.750775 0.093421
vt 0.675025 0.077227
vt 0.672493 0.082788
vt 0.671816 0.076130
vt 0.723573 0.096203
vt 0.732117 0.093218
vt 0.733722 0.096101
vt 0.680716 0.067960
vt 0.676947 0.072752
vt 0.673901 0.070542
vt 0.748178 0.072435
vt 0.743119 0.067713
vt 0.751138 0.070146
vt 0.695453 0.093236
vt 0.703741 0.096203
vt 0.693967 0.096123
vt 0.754335 0.081658
vt 0.750785 0.076636
vt 0.753965 0.075393
vt 0.681458 0.091066
vt 0.685355 0.095308
vt 0.753630 0.088139
vt 0.675649 0.082558
vt 0.740783 0.070487
vt 0.734254 0.067138
vt 0.741421 0.092970
vt 0.704467 0.093300
vt 0.713729 0.096203
vt 0.722757 0.093300
vt 0.687510 0.092583
vt 0.690923 0.066915
vt 0.683233 0.070684
vt 0.750476 0.086843
vt 0.685636 0.089479
vt 0.695854 0.090621
vt 0.707195 0.090996
vt 0.713678 0.093300
vt 0.718844 0.091316
vt 0.730679 0.092073
vt 0.684959 0.084840
vt 0.696662 0.086454
vt 0.709452 0.087206
vt 0.722659 0.087885
vt 0.736328 0.089262
vt 0.685072 0.079448
vt 0.697330 0.081252
vt 0.710581 0.082176
vt 0.724348 0.082970
vt 0.738797 0.084486
vt 0.687275 0.074573
vt 0.699327 0.076201
vt 0.712179 0.077055
vt 0.725638 0.077747
vt 0.751126 0.081653
vt 0.739963 0.079083
vt 0.693414 0.071701
vt 0.702232 0.072139
vt 0.715838 0.073040
vt 0.727966 0.073374
vt 0.741098 0.074268
vt 0.692695 0.069968
vt 0.711240 0.070071
vt 0.720225 0.070071
vt 0.729984 0.070075
vt 0.666619 0.043474
vt 0.666689 0.047108
vt 0.663855 0.042142
vt 0.703950 0.045950
vt 0.702289 0.038079
vt 0.707436 0.044042
vt 0.671903 0.037520
vt 0.668483 0.041392
vt 0.667313 0.037996
vt 0.684008 0.037783
vt 0.678884 0.041083
vt 0.677487 0.037655
vt 0.679665 0.055186
vt 0.684261 0.061607
vt 0.677235 0.056549
vt 0.699414 0.041913
vt 0.692409 0.037919
vt 0.672342 0.050124
vt 0.671250 0.051587
vt 0.712077 0.048988
vt 0.693656 0.066180
vt 0.672650 0.040556
vt 0.728195 0.067640
vt 0.685390 0.041652
vt 0.674637 0.048737
vt 0.668408 0.047598
vt 0.681822 0.053389
vt 0.686834 0.060593
vt 0.689366 0.059775
vt 0.677890 0.047264
vt 0.684323 0.051253
vt 0.692648 0.058121
vt 0.697156 0.065317
vt 0.704891 0.062623
vt 0.700996 0.064221
vt 0.681552 0.046062
vt 0.688276 0.049438
vt 0.696633 0.055558
vt 0.686107 0.045053
vt 0.693382 0.047907
vt 0.701929 0.053775
vt 0.708589 0.060547
vt 0.692662 0.043651
vt 0.698964 0.046992
vt 0.706395 0.052170
vt 0.711850 0.058335
vt 0.692452 0.041529
vt 0.709727 0.051553
vt 0.722616 0.062617
vt 0.714733 0.056036
vt 0.697395 0.069655
vt 0.750431 0.048784
vt 0.748605 0.045269
vt 0.752420 0.043572
vt 0.713720 0.045450
vt 0.717736 0.041520
vt 0.715864 0.048940
vt 0.745788 0.038515
vt 0.746799 0.043136
vt 0.743150 0.042351
vt 0.733680 0.038447
vt 0.738712 0.041886
vt 0.732193 0.042276
vt 0.733215 0.063063
vt 0.737023 0.063156
vt 0.725278 0.038353
vt 0.715398 0.038242
vt 0.743778 0.056173
vt 0.746704 0.049343
vt 0.750608 0.039937
vt 0.740202 0.038497
vt 0.740621 0.054430
vt 0.725137 0.041961
vt 0.737305 0.051869
vt 0.730668 0.061435
vt 0.733700 0.049783
vt 0.728046 0.059367
vt 0.729860 0.048138
vt 0.725086 0.056926
vt 0.726139 0.046271
vt 0.722038 0.054747
vt 0.722285 0.044542
vt 0.718783 0.052342
vt 0.849636 0.040332
vt 0.840365 0.042577
vt 0.839338 0.040332
vt 0.883375 0.075257
vt 0.888415 0.072277
vt 0.891465 0.074066
vt 0.811518 0.048674
vt 0.809209 0.052043
vt 0.807847 0.046395
vt 0.870613 0.040299
vt 0.860271 0.042306
vt 0.859827 0.040332
vt 0.862162 0.064435
vt 0.870591 0.072914
vt 0.868268 0.075571
vt 0.890299 0.045633
vt 0.883499 0.040653
vt 0.892918 0.042200
vt 0.830308 0.042854
vt 0.828915 0.040551
vt 0.890832 0.056190
vt 0.895937 0.049961
vt 0.895016 0.059727
vt 0.850360 0.042335
vt 0.893745 0.066586
vt 0.813222 0.053919
vt 0.812139 0.058067
vt 0.881460 0.043917
vt 0.880888 0.073108
vt 0.856167 0.064620
vt 0.867598 0.063004
vt 0.821674 0.042795
vt 0.822117 0.040448
vt 0.889772 0.062526
vt 0.854976 0.061365
vt 0.846118 0.058394
vt 0.858239 0.058638
vt 0.875521 0.061877
vt 0.837931 0.047121
vt 0.843221 0.044377
vt 0.843414 0.047393
vt 0.814874 0.042496
vt 0.848466 0.055506
vt 0.862210 0.056023
vt 0.881655 0.061528
vt 0.815318 0.040346
vt 0.822238 0.049194
vt 0.849642 0.051673
vt 0.863966 0.052278
vt 0.883379 0.057197
vt 0.851304 0.047771
vt 0.865309 0.048298
vt 0.884593 0.053080
vt 0.855111 0.044711
vt 0.867731 0.044966
vt 0.891246 0.049986
vt 0.885774 0.049411
vt 0.871020 0.042833
vt 0.811075 0.044154
vt 0.809083 0.042100
vt 0.857810 0.072369
vt 0.852283 0.065850
vt 0.829410 0.089464
vt 0.831694 0.097154
vt 0.826292 0.090193
vt 0.857819 0.085103
vt 0.860537 0.080151
vt 0.861545 0.085718
vt 0.823177 0.074519
vt 0.822813 0.081967
vt 0.819275 0.074220
vt 0.858209 0.094073
vt 0.863106 0.091773
vt 0.862122 0.096542
vt 0.849528 0.097913
vt 0.853793 0.095353
vt 0.856259 0.097380
vt 0.856305 0.078906
vt 0.834567 0.094661
vt 0.841377 0.098091
vt 0.858662 0.089958
vt 0.826062 0.082057
vt 0.815925 0.060161
vt 0.815629 0.066804
vt 0.819669 0.067263
vt 0.848352 0.096229
vt 0.820732 0.063558
vt 0.824575 0.072232
vt 0.827420 0.080986
vt 0.823537 0.057163
vt 0.827050 0.066477
vt 0.830740 0.076249
vt 0.833096 0.086432
vt 0.829216 0.050612
vt 0.831158 0.059263
vt 0.834743 0.068946
vt 0.838343 0.079125
vt 0.841047 0.089528
vt 0.837083 0.053839
vt 0.839203 0.062392
vt 0.842731 0.071797
vt 0.846488 0.081756
vt 0.849013 0.090758
vt 0.841523 0.096579
vt 0.846604 0.067022
vt 0.850066 0.075050
vt 0.853524 0.084341
vt 0.854719 0.090607
vt 0.854128 0.072017
vt 0.732039 0.108753
vt 0.736033 0.110335
vt 0.734227 0.114641
vt 0.728417 0.101737
vt 0.735639 0.105066
vt 0.729235 0.097165
vt 0.733151 0.100246
vt 0.727227 0.111742
vt 0.730705 0.116829
vt 0.723606 0.104726
vt 0.721418 0.098838
vt 0.726410 0.116314
vt 0.720005 0.108412
vt 0.722494 0.113233
vt 0.719611 0.103143
vt 0.724940 0.096650
vt 0.729601 0.094684
vt 0.717979 0.108846
vt 0.717483 0.102212
vt 0.738161 0.111267
vt 0.735887 0.116688
vt 0.726044 0.118795
vt 0.734532 0.098563
vt 0.719758 0.096790
vt 0.731451 0.119444
vt 0.721113 0.114916
vt 0.737665 0.104633
vt 0.724193 0.094035
vt 0.755935 0.107914
vt 0.759930 0.109497
vt 0.758123 0.113802
vt 0.752314 0.100898
vt 0.759536 0.104228
vt 0.753131 0.096326
vt 0.757047 0.099407
vt 0.751124 0.110903
vt 0.754601 0.115990
vt 0.747502 0.103888
vt 0.745314 0.098000
vt 0.750306 0.115475
vt 0.743902 0.107574
vt 0.746390 0.112394
vt 0.743508 0.102305
vt 0.748836 0.095811
vt 0.753497 0.093845
vt 0.741876 0.108008
vt 0.741380 0.101373
vt 0.762058 0.110429
vt 0.759783 0.115850
vt 0.749940 0.117956
vt 0.758428 0.097724
vt 0.743654 0.095952
vt 0.755348 0.118605
vt 0.745009 0.114077
vt 0.761562 0.103794
vt 0.748089 0.093196
vt 0.534164 0.402282
vt 0.546207 0.405466
vt 0.582946 0.448463
vt 0.575632 0.448463
vt 0.594465 0.437620
vt 0.595778 0.421086
vt 0.607129 0.422110
vt 0.598082 0.436552
vt 0.616095 0.429092
vt 0.659370 0.444692
vt 0.698523 0.463268
vt 0.727844 0.428561
vt 0.680633 0.423846
vt 0.740119 0.428019
vt 0.755280 0.422492
vt 0.757975 0.422736
vt 0.756562 0.445275
vt 0.753392 0.430681
vt 0.756647 0.431732
vt 0.777074 0.435522
vt 0.786390 0.435315
vt 0.798738 0.443352
vt 0.808091 0.431106
vt 0.782122 0.396705
vt 0.812904 0.450811
vt 0.795517 0.425650
vt 0.808699 0.414468
vt 0.826701 0.445275
vt 0.824382 0.430676
vt 0.828665 0.435671
vt 0.869869 0.401994
vt 0.865951 0.404403
vt 0.862313 0.428056
vt 0.139756 0.436367
vt 0.127297 0.410634
vt 0.139051 0.450787
vt 0.163156 0.428470
vt 0.177697 0.427048
vt 0.186597 0.428470
vt 0.205139 0.436680
vt 0.205140 0.409244
vt 0.267180 0.468233
vt 0.237450 0.437346
vt 0.275546 0.468233
vt 0.334927 0.427056
vt 0.343255 0.426602
vt 0.414281 0.427056
vt 0.422610 0.426602
vt 0.377618 0.421302
vt 0.365797 0.430172
vt 0.396582 0.445595
vt 0.401471 0.429715
vt 0.384496 0.430131
vt 0.444234 0.436423
vt 0.445850 0.429277
vt 0.452273 0.410634
vt 0.468584 0.426569
vt 0.642274 0.342833
vt 0.642275 0.318427
vt 0.721021 0.444323
vt 0.673365 0.442777
vt 0.639927 0.970478
vt 0.860432 0.971951
vt 0.905566 0.609008
vt 0.912720 0.647669
vt 0.867296 0.583703
vt 0.897972 0.672134
vt 0.919731 0.589908
vt 0.718289 0.920076
vt 0.736475 0.832018
vt 0.710673 0.882449
vt 0.700121 0.818637
vt 0.936957 0.918082
vt 0.125999 0.928057
vt 0.063411 0.920699
vt 0.048429 0.921059
vt 0.035955 0.915837
vt 0.028641 0.819308
vt 0.362858 0.734829
vt 0.381900 0.539633
vt 0.287681 0.611004
vt 0.288279 0.553489
vt 0.288234 0.669533
vt 0.291615 0.733564
vt 0.288496 0.689038
vt 0.292546 0.700661
vt 0.286351 0.680164
vt 0.475169 0.839873
vt 0.406217 0.937416
vt 0.417825 0.831204
vt 0.443991 0.864405
vt 0.431916 0.930319
vt 0.467628 0.900318
vt 0.419250 0.927606
vt 0.449790 0.919825
vt 0.471760 0.909922
vt 0.397427 0.803969
vt 0.471349 0.914911
vt 0.445204 0.825099
vt 0.144969 0.968390
vt 0.210948 0.967148
vt 0.153055 0.941985
vt 0.136295 0.966707
vt 0.205350 0.937367
vt 0.212857 0.925486
vt 0.215136 0.906536
vt 0.203170 0.858196
vt 0.223389 0.819307
vt 0.219840 0.788795
vt 0.148779 0.821074
vt 0.139795 0.788703
vt 0.400944 0.734829
vt 0.486687 0.584795
vt 0.475522 0.553489
vt 0.475567 0.669533
vt 0.472186 0.733564
vt 0.475305 0.689038
vt 0.471255 0.700660
vt 0.477450 0.680164
vt 0.447756 0.691623
vt 0.204762 0.722257
vt 0.086065 0.104805
vt 0.778340 0.209459
s 0
usemtl Material
f 2343/1/1 952/2/1 2341/3/1
f 356/4/2 1097/5/2 350/6/2
f 65/7/3 803/8/3 75/9/3
f 213/10/4 959/11/4 958/12/4
f 345/13/5 1099/14/5 1093/15/5
f 74/16/6 813/17/6 70/18/6
f 354/19/7 1107/20/7 360/21/7
f 73/22/8 810/23/8 65/7/8
f 2341/3/9 956/24/9 2342/25/9
f 353/26/10 1105/27/10 358/28/10
f 70/18/11 820/29/11 78/30/11
f 211/31/12 954/32/12 210/33/12
f 350/6/13 1104/34/13 357/35/13
f 79/36/14 818/37/14 819/38/14
f 209/39/15 954/32/15 953/40/15
f 359/41/16 1102/42/16 1103/43/16
f 72/44/17 818/37/17 71/45/17
f 352/46/18 1102/42/18 351/47/18
f 68/48/19 816/49/19 74/16/19
f 207/50/20 950/51/20 208/52/20
f 346/53/21 1100/54/21 356/4/21
f 69/55/22 815/56/22 73/22/22
f 237/57/12 950/51/12 949/58/12
f 355/59/23 1098/60/23 1099/14/23
f 2367/61/24 947/62/24 2364/63/24
f 347/64/25 1096/65/25 348/66/25
f 68/48/26 808/67/26 809/68/26
f 193/69/27 945/70/27 938/71/27
f 363/72/28 1095/73/28 347/64/28
f 66/74/29 806/75/29 67/76/29
f 2365/77/30 939/78/30 2368/79/30
f 361/80/31 1092/81/31 346/53/31
f 76/82/29 812/83/29 66/74/29
f 203/84/32 942/85/32 195/86/32
f 343/87/33 1073/88/33 1089/89/33
f 344/90/34 1074/91/34 328/92/34
f 64/93/35 807/94/35 808/67/35
f 2372/95/36 943/96/36 2366/97/36
f 67/76/29 807/94/29 63/98/29
f 201/99/37 924/100/37 171/101/37
f 62/102/38 805/103/38 61/104/38
f 342/105/39 1078/106/39 1087/107/39
f 75/9/40 804/108/40 62/102/40
f 2369/109/41 948/110/41 936/111/41
f 341/112/42 1088/113/42 1079/114/42
f 197/115/43 935/116/43 946/117/43
f 60/118/44 797/119/44 52/120/44
f 340/121/45 1071/122/45 1088/113/45
f 57/123/46 799/124/46 801/125/46
f 2364/63/47 948/110/47 2363/126/47
f 339/127/39 1087/107/39 1069/128/39
f 205/129/48 946/117/48 945/70/48
f 336/130/49 1086/131/49 633/132/49
f 58/133/50 802/134/50 60/118/50
f 632/135/51 1084/136/51 1085/137/51
f 57/123/52 794/138/52 49/139/52
f 2365/77/53 943/96/53 944/140/53
f 337/141/54 1083/142/54 1084/136/54
f 195/86/55 941/143/55 201/99/55
f 333/144/56 1081/145/56 336/130/56
f 56/146/57 785/147/57 791/148/57
f 330/149/58 1082/150/58 1072/151/58
f 45/152/59 783/153/59 55/154/59
f 2368/79/60 940/155/60 2367/61/60
f 203/84/61 938/71/61 937/156/61
f 54/157/62 793/158/62 50/159/62
f 2369/109/63 933/160/63 2371/161/63
f 334/162/64 1075/163/64 1077/164/64
f 45/152/65 795/165/65 790/166/65
f 199/167/66 931/168/66 935/116/66
f 332/169/67 1076/170/67 333/144/67
f 50/159/68 800/171/68 58/133/68
f 59/172/69 798/173/69 799/124/69
f 2370/174/70 902/175/70 2384/176/70
f 332/169/71 1079/114/71 1080/177/71
f 52/120/72 798/173/72 51/178/72
f 184/179/73 932/180/73 187/181/73
f 331/182/64 1077/164/64 1078/106/64
f 48/183/74 796/184/74 54/157/74
f 2371/161/75 934/185/75 2370/174/75
f 49/139/76 795/165/76 53/186/76
f 328/92/77 1075/163/77 329/187/77
f 190/188/78 929/189/78 930/190/78
f 48/183/79 788/191/79 789/192/79
f 187/181/80 927/193/80 189/194/80
f 330/149/81 1073/88/81 327/195/81
f 46/196/57 786/197/57 47/198/57
f 325/199/82 1070/200/82 1071/122/82
f 188/201/83 930/190/83 931/168/83
f 326/202/84 1069/128/84 1070/200/84
f 56/146/57 792/203/57 46/196/57
f 185/204/20 928/205/20 929/189/20
f 317/206/85 1067/207/85 323/208/85
f 189/194/86 928/205/86 186/209/86
f 318/210/87 1068/211/87 1062/212/87
f 44/213/88 787/214/88 788/191/88
f 324/215/89 1067/207/89 1068/211/89
f 47/198/57 787/214/57 43/216/57
f 184/179/90 897/217/90 926/218/90
f 42/219/91 785/147/91 41/220/91
f 183/221/92 925/222/92 895/223/92
f 317/206/93 1066/224/93 1061/225/93
f 55/154/94 784/226/94 42/219/94
f 316/227/95 1064/228/95 1058/229/95
f 157/230/92 925/222/92 181/231/92
f 315/232/96 1060/233/96 1057/234/96
f 319/235/97 1054/236/97 312/237/97
f 159/238/98 921/239/98 904/240/98
f 322/241/99 1057/234/99 1065/242/99
f 2380/243/100 920/244/100 2375/245/100
f 321/246/101 1063/247/101 1064/228/101
f 2374/248/102 914/249/102 2379/250/102
f 320/251/103 1053/252/103 1060/233/103
f 27/253/104 777/254/104 40/255/104
f 170/256/105 911/257/105 922/258/105
f 319/235/106 1058/229/106 1059/259/106
f 39/260/107 776/261/107 763/262/107
f 176/263/108 912/264/108 163/265/108
f 2377/266/109 913/267/109 918/268/109
f 314/269/110 1053/252/110 311/270/110
f 313/271/111 1048/272/111 306/273/111
f 38/274/112 764/275/112 771/276/112
f 2373/277/113 917/278/113 907/279/113
f 305/280/114 1056/281/114 314/269/114
f 32/282/115 769/283/115 37/284/115
f 167/285/116 909/286/116 916/287/116
f 312/237/117 1055/288/117 313/271/117
f 2373/277/118 923/289/118 2372/95/118
f 171/101/119 908/290/119 161/291/119
f 310/292/120 1047/293/120 305/280/120
f 36/294/115 768/295/115 773/296/115
f 309/297/121 1051/298/121 307/299/121
f 35/300/122 772/301/122 765/302/122
f 180/303/123 922/258/123 921/239/123
f 633/132/124 1083/142/124 338/304/124
f 2375/245/125 919/305/125 2374/248/125
f 308/306/126 1052/307/126 310/292/126
f 335/308/127 1085/137/127 1082/150/127
f 307/299/128 1043/309/128 303/310/128
f 2376/311/129 918/268/129 917/278/129
f 302/312/130 1050/313/130 308/306/130
f 40/255/131 767/314/131 34/315/131
f 176/263/132 916/287/132 915/316/132
f 306/273/133 1049/317/133 309/297/133
f 33/318/134 770/319/134 776/261/134
f 2382/320/135 903/321/135 2381/322/135
f 32/282/115 773/296/115 774/323/115
f 165/324/136 899/325/136 155/326/136
f 300/327/137 1045/328/137 304/329/137
f 38/274/138 772/301/138 31/330/138
f 37/284/115 770/319/115 30/331/115
f 2379/250/139 913/267/139 2378/332/139
f 34/315/140 768/295/140 29/333/140
f 177/334/141 912/264/141 911/257/141
f 302/312/142 1041/335/142 1046/336/142
f 35/300/143 766/337/143 27/253/143
f 2381/322/144 910/338/144 2380/243/144
f 304/329/137 1042/339/137 301/340/137
f 28/341/145 763/262/145 764/275/145
f 173/342/146 908/290/146 909/286/146
f 300/327/137 1037/343/137 1044/344/137
f 24/345/147 747/346/147 761/347/147
f 2383/348/1 906/349/1 2382/320/1
f 303/310/148 1035/350/148 299/351/148
f 165/324/149 904/240/149 905/352/149
f 21/353/150 760/354/150 23/355/150
f 301/340/137 1038/356/137 298/357/137
f 297/358/151 1040/359/151 1041/335/151
f 23/355/152 751/360/152 20/361/152
f 2384/176/153 898/362/153 2383/348/153
f 296/363/154 1039/364/154 1040/359/154
f 22/365/155 761/347/155 758/366/155
f 157/230/92 900/367/92 901/368/92
f 298/357/156 1039/364/156 295/369/156
f 25/370/157 753/371/157 26/372/157
f 155/326/158 900/367/158 156/373/158
f 293/374/159 1036/375/159 1037/343/159
f 14/376/160 762/377/160 25/370/160
f 299/351/161 1036/375/161 294/378/161
f 22/365/162 757/379/162 12/380/162
f 153/381/20 896/382/20 897/217/20
f 285/383/163 1033/384/163 291/385/163
f 21/353/164 739/386/164 755/387/164
f 183/221/92 896/382/92 154/388/92
f 286/389/165 1034/390/165 1030/391/165
f 20/361/166 749/392/166 7/393/166
f 147/394/167 829/395/167 86/396/167
f 291/385/168 1034/390/168 292/397/168
f 19/398/169 748/399/169 747/346/169
f 2386/400/170 875/401/170 2385/402/170
f 18/403/171 740/404/171 2/405/171
f 138/406/172 884/407/172 152/408/172
f 285/383/173 1032/409/173 1029/410/173
f 17/411/174 744/412/174 3/413/174
f 289/414/175 1026/415/175 284/416/175
f 6/417/176 756/418/176 746/419/176
f 2388/420/177 886/421/177 2387/422/177
f 283/423/178 1028/424/178 1025/425/178
f 139/426/179 893/427/179 149/428/179
f 287/429/180 1022/430/180 280/431/180
f 15/432/181 759/433/181 14/376/181
f 290/434/182 1025/425/182 1032/409/182
f 13/435/183 754/436/183 10/437/183
f 2390/438/184 888/439/184 2389/440/184
f 286/389/185 1031/441/185 289/414/185
f 148/442/186 881/443/186 138/406/186
f 1/444/187 757/379/187 738/445/187
f 288/446/188 1021/447/188 1028/424/188
f 16/448/189 743/449/189 756/418/189
f 427/450/190 17/451/190 428/452/190
f 439/453/190 1/454/190 427/450/190
f 1/454/190 426/455/190 12/456/190
f 441/457/190 12/456/190 426/455/190
f 12/456/190 442/458/190 22/459/190
f 22/459/190 19/460/190 24/461/190
f 5/462/190 442/458/190 443/463/190
f 5/462/190 444/464/190 7/465/190
f 7/465/190 445/466/190 20/467/190
f 20/467/190 21/468/190 23/469/190
f 9/470/190 445/466/190 446/471/190
f 2/472/190 446/471/190 447/473/190
f 429/474/190 17/451/190 3/475/190
f 438/476/190 3/475/190 430/477/190
f 430/477/190 11/478/190 431/479/190
f 432/480/190 11/478/190 16/481/190
f 433/482/190 16/481/190 6/483/190
f 434/484/190 6/483/190 8/485/190
f 434/484/190 13/486/190 435/487/190
f 435/487/190 10/488/190 436/489/190
f 436/489/190 4/490/190 437/491/190
f 456/492/190 451/493/190 455/494/190
f 449/495/190 455/494/190 448/496/190
f 451/493/190 4/490/190 18/497/190
f 18/497/190 455/494/190 451/493/190
f 2/472/190 448/496/190 455/494/190
f 457/498/190 449/495/190 450/499/190
f 14/500/190 458/501/190 15/502/190
f 456/492/190 14/500/190 25/503/190
f 461/504/190 15/502/190 458/501/190
f 462/505/190 26/506/190 43/507/190
f 25/503/190 31/508/190 35/509/190
f 27/510/190 25/503/190 35/509/190
f 452/511/190 27/510/190 40/512/190
f 464/513/190 465/514/190 463/515/190
f 464/516/190 36/517/190 32/518/190
f 37/519/190 464/516/190 32/518/190
f 30/520/190 465/521/190 37/519/190
f 463/522/190 29/523/190 36/517/190
f 34/524/190 452/511/190 40/512/190
f 29/523/190 466/525/190 34/524/190
f 38/526/190 462/505/190 470/527/190
f 470/527/190 28/528/190 38/526/190
f 469/529/190 39/530/190 28/528/190
f 468/531/190 33/532/190 39/530/190
f 467/533/190 30/520/190 33/532/190
f 479/534/190 41/535/190 480/536/190
f 471/537/190 43/507/190 44/538/190
f 44/538/190 473/539/190 471/537/190
f 475/540/190 15/502/190 459/541/190
f 475/540/190 477/542/190 478/543/190
f 26/506/190 47/544/190 43/507/190
f 15/502/190 46/545/190 47/544/190
f 478/543/190 56/546/190 46/545/190
f 479/534/190 477/542/190 476/547/190
f 56/546/190 480/536/190 41/535/190
f 482/548/190 41/535/190 460/549/190
f 42/550/190 481/551/190 483/552/190
f 42/550/190 487/553/190 488/554/190
f 484/555/190 42/550/190 488/554/190
f 485/556/190 55/557/190 484/555/190
f 53/558/190 485/556/190 486/559/190
f 49/560/190 486/559/190 489/561/190
f 57/562/190 489/561/190 490/563/190
f 59/564/190 490/563/190 491/565/190
f 51/566/190 491/565/190 492/567/190
f 494/568/190 61/569/190 493/570/190
f 61/569/190 492/567/190 493/570/190
f 76/571/190 51/566/190 492/567/190
f 51/566/190 67/572/190 52/573/190
f 63/574/190 52/573/190 67/572/190
f 502/575/190 48/576/190 54/577/190
f 474/578/190 44/538/190 502/575/190
f 497/579/190 504/580/190 50/581/190
f 54/577/190 504/580/190 502/575/190
f 498/582/190 50/581/190 58/583/190
f 504/580/190 474/578/190 502/575/190
f 499/584/190 58/583/190 60/585/190
f 500/586/190 60/585/190 52/573/190
f 505/587/190 63/574/190 501/588/190
f 64/589/190 501/588/190 63/574/190
f 64/589/190 74/590/190 70/591/190
f 510/592/190 80/593/190 72/594/190
f 509/595/190 78/596/190 80/593/190
f 508/597/190 70/591/190 78/596/190
f 64/589/190 507/598/190 506/599/190
f 496/600/190 61/569/190 495/601/190
f 123/602/190 538/603/190 532/604/190
f 102/605/190 527/606/190 114/607/190
f 120/608/190 536/609/190 530/610/190
f 87/611/190 72/594/190 71/612/190
f 105/613/190 529/614/190 118/615/190
f 96/616/190 510/592/190 82/617/190
f 149/618/190 540/619/190 139/620/190
f 148/621/190 541/622/190 142/623/190
f 115/624/190 523/625/190 105/613/190
f 133/626/190 532/604/190 537/627/190
f 132/628/190 533/629/190 536/609/190
f 97/630/190 71/612/190 519/631/190
f 96/616/190 515/632/190 518/633/190
f 114/607/190 524/634/190 108/635/190
f 142/623/190 542/636/190 143/637/190
f 152/638/190 539/639/190 138/640/190
f 126/641/190 534/642/190 533/629/190
f 90/643/190 516/644/190 515/632/190
f 108/635/190 525/645/190 109/646/190
f 143/637/190 531/647/190 122/648/190
f 118/615/190 521/649/190 102/605/190
f 136/650/190 530/610/190 538/603/190
f 86/651/190 543/652/190 147/653/190
f 82/617/190 72/594/190 100/654/190
f 109/646/190 512/655/190 84/656/190
f 91/657/190 512/655/190 516/644/190
f 147/653/190 545/658/190 149/618/190
f 104/659/190 535/660/190 522/661/190
f 127/662/190 531/647/190 534/642/190
f 113/663/190 528/664/190 115/624/190
f 131/665/190 537/627/190 535/660/190
f 86/651/190 517/666/190 513/667/190
f 138/640/190 544/668/190 148/621/190
f 104/659/190 526/669/190 113/663/190
f 139/620/190 546/670/190 152/638/190
f 95/671/190 519/631/190 517/666/190
f 79/672/190 519/631/190 71/612/190
f 517/666/190 77/673/190 69/674/190
f 73/675/190 517/666/190 69/674/190
f 65/676/190 513/667/190 73/675/190
f 75/677/190 543/652/190 65/676/190
f 62/678/190 545/658/190 75/677/190
f 520/679/190 544/668/190 539/639/190
f 514/680/190 539/639/190 546/670/190
f 546/670/190 511/681/190 514/680/190
f 511/681/190 62/678/190 496/600/190
f 547/682/190 536/609/190 533/629/190
f 548/683/190 530/610/190 547/682/190
f 549/684/190 538/603/190 548/683/190
f 549/684/190 185/685/190 532/604/190
f 190/686/190 532/604/190 185/685/190
f 551/687/190 185/685/190 550/688/190
f 171/689/190 552/690/190 553/691/190
f 535/660/191 190/686/191 522/661/191
f 188/692/190 522/661/190 190/686/190
f 561/693/190 199/694/190 560/695/190
f 560/695/190 197/696/190 559/697/190
f 559/697/190 205/698/190 558/699/190
f 558/699/190 193/700/190 557/701/190
f 193/700/190 556/702/190 557/701/190
f 203/703/190 555/704/190 556/702/190
f 195/705/190 554/706/190 555/704/190
f 201/707/190 553/691/190 554/706/190
f 552/690/190 173/708/190 562/709/190
f 562/709/190 167/710/190 563/711/190
f 563/711/190 176/712/190 564/713/190
f 564/713/190 163/714/190 565/715/190
f 565/715/190 177/716/190 566/717/190
f 566/717/190 170/718/190 567/719/190
f 567/719/190 180/720/190 568/721/190
f 569/722/190 180/720/190 159/723/190
f 570/724/190 159/723/190 165/725/190
f 571/726/190 165/725/190 155/727/190
f 572/728/190 155/727/190 156/729/190
f 237/730/190 181/731/190 183/732/190
f 235/733/190 157/734/190 181/731/190
f 211/735/190 156/729/190 157/734/190
f 156/729/190 577/736/190 572/728/190
f 573/737/190 575/738/190 210/739/190
f 210/739/190 576/740/190 156/729/190
f 209/741/190 573/737/190 210/739/190
f 219/742/190 596/743/190 209/741/190
f 213/744/190 595/745/190 219/742/190
f 234/746/190 594/747/190 213/744/190
f 224/748/190 593/749/190 234/746/190
f 231/750/190 592/751/190 224/748/190
f 217/752/190 591/753/190 231/750/190
f 230/754/190 590/755/190 217/752/190
f 221/756/190 589/757/190 230/754/190
f 227/758/190 588/759/190 221/756/190
f 215/760/190 587/761/190 227/758/190
f 225/762/190 579/763/190 215/760/190
f 255/764/190 578/765/190 225/762/190
f 249/766/190 580/767/190 255/764/190
f 257/768/190 581/769/190 249/766/190
f 247/770/190 582/771/190 257/768/190
f 247/770/190 584/772/190 583/773/190
f 259/774/190 585/775/190 584/772/190
f 585/775/190 253/776/190 586/777/190
f 184/778/190 189/779/190 153/780/190
f 600/781/190 153/780/190 599/782/190
f 600/781/190 186/783/190 551/687/190
f 189/779/190 599/782/190 153/780/190
f 240/784/190 604/785/190 239/786/190
f 207/787/190 603/788/190 602/789/190
f 208/790/190 183/732/190 154/791/190
f 601/792/190 153/780/190 598/793/190
f 603/788/190 154/791/190 601/792/190
f 207/787/190 607/794/190 606/795/190
f 240/784/190 607/794/190 605/796/190
f 207/787/190 241/797/190 238/798/190
f 243/799/190 606/795/190 240/784/190
f 291/800/190 611/801/190 610/802/190
f 262/803/190 608/804/190 609/805/190
f 608/804/190 239/786/190 604/785/190
f 261/806/190 244/807/190 239/786/190
f 597/808/192 242/809/192 244/807/192
f 612/810/190 253/776/190 597/808/190
f 262/803/190 621/811/190 620/812/190
f 272/813/190 613/814/190 268/815/190
f 266/816/190 616/817/190 269/818/190
f 263/819/190 619/820/190 617/821/190
f 617/821/190 266/816/190 263/819/190
f 269/818/190 614/822/190 272/813/190
f 268/815/190 597/808/190 261/806/190
f 620/812/190 286/823/190 622/824/190
f 620/812/190 267/825/190 262/803/190
f 292/826/190 621/811/190 611/801/190
f 622/824/190 271/827/190 267/825/190
f 277/828/190 622/824/190 274/829/190
f 281/830/190 622/824/190 280/831/190
f 284/832/190 280/831/190 622/824/190
f 289/833/190 622/824/190 286/823/190
f 264/834/190 624/835/190 623/836/190
f 264/834/190 618/837/190 263/819/190
f 626/838/190 264/834/190 265/839/190
f 265/839/190 276/840/190 626/838/190
f 278/841/190 626/838/190 276/840/190
f 630/842/190 288/843/190 283/844/190
f 628/845/190 288/843/190 629/846/190
f 626/838/190 282/847/190 627/848/190
f 279/849/190 627/848/190 282/847/190
f 630/842/190 338/850/190 631/851/190
f 149/428/193 894/852/193 147/394/193
f 290/853/190 338/850/190 283/844/190
f 285/854/190 633/855/190 290/853/190
f 291/800/190 336/856/190 285/854/190
f 291/800/190 332/857/190 333/858/190
f 332/857/190 634/859/190 341/860/190
f 340/861/190 634/859/190 635/862/190
f 638/863/190 325/864/190 636/865/190
f 340/861/190 636/865/190 325/864/190
f 639/866/190 325/864/190 637/867/190
f 337/868/190 631/851/190 338/850/190
f 641/869/190 337/868/190 632/870/190
f 327/871/190 643/872/190 330/873/190
f 642/874/190 330/873/190 643/872/190
f 642/874/190 632/870/190 335/875/190
f 645/876/190 363/877/190 347/878/190
f 645/876/190 327/871/190 343/879/190
f 347/878/190 647/880/190 645/876/190
f 648/881/190 347/878/190 348/882/190
f 649/883/190 648/881/190 348/882/190
f 348/882/190 368/884/190 649/883/190
f 651/885/190 366/886/190 365/887/190
f 366/886/190 649/883/190 368/884/190
f 301/888/190 652/889/190 651/885/190
f 366/886/190 298/890/190 295/891/190
f 654/892/190 326/893/190 639/866/190
f 342/894/190 654/892/190 655/895/190
f 295/891/190 650/896/190 649/883/190
f 329/897/190 657/898/190 658/899/190
f 656/900/190 334/901/190 331/902/190
f 331/902/190 655/895/190 656/900/190
f 369/903/190 328/904/190 329/897/190
f 370/905/190 329/897/190 658/899/190
f 362/906/190 658/899/190 345/907/190
f 345/907/190 659/908/190 355/909/190
f 660/910/190 355/909/190 659/908/190
f 349/911/190 661/912/190 358/913/190
f 358/913/190 662/914/190 353/915/190
f 353/915/190 663/916/190 359/917/190
f 359/917/190 664/918/190 351/919/190
f 664/918/190 293/920/190 351/919/190
f 304/921/190 651/885/190 365/887/190
f 346/922/194 367/923/194 361/924/194
f 365/887/195 356/925/195 350/926/195
f 293/920/196 352/927/196 351/919/196
f 350/926/197 354/928/197 365/887/197
f 360/929/198 365/887/198 354/928/198
f 365/887/190 300/930/190 304/921/190
f 668/931/190 294/932/190 666/933/190
f 294/932/190 665/934/190 666/933/190
f 698/935/190 670/936/190 697/937/190
f 667/938/190 299/939/190 294/932/190
f 303/940/190 309/941/190 307/942/190
f 309/941/190 313/943/190 306/944/190
f 313/943/190 319/945/190 312/946/190
f 319/945/190 321/947/190 316/948/190
f 695/949/190 667/938/190 698/935/190
f 671/950/190 324/951/190 669/952/190
f 296/953/190 674/954/190 672/955/190
f 672/955/190 295/891/190 296/953/190
f 675/956/190 296/953/190 297/957/190
f 676/958/190 305/959/190 314/960/190
f 308/961/190 676/958/190 302/962/190
f 676/958/190 297/957/190 302/962/190
f 679/963/190 320/964/190 315/965/190
f 678/966/190 311/967/190 320/964/190
f 311/967/190 676/958/190 314/960/190
f 684/968/190 394/969/190 686/970/190
f 317/971/190 683/972/190 685/973/190
f 685/973/190 684/968/190 686/970/190
f 323/974/190 682/975/190 683/972/190
f 684/968/190 682/975/190 681/976/190
f 371/977/190 681/976/190 680/978/190
f 692/979/190 687/980/190 690/981/190
f 692/979/190 379/982/190 373/983/190
f 322/984/190 691/985/190 315/965/190
f 693/986/190 692/979/190 691/985/190
f 679/963/190 691/985/190 689/987/190
f 691/985/190 690/981/190 689/987/190
f 318/988/190 698/935/190 324/951/190
f 324/951/190 697/937/190 669/952/190
f 284/416/199 1027/989/199 287/429/199
f 696/990/190 693/986/190 322/984/190
f 693/986/190 699/991/190 694/992/190
f 378/993/190 694/992/190 699/991/190
f 696/990/190 685/973/190 700/994/190
f 685/973/190 699/991/190 700/994/190
f 699/991/190 394/969/190 378/993/190
f 687/980/190 375/995/190 688/996/190
f 372/997/190 680/978/190 701/998/190
f 702/999/190 375/995/190 376/1000/190
f 423/1001/190 377/1002/190 393/1003/190
f 387/1004/190 381/1005/190 377/1002/190
f 401/1006/190 398/1007/190 381/1005/190
f 389/1008/190 385/1009/190 398/1007/190
f 399/1010/190 392/1011/190 383/1012/190
f 704/1013/190 372/997/190 701/998/190
f 395/1014/190 707/1015/190 703/1016/190
f 395/1014/190 705/1017/190 706/1018/190
f 372/997/190 423/1001/190 393/1003/190
f 396/1019/190 703/1016/190 708/1020/190
f 712/1021/190 411/1022/190 711/1023/190
f 709/1024/190 396/1019/190 708/1020/190
f 714/1025/190 413/1026/190 715/1027/190
f 419/1028/190 715/1027/190 716/1029/190
f 716/1029/190 415/1030/190 717/1031/190
f 716/1029/190 403/1032/190 419/1028/190
f 407/1033/190 715/1027/190 413/1026/190
f 714/1025/190 388/1034/190 424/1035/190
f 422/1036/190 717/1031/190 417/1037/190
f 405/1038/190 717/1031/190 415/1030/190
f 396/1019/190 714/1025/190 424/1035/190
f 714/1025/190 411/1022/190 409/1039/190
f 714/1025/190 718/1040/190 711/1023/190
f 411/1022/190 719/1041/190 412/1042/190
f 412/1042/190 720/1043/190 721/1044/190
f 412/1042/190 722/1045/190 410/1046/190
f 410/1046/190 723/1047/190 414/1048/190
f 414/1048/190 724/1049/190 408/1050/190
f 408/1050/190 725/1051/190 416/1052/190
f 416/1052/190 726/1053/190 406/1054/190
f 406/1054/190 727/1055/190 418/1056/190
f 418/1056/190 728/1057/190 421/1058/190
f 421/1058/190 729/1059/190 404/1060/190
f 402/1061/190 404/1060/190 729/1059/190
f 390/1062/190 729/1059/190 731/1063/190
f 391/1064/190 731/1063/190 730/1065/190
f 733/1066/190 391/1064/190 730/1065/190
f 732/1067/190 384/1068/190 733/1066/190
f 400/1069/190 735/1070/190 386/1071/190
f 734/1072/190 386/1071/190 735/1070/190
f 382/1073/190 374/1074/190 380/1075/190
f 736/1076/190 397/1077/190 734/1072/190
f 736/1076/190 376/1000/190 374/1074/190
f 755/1078/190 742/1079/190 754/1080/190
f 761/1081/190 746/1082/190 756/1083/190
f 751/1084/190 746/1082/190 747/1085/190
f 755/1078/190 750/1086/190 760/1087/190
f 758/1088/190 744/1089/190 737/1090/190
f 760/1087/190 745/1091/190 751/1084/190
f 758/1088/190 756/1083/190 743/1092/190
f 752/1093/190 762/1094/190 759/1095/190
f 757/1096/190 737/1090/190 738/1097/190
f 749/1098/190 747/1085/190 748/1099/190
f 739/1100/190 741/1101/190 755/1078/190
f 780/1102/190 770/1103/190 769/1104/190
f 779/1105/190 774/1106/190 773/1107/190
f 781/1108/190 775/1109/190 779/1105/190
f 763/1110/190 780/1102/190 782/1111/190
f 777/1112/190 779/1105/190 767/1113/190
f 767/1113/190 773/1107/190 768/1114/190
f 782/1111/190 775/1109/190 778/1115/190
f 780/1102/190 774/1106/190 775/1109/190
f 771/1116/190 778/1115/190 772/1117/190
f 766/1118/190 781/1108/190 777/1112/190
f 764/1119/190 782/1111/190 771/1116/190
f 765/1120/190 778/1115/190 781/1108/190
f 786/1121/190 788/1122/190 787/1123/190
f 783/1124/190 792/1125/190 791/1126/190
f 790/1127/190 786/1121/190 792/1125/190
f 796/1128/190 794/1129/190 793/1130/190
f 799/1131/190 797/1132/190 802/1133/190
f 789/1134/190 795/1135/190 796/1128/190
f 784/1136/190 791/1126/190 785/1137/190
f 793/1130/190 801/1138/190 800/1139/190
f 801/1138/190 802/1133/190 800/1139/190
f 806/1140/190 808/1141/190 807/1142/190
f 803/1143/190 812/1144/190 811/1145/190
f 812/1144/190 809/1146/190 806/1140/190
f 816/1147/190 814/1148/190 813/1149/190
f 819/1150/190 817/1151/190 822/1152/190
f 809/1146/190 815/1153/190 816/1147/190
f 804/1154/190 811/1145/190 805/1155/190
f 813/1149/190 821/1156/190 820/1157/190
f 821/1156/190 822/1152/190 820/1157/190
f 840/1158/190 826/1159/190 836/1160/190
f 841/1161/190 829/1162/190 828/1163/190
f 831/1164/190 833/1165/190 835/1166/190
f 837/1167/190 838/1168/190 823/1169/190
f 836/1160/190 839/1170/190 837/1167/190
f 824/1171/190 832/1172/190 831/1164/190
f 823/1169/190 825/1173/190 824/1171/190
f 835/1166/190 842/1174/190 834/1175/190
f 834/1175/190 830/1176/190 841/1161/190
f 858/1177/190 840/1158/190 854/1178/190
f 859/1179/190 847/1180/190 848/1181/190
f 849/1182/190 850/1183/190 851/1184/190
f 856/1185/190 855/1186/190 843/1187/190
f 857/1188/190 854/1178/190 855/1186/190
f 844/1189/190 851/1184/190 845/1190/190
f 845/1190/190 843/1187/190 844/1189/190
f 852/1191/190 860/1192/190 850/1183/190
f 853/1193/190 848/1181/190 860/1192/190
f 875/1194/190 864/1195/190 871/1196/190
f 878/1197/190 847/1180/190 846/1198/190
f 866/1199/190 867/1200/190 869/1201/190
f 872/1202/190 873/1203/190 861/1204/190
f 871/1196/190 874/1205/190 872/1202/190
f 862/1206/190 868/1207/190 866/1199/190
f 861/1204/190 863/1208/190 862/1206/190
f 869/1201/190 877/1209/190 870/1210/190
f 870/1210/190 876/1211/190 878/1197/190
f 892/1212/190 875/1194/190 889/1213/190
f 882/1214/190 829/1162/190 894/1215/190
f 883/1216/190 885/1217/190 884/1218/190
f 891/1219/190 888/1220/190 880/1221/190
f 890/1222/190 889/1213/190 888/1220/190
f 879/1223/190 884/1218/190 881/1224/190
f 881/1224/190 880/1221/190 879/1223/190
f 887/1225/190 893/1226/190 885/1217/190
f 886/1227/190 894/1215/190 893/1226/190
f 901/1228/190 899/1229/190 898/1230/190
f 925/1231/190 898/1230/190 902/1232/190
f 906/1233/190 904/1234/190 903/1235/190
f 917/1236/190 908/1237/190 907/1238/190
f 919/1239/190 912/1240/190 914/1241/190
f 898/1230/190 905/1242/190 906/1233/190
f 913/1243/190 916/1244/190 918/1245/190
f 910/1246/190 922/1247/190 920/1248/190
f 907/1238/190 924/1249/190 923/1250/190
f 918/1245/190 909/1251/190 917/1236/190
f 914/1241/190 915/1252/190 913/1243/190
f 920/1248/190 911/1253/190 919/1239/190
f 903/1235/190 921/1254/190 910/1246/190
f 895/1255/190 902/1232/190 926/1256/190
f 896/1257/190 926/1256/190 897/1258/190
f 927/1259/190 931/1260/190 930/1261/190
f 928/1262/190 930/1261/190 929/1263/190
f 926/1256/190 934/1264/190 932/1265/190
f 933/1266/190 932/1265/190 934/1264/190
f 936/1267/190 931/1260/190 933/1266/190
f 937/1268/190 940/1269/190 939/1270/190
f 943/1271/190 942/1272/190 944/1273/190
f 945/1274/190 948/1275/190 947/1276/190
f 948/1275/190 935/1277/190 936/1267/190
f 923/1250/190 941/1278/190 943/1271/190
f 944/1273/190 937/1268/190 939/1270/190
f 938/1279/190 947/1276/190 940/1269/190
f 953/1280/190 955/1281/190 952/1282/190
f 952/1282/190 979/1283/190 956/1284/190
f 960/1285/190 958/1286/190 959/1287/190
f 972/1288/190 962/1289/190 963/1290/190
f 974/1291/190 965/1292/190 966/1293/190
f 952/1282/190 959/1287/190 953/1280/190
f 968/1294/190 969/1295/190 970/1296/190
f 964/1297/190 975/1298/190 976/1299/190
f 961/1300/190 978/1301/190 962/1289/190
f 971/1302/190 963/1290/190 969/1295/190
f 967/1303/190 970/1296/190 965/1292/190
f 973/1304/190 966/1293/190 975/1298/190
f 957/1305/190 976/1299/190 958/1286/190
f 956/1284/190 949/1306/190 980/1307/190
f 980/1307/190 950/1308/190 951/1309/190
f 985/1310/190 981/1311/190 984/1312/190
f 984/1312/190 982/1313/190 983/1314/190
f 988/1315/190 980/1307/190 986/1316/190
f 987/1317/190 986/1316/190 985/1310/190
f 990/1318/190 985/1310/190 989/1319/190
f 994/1320/190 992/1321/190 993/1322/190
f 997/1323/190 995/1324/190 996/1325/190
f 1002/1326/190 1000/1327/190 1001/1328/190
f 1002/1326/190 989/1319/190 999/1329/190
f 977/1330/190 996/1325/190 978/1301/190
f 998/1331/190 992/1321/190 995/1324/190
f 1001/1328/190 991/1332/190 994/1320/190
f 1006/1333/190 1008/1334/190 1007/1335/190
f 1010/1336/190 1009/1337/190 1006/1333/190
f 1004/1338/190 1012/1339/190 1005/1340/190
f 1013/1341/190 1014/1342/190 1010/1336/190
f 1003/1343/190 1013/1341/190 1012/1339/190
f 1020/1344/190 1016/1345/190 1015/1346/190
f 1014/1342/190 1019/1347/190 1018/1348/190
f 1018/1348/190 1017/1349/190 1020/1344/190
f 1023/1350/190 1021/1351/190 1024/1352/190
f 1015/1346/190 1023/1350/190 1024/1352/190
f 1027/1353/190 1025/1354/190 1028/1355/190
f 1031/1356/190 1029/1357/190 1032/1358/190
f 1022/1359/190 1028/1355/190 1021/1351/190
f 1026/1360/190 1032/1358/190 1025/1354/190
f 1029/1357/190 1034/1361/190 1033/1362/190
f 1038/1363/190 1040/1364/190 1039/1365/190
f 1042/1366/190 1041/1367/190 1038/1363/190
f 1036/1368/190 1044/1369/190 1037/1370/190
f 1045/1371/190 1046/1372/190 1042/1366/190
f 1035/1373/190 1045/1371/190 1044/1369/190
f 1052/1374/190 1048/1375/190 1047/1376/190
f 1046/1372/190 1051/1377/190 1050/1378/190
f 1050/1378/190 1049/1379/190 1052/1374/190
f 1055/1380/190 1053/1381/190 1056/1382/190
f 1047/1376/190 1055/1380/190 1056/1382/190
f 1059/1383/190 1057/1384/190 1060/1385/190
f 1063/1386/190 1061/1387/190 1066/1388/190
f 1054/1389/190 1060/1385/190 1053/1381/190
f 1058/1390/190 1065/1391/190 1057/1384/190
f 1061/1387/190 1068/1392/190 1067/1393/190
f 1072/1394/190 1074/1395/190 1073/1396/190
f 1077/1397/190 1072/1394/190 1076/1398/190
f 1087/1399/190 1080/1400/190 1079/1401/190
f 1078/1402/190 1076/1398/190 1080/1400/190
f 1076/1398/190 1082/1403/190 1081/1404/190
f 1086/1405/190 1084/1406/190 1083/1407/190
f 1070/1408/190 1088/1409/190 1071/1410/190
f 1069/1411/190 1079/1401/190 1088/1409/190
f 1074/1395/190 1089/1412/190 1073/1396/190
f 1109/1413/190 1095/1414/190 1094/1415/190
f 1100/1416/190 1098/1417/190 1097/1418/190
f 1107/1419/190 1102/1420/190 1101/1421/190
f 1104/1422/190 1106/1423/190 1108/1424/190
f 1092/1425/190 1099/1426/190 1100/1416/190
f 1097/1418/190 1105/1427/190 1104/1422/190
f 1108/1424/190 1103/1428/190 1107/1419/190
f 1092/1425/190 1110/1429/190 1093/1430/190
f 1091/1431/190 1094/1415/190 1110/1429/190
f 1113/1432/190 1111/1433/190 1114/1434/190
f 1091/1431/190 1114/1434/190 1109/1413/190
f 1090/1435/190 1094/1415/190 1089/1412/190
f 1090/1435/190 1116/1436/190 1110/1429/190
f 1120/1437/190 1122/1438/190 1121/1439/190
f 1122/1438/190 1123/1440/190 1121/1439/190
f 1117/1441/190 1128/1442/190 1127/1443/190
f 1128/1442/190 1125/1444/190 1120/1437/190
f 1125/1444/190 1130/1445/190 1129/1446/190
f 1133/1447/190 1131/1448/190 1137/1449/190
f 1134/1450/190 1136/1451/190 1138/1452/190
f 1141/1453/190 1139/1454/190 1145/1455/190
f 1143/1456/190 1146/1457/190 1142/1458/190
f 1132/1459/190 1142/1458/190 1131/1448/190
f 1118/1460/190 1127/1443/190 1119/1461/190
f 1149/1462/190 1147/1463/190 1150/1464/190
f 1129/1446/190 1135/1465/190 1134/1450/190
f 1138/1452/190 1133/1447/190 1137/1449/190
f 1144/1466/190 1145/1455/190 1146/1457/190
f 1154/1467/190 1151/1468/190 1152/1469/190
f 1157/1470/190 1156/1471/190 1170/1472/190
f 1161/1473/190 1160/1474/190 1162/1475/190
f 1165/1476/190 1164/1477/190 1166/1478/190
f 1164/1477/190 1167/1479/190 1168/1480/190
f 1159/1481/190 1166/1478/190 1160/1474/190
f 1155/1482/190 1162/1475/190 1156/1471/190
f 1158/1483/190 1157/1470/190 1170/1472/190
f 1145/1455/190 1153/1484/190 1154/1467/190
f 1152/1469/190 1169/1485/190 1158/1483/190
f 1140/1486/190 1150/1464/190 1139/1454/190
f 1082/1403/190 1086/1405/190 1081/1404/190
f 1064/1487/190 1066/1388/190 1065/1391/190
f 76/82/29 805/103/29 811/1488/29
f 357/35/200 1108/1489/200 354/19/200
f 227/1490/201 962/1491/201 215/1492/201
f 77/1493/202 814/1494/202 69/55/202
f 349/1495/203 1105/27/203 1098/60/203
f 2344/1496/204 957/1497/204 2345/1498/204
f 78/30/205 822/1499/205 80/1500/205
f 217/1501/206 966/1502/206 965/1503/206
f 359/41/207 1106/1504/207 353/26/207
f 2346/1505/208 967/1506/208 2347/1507/208
f 77/1493/209 819/38/209 821/1508/209
f 360/21/210 1101/1509/210 352/46/210
f 80/1500/211 817/1510/211 72/44/211
f 219/1511/212 953/40/212 959/11/212
f 2343/1/213 957/1497/213 960/1512/213
f 2391/1513/214 824/1514/214 2392/1515/214
f 362/1516/215 1093/15/215 1110/1517/215
f 221/1518/216 970/1519/216 969/1520/216
f 84/1521/217 826/1522/217 827/1523/217
f 2348/1524/218 971/1525/218 2349/1526/218
f 364/1527/219 1096/65/219 1109/1528/219
f 95/1529/220 829/395/220 830/1530/220
f 2350/1531/221 973/1532/221 2351/1533/221
f 2392/1515/222 831/1534/222 2393/1535/222
f 366/1536/223 1112/1537/223 365/1538/223
f 224/1539/224 976/1540/224 975/1541/224
f 100/1542/225 833/1543/225 832/1544/225
f 367/1545/226 1112/1537/226 1113/1546/226
f 2394/1547/227 834/1548/227 2395/1549/227
f 364/1527/115 1114/1550/115 368/1551/115
f 361/80/228 1113/1546/228 1091/1552/228
f 215/1492/229 978/1553/229 225/1554/229
f 2396/1555/230 837/1556/230 2397/1557/230
f 368/1551/231 1111/1558/231 366/1536/231
f 2352/1559/232 961/1560/232 2353/1561/232
f 90/1562/233 838/1563/233 839/1564/233
f 227/1490/234 969/1520/234 963/1565/234
f 363/72/235 1089/89/235 1094/1566/235
f 2353/1561/236 972/1567/236 2348/1524/236
f 91/1568/237 839/1564/237 826/1522/237
f 2398/1569/238 836/1570/238 2396/1555/238
f 344/90/239 1115/1571/239 1090/1572/239
f 2349/1526/240 968/1573/240 2346/1505/240
f 369/1574/241 1116/1575/241 1115/1571/241
f 230/1576/242 965/1503/242 970/1519/242
f 362/1516/243 1116/1575/243 370/1577/243
f 2393/1535/244 835/1578/244 2394/1547/244
f 393/1579/245 1118/1580/245 372/1581/245
f 231/1582/246 975/1541/246 966/1502/246
f 2399/1583/247 828/1584/247 2400/1585/247
f 371/1586/248 1118/1580/248 1119/1587/248
f 2347/1507/249 974/1588/249 2350/1531/249
f 97/1589/250 830/1530/250 842/1590/250
f 373/1591/251 1120/1592/251 1121/1593/251
f 2351/1533/252 964/1594/252 2344/1496/252
f 96/1595/253 825/1596/253 838/1563/253
f 376/1597/254 1123/1598/254 1124/1599/254
f 234/1600/255 958/12/255 976/1540/255
f 2397/1557/256 823/1601/256 2391/1513/256
f 374/1602/257 1124/1599/257 1122/1603/257
f 373/1591/258 1123/1598/258 375/1604/258
f 235/1605/12 955/1606/12 211/31/12
f 87/1607/259 842/1590/259 833/1543/259
f 2395/1549/260 841/1608/260 2399/1583/260
f 378/1609/251 1127/1610/251 1128/1611/251
f 237/57/12 979/1612/12 235/1605/12
f 379/1613/251 1128/1611/251 1120/1592/251
f 238/1614/261 951/1615/261 207/50/261
f 82/1616/262 832/1544/262 825/1596/262
f 380/1617/263 1122/1603/263 1125/1618/263
f 2401/1619/264 843/1620/264 2402/1621/264
f 243/1622/265 982/1623/265 981/1624/265
f 239/1625/20 982/1623/20 240/1626/20
f 377/1627/266 1130/1628/266 1126/1629/266
f 242/1630/267 984/1631/267 244/1632/267
f 113/1633/268 847/1634/268 104/1635/268
f 380/1617/269 1129/1636/269 382/1637/269
f 2403/1638/270 844/1639/270 2401/1619/270
f 241/1640/271 981/1624/271 986/1641/271
f 118/1642/272 850/1643/272 105/1644/272
f 383/1645/273 1133/1646/273 399/1647/273
f 244/1632/274 983/1648/274 239/1625/274
f 2404/1649/275 852/1650/275 2405/1651/275
f 382/1637/276 1134/1652/276 397/1653/276
f 398/1654/277 1136/1655/277 1135/1656/277
f 2406/1657/278 854/1658/278 2407/1659/278
f 386/1660/279 1137/1661/279 400/1662/279
f 2354/1663/75 987/1664/75 2355/1665/75
f 108/1666/280 856/1667/280 114/1668/280
f 238/1614/281 986/1641/281 980/1669/281
f 2354/1663/282 956/24/282 988/1670/282
f 109/1671/283 857/1672/283 108/1666/283
f 401/1673/284 1140/1674/284 1141/1675/284
f 391/1676/285 1131/1677/285 1142/1678/285
f 253/1679/286 985/1680/286 242/1630/286
f 84/1521/287 858/1681/287 109/1671/287
f 392/1682/288 1144/1683/288 1143/1684/288
f 2355/1665/289 990/1685/289 2356/1686/289
f 2405/1651/290 849/1687/290 2403/1638/290
f 402/1688/291 1146/1689/291 1145/1690/291
f 257/1691/292 991/1692/292 247/1693/292
f 2408/1694/293 859/1695/293 2409/1696/293
f 2357/1697/294 993/1698/294 2358/1699/294
f 115/1700/295 848/1701/295 113/1633/295
f 390/1702/296 1142/1678/296 1146/1689/296
f 383/1645/297 1143/1684/297 1132/1703/297
f 255/1704/298 995/1705/298 249/1706/298
f 114/1668/299 845/1707/299 102/1708/299
f 2359/1709/300 997/1710/300 2360/1711/300
f 2402/1621/301 855/1712/301 2406/1657/301
f 377/1627/302 1117/1713/302 393/1579/302
f 394/1714/251 1119/1587/251 1127/1610/251
f 259/1715/303 999/1716/303 251/1717/303
f 105/1644/304 860/1718/304 115/1700/304
f 2361/1719/305 1001/1720/305 2362/1721/305
f 2409/1696/306 853/1722/306 2404/1649/306
f 395/1723/307 1147/1724/307 1148/1725/307
f 423/1726/308 1148/1725/308 1149/1727/308
f 251/1717/309 989/1728/309 253/1679/309
f 388/1729/310 1150/1730/310 424/1731/310
f 2356/1686/311 1002/1732/311 2361/1719/311
f 102/1708/312 851/1733/312 118/1642/312
f 397/1653/313 1138/1734/313 386/1660/313
f 2407/1659/314 840/1735/314 2398/1569/314
f 381/1736/315 1135/1656/315 1130/1628/315
f 225/1554/316 996/1737/316 255/1704/316
f 2410/1738/317 862/1739/317 2411/1740/317
f 2360/1711/318 977/1741/318 2352/1559/318
f 399/1647/319 1136/1655/319 385/1742/319
f 122/1743/320 864/1744/320 865/1745/320
f 400/1662/321 1131/1677/321 384/1746/321
f 249/1706/322 992/1747/322 257/1691/322
f 2412/1748/323 862/1739/323 866/1749/323
f 2358/1699/324 998/1750/324 2359/1709/324
f 136/1751/325 867/1752/325 868/1753/325
f 389/1754/326 1141/1675/326 1144/1683/326
f 2414/1755/327 869/1756/327 870/1757/327
f 247/1693/328 1000/1758/328 259/1715/328
f 2357/1697/329 1001/1720/329 994/1759/329
f 2415/1760/330 872/1761/330 2416/1762/330
f 126/1763/331 873/1764/331 874/1765/331
f 419/1766/332 1151/1767/332 1153/1768/332
f 267/1769/333 1004/1770/333 262/1771/333
f 402/1688/334 1154/1772/334 420/1773/334
f 262/1771/168 1005/1774/168 261/1775/168
f 127/1776/335 874/1765/335 864/1744/335
f 266/1777/336 1007/1778/336 263/1779/336
f 2415/1760/337 875/401/337 871/1780/337
f 405/1781/338 1157/1782/338 417/1783/338
f 264/1784/339 1007/1778/339 1008/1785/339
f 404/1786/340 1158/1787/340 421/1788/340
f 265/1789/341 1008/1785/341 1009/1790/341
f 695/1791/101 1062/212/101 1063/247/101
f 266/1777/336 1010/1792/336 1006/1793/336
f 696/1794/342 1065/242/342 1066/224/342
f 2413/1795/343 866/1749/343 869/1756/343
f 407/1796/344 1161/1797/344 415/1798/344
f 131/1799/345 847/1634/345 876/1800/345
f 406/1801/346 1162/1802/346 416/1803/346
f 267/1769/347 1011/1804/347 1003/1805/347
f 133/1806/348 876/1800/348 877/1807/348
f 268/1808/336 1005/1774/336 1012/1809/336
f 413/1810/349 1163/1811/349 1165/1812/349
f 132/1813/350 863/1814/350 873/1764/350
f 408/1815/351 1166/1816/351 414/1817/351
f 272/1818/336 1010/1792/336 269/1819/336
f 2410/1738/352 872/1761/352 861/1820/352
f 411/1821/307 1168/1822/307 1167/1823/307
f 270/1824/353 1009/1790/353 1014/1825/353
f 409/1826/354 1167/1823/354 1163/1811/354
f 123/1827/355 877/1807/355 867/1752/355
f 410/1828/356 1168/1822/356 412/1829/356
f 2414/1755/357 878/1830/357 2417/1831/357
f 407/1796/358 1165/1812/358 1159/1832/358
f 268/1808/336 1013/1833/336 272/1818/336
f 410/1828/359 1166/1816/359 1164/1834/359
f 120/1835/360 868/1753/360 863/1814/360
f 415/1798/361 1155/1836/361 405/1781/361
f 277/1837/362 1016/1838/362 1017/1839/362
f 2418/1840/363 880/1841/363 2390/438/363
f 416/1803/364 1160/1842/364 408/1815/364
f 270/1824/365 1018/1843/365 276/1844/365
f 271/1845/366 1019/1846/366 1011/1804/366
f 2400/1585/367 882/1847/367 2388/420/367
f 422/1848/368 1157/1782/368 1169/1849/368
f 276/1844/369 1020/1850/369 278/1851/369
f 2419/1852/370 879/1853/370 2418/1840/370
f 17/411/371 738/445/371 737/1854/371
f 418/1855/372 1156/1856/372 406/1801/372
f 152/408/373 885/1857/373 139/426/373
f 2/405/187 739/386/187 9/1858/187
f 275/1859/374 1017/1839/374 1019/1846/374
f 2387/422/375 887/1860/375 2420/1861/375
f 18/403/376 742/1862/376 741/1863/376
f 388/1729/377 1153/1768/377 1139/1864/377
f 278/1851/378 1015/1865/378 273/1866/378
f 3/413/379 743/449/379 11/1867/379
f 420/1773/380 1152/1868/380 404/1786/380
f 2386/400/381 888/439/381 889/1869/381
f 6/417/382 745/1870/382 8/1871/382
f 142/1872/383 891/1873/383 148/442/383
f 421/1788/384 1170/1874/384 418/1855/384
f 280/431/385 1023/1875/385 281/1876/385
f 5/1877/187 749/392/187 748/399/187
f 403/1878/386 1169/1849/386 1151/1767/386
f 273/1866/387 1024/1879/387 282/1880/387
f 143/1881/388 890/1882/388 142/1872/388
f 8/1871/389 750/1883/389 13/435/389
f 281/1876/390 1016/1838/390 274/1884/390
f 387/1885/308 1149/1727/308 1140/1674/308
f 282/1880/391 1021/447/391 279/1886/391
f 122/1743/392 892/1887/392 143/1881/392
f 15/432/393 753/371/393 752/1888/393
f 424/1731/394 1147/1724/394 396/1889/394
f 2420/1861/395 883/1890/395 2419/1852/395
f 10/437/396 742/1862/396 4/1891/396
f 2408/1694/397 878/1830/397 846/1892/397
f 2122/1893/75 1390/1894/75 1382/1893/75
f 2267/1895/398 1526/1896/398 1520/1897/398
f 1973/1898/399 1235/1899/399 1245/1900/399
f 1383/1901/400 2129/1902/400 1389/1903/400
f 1515/1904/401 2269/1905/401 1525/1906/401
f 1983/1907/402 1244/1908/402 1240/1909/402
f 2277/1910/403 1524/1911/403 1530/1912/403
f 1980/1913/404 1243/1914/404 1235/1899/404
f 2126/1915/153 1382/1893/153 1406/1915/153
f 2275/1916/405 1523/1917/405 1528/1918/405
f 1990/1919/406 1240/1909/406 1248/1920/406
f 2124/1921/407 1381/1922/407 1380/1923/407
f 2274/1924/408 1520/1897/408 1527/1925/408
f 1249/1926/409 1988/1927/409 1241/1928/409
f 1379/1929/410 2124/1921/410 1380/1923/410
f 1529/1930/411 2272/1931/411 1521/1932/411
f 1988/1927/412 1242/1933/412 1241/1928/412
f 2272/1931/413 1522/1934/413 1521/1932/413
f 1986/1935/414 1238/1936/414 1244/1908/414
f 2120/1937/415 1377/1938/415 1378/1939/415
f 2270/1940/416 1516/1941/416 1526/1896/416
f 1985/1942/417 1239/1943/417 1243/1914/417
f 1407/1944/407 2120/1937/407 1378/1939/407
f 1525/1906/418 2268/1945/418 1519/1946/418
f 2117/1947/419 1364/1948/419 1376/1947/419
f 2266/1949/420 1517/1950/420 1518/1951/420
f 1238/1936/421 1978/1952/421 1234/1953/421
f 1363/1954/422 2115/1955/422 1375/1956/422
f 2265/1957/423 1533/1958/423 1517/1950/423
f 1976/1959/424 1236/1960/424 1237/1961/424
f 1374/1962/425 2114/1963/425 1366/1963/425
f 2262/1964/426 1531/1965/426 1516/1941/426
f 1982/1966/424 1246/1967/424 1236/1960/424
f 2112/1968/427 1373/1969/427 1365/1970/427
f 1513/1971/428 2243/1972/428 1497/1973/428
f 1498/1974/429 2260/1975/429 1514/1976/429
f 1234/1953/430 1977/1977/430 1233/1978/430
f 1372/1979/431 2093/1980/431 1342/1980/431
f 1977/1977/424 1237/1961/424 1233/1978/424
f 2094/1981/432 1371/1982/432 1341/1983/432
f 1975/1984/433 1232/1985/433 1231/1986/433
f 1512/1987/434 2248/1988/434 1501/1989/434
f 1974/1990/435 1245/1900/435 1232/1985/435
f 1370/1991/436 2118/1992/436 1368/1992/436
f 1511/1993/437 2258/1994/437 1510/1995/437
f 1367/1996/438 2105/1997/438 1369/1998/438
f 1967/1999/439 1230/2000/439 1222/2001/439
f 1510/1995/440 2241/2002/440 1495/2003/440
f 1227/2004/441 1969/2005/441 1229/2006/441
f 1368/1992/442 2117/1947/442 1376/1947/442
f 1509/2007/434 2257/2008/434 1512/1987/434
f 1375/1956/443 2116/2009/443 1367/1996/443
f 2256/2010/444 1506/2011/444 1803/2012/444
f 1972/2013/445 1228/2014/445 1230/2000/445
f 1802/2015/446 2254/2016/446 1507/2017/446
f 1964/2018/447 1227/2004/447 1219/2019/447
f 1366/1963/448 2113/1979/448 1372/1979/448
f 1507/2017/449 2253/2020/449 1508/2021/449
f 2111/2022/450 1365/1970/450 1371/1982/450
f 2251/2023/451 1503/2024/451 1506/2011/451
f 1226/2025/452 1955/2026/452 1211/2027/452
f 1500/2028/453 2252/2029/453 1505/2030/453
f 1953/2031/454 1215/2032/454 1225/2033/454
f 2110/1948/455 1374/1962/455 1364/1948/455
f 1373/1969/456 2108/2034/456 1363/1954/456
f 1963/2035/457 1224/2036/457 1220/2037/457
f 1361/2038/458 2106/1991/458 1370/1991/458
f 1504/2039/459 2245/2040/459 1499/2041/459
f 1215/2032/460 1965/2042/460 1223/2043/460
f 1369/1998/461 2101/2044/461 1358/2045/461
f 2246/2046/462 1502/2047/462 1503/2024/462
f 1970/2048/463 1220/2037/463 1228/2014/463
f 1229/2006/464 1968/2049/464 1221/2050/464
f 2072/2051/465 1362/2052/465 1352/2051/465
f 1502/2047/466 2249/2053/466 1511/1993/466
f 1968/2049/467 1222/2001/467 1221/2050/467
f 2102/2054/468 1354/2055/468 1357/2056/468
f 1501/1989/459 2247/2057/459 1504/2039/459
f 1966/2058/469 1218/2059/469 1224/2036/469
f 2104/2052/1 1361/2038/1 1362/2052/1
f 1965/2042/470 1219/2019/470 1223/2043/470
f 2245/2040/471 1498/1974/471 1499/2041/471
f 1360/2060/472 2099/2061/472 1355/2062/472
f 1218/2059/473 1958/2063/473 1214/2064/473
f 2097/2065/474 1357/2056/474 1359/2066/474
f 2243/1972/475 1500/2028/475 1497/1973/475
f 1956/2067/452 1216/2068/452 1217/2069/452
f 1495/2003/476 2240/2070/476 1496/2071/476
f 1358/2045/477 2100/2072/477 1360/2060/477
f 1496/2071/478 2239/2073/478 1509/2007/478
f 1962/2074/452 1226/2025/452 1216/2068/452
f 1355/2062/415 2098/2075/415 1356/2076/415
f 2237/2077/479 1487/2078/479 1493/2079/479
f 2098/2075/480 1359/2066/480 1356/2076/480
f 1488/2080/481 2238/2081/481 1494/2082/481
f 1214/2064/482 1957/2083/482 1213/2084/482
f 1494/2082/483 2237/2077/483 1493/2079/483
f 1957/2083/452 1217/2069/452 1213/2084/452
f 1354/2055/484 2067/2085/484 1323/2086/484
f 1955/2026/485 1212/2087/485 1211/2027/485
f 1353/2088/486 2095/2089/486 1351/2090/486
f 1487/2078/487 2236/2091/487 1866/2092/487
f 1954/2093/488 1225/2033/488 1212/2087/488
f 1486/2094/489 2234/2095/489 1491/2096/489
f 2095/2089/486 1327/2097/486 1351/2090/486
f 1485/2098/490 2230/2099/490 1490/2100/490
f 2224/2101/491 1489/2102/491 1482/2103/491
f 1329/2104/492 2091/2105/492 1350/2106/492
f 1492/2107/493 2227/2108/493 1485/2098/493
f 2090/2109/494 1349/2110/494 1339/2109/494
f 1491/2096/495 2233/2111/495 1865/2112/495
f 1334/2113/496 2089/2114/496 1348/2114/496
f 1490/2100/497 2223/2115/497 1481/2116/497
f 1947/2117/498 1197/2118/498 1210/2119/498
f 1340/2120/499 2081/2121/499 1347/2122/499
f 1489/2102/500 2228/2123/500 1486/2094/500
f 1209/2124/501 1946/2125/501 1203/2126/501
f 2082/2127/502 1346/2128/502 1333/2129/502
f 1338/2130/503 2083/2131/503 1345/2132/503
f 2223/2115/504 1484/2133/504 1481/2116/504
f 2218/2134/505 1483/2135/505 1476/2136/505
f 1208/2137/506 1934/2138/506 1198/2139/506
f 1332/2140/507 2087/2141/507 1344/2142/507
f 2226/2143/508 1475/2144/508 1484/2133/508
f 1939/2145/509 1202/2146/509 1207/2147/509
f 1337/2148/510 2079/2149/510 1343/2150/510
f 2225/2151/511 1482/2103/511 1483/2135/511
f 1342/1980/512 2077/2140/512 1332/2140/512
f 2078/2152/513 1341/1983/513 1331/2153/513
f 2217/2154/514 1480/2155/514 1475/2144/514
f 1206/2156/509 1938/2157/509 1199/2158/509
f 2221/2159/515 1479/2160/515 1477/2161/515
f 1205/2162/516 1942/2163/516 1201/2164/516
f 1350/2106/517 2092/2165/517 1340/2120/517
f 2253/2020/518 1803/2012/518 1508/2021/518
f 2089/2114/519 1339/2109/519 1348/2114/519
f 2222/2166/520 1478/2167/520 1480/2155/520
f 1505/2030/521 2255/2168/521 1802/2015/521
f 2213/2169/522 1477/2161/522 1473/2170/522
f 1344/2142/523 2088/2130/523 1338/2130/523
f 2220/2171/524 1472/2172/524 1478/2167/524
f 1937/2173/525 1210/2119/525 1204/2174/525
f 1346/2128/526 2086/2175/526 1337/2148/526
f 2219/2176/527 1476/2136/527 1479/2160/527
f 1203/2126/528 1940/2177/528 1200/2178/528
f 2073/2179/529 1336/2180/529 1330/2179/529
f 1202/2146/509 1943/2181/509 1206/2156/509
f 2069/2182/530 1335/2183/530 1325/2184/530
f 2215/2185/531 1470/2186/531 1474/2187/531
f 1942/2163/532 1208/2137/532 1201/2164/532
f 1940/2177/509 1207/2147/509 1200/2178/509
f 1345/2132/533 2084/2113/533 1334/2113/533
f 1938/2157/534 1204/2174/534 1199/2158/534
f 1347/2122/535 2082/2127/535 1333/2129/535
f 1472/2172/536 2211/2188/536 1467/2189/536
f 1936/2190/537 1205/2162/537 1197/2118/537
f 1349/2110/538 2073/2179/538 1330/2179/538
f 2212/2191/531 1474/2187/531 1471/2192/531
f 1198/2139/539 1933/2193/539 1209/2124/539
f 1343/2150/540 2078/2152/540 1331/2153/540
f 1470/2186/541 2207/2194/541 1463/2195/541
f 1194/2196/542 1917/2197/542 1189/2198/542
f 2076/2180/75 1328/2199/75 1336/2180/75
f 2205/2200/543 1473/2170/543 1469/2201/543
f 1335/2183/544 2074/2202/544 1329/2104/544
f 1930/2203/545 1191/2204/545 1193/2205/545
f 2208/2206/531 1471/2192/531 1468/2207/531
f 1467/2189/546 2210/2208/546 1466/2209/546
f 1921/2210/547 1193/2205/547 1190/2211/547
f 2068/2199/9 1352/2051/9 1328/2199/9
f 1466/2209/548 2209/2212/548 1465/2213/548
f 1192/2214/549 1931/2215/549 1194/2196/549
f 1327/2097/486 2070/2216/486 1326/2217/486
f 2209/2212/550 1468/2207/550 1465/2213/550
f 1923/2218/551 1195/2219/551 1196/2220/551
f 2070/2216/552 1325/2184/552 1326/2217/552
f 1463/2195/553 2206/2221/553 1464/2222/553
f 1932/2223/554 1184/2224/554 1195/2219/554
f 2206/2221/555 1469/2201/555 1464/2222/555
f 1927/2225/556 1192/2214/556 1182/2226/556
f 1323/2086/415 2066/2227/415 1324/2228/415
f 2203/2229/557 1455/2230/557 1461/2231/557
f 1191/2204/558 1909/2232/558 1179/2233/558
f 2066/2227/486 1353/2088/486 1324/2228/486
f 1456/2234/559 2204/2235/559 1462/2236/559
f 1919/2237/560 1190/2211/560 1177/2238/560
f 1999/2239/561 1317/2240/561 1256/2241/561
f 2204/2235/562 1461/2231/562 1462/2236/562
f 1189/2198/563 1918/2242/563 1175/2243/563
f 2045/2244/314 1314/2245/314 1291/2244/314
f 1910/2246/564 1188/2247/564 1172/2248/564
f 2054/2249/565 1308/2250/565 1322/2251/565
f 1455/2230/566 2202/2252/566 1460/2253/566
f 1914/2254/567 1187/2255/567 1173/2256/567
f 2196/2257/568 1459/2258/568 1454/2259/568
f 1176/2260/569 1926/2261/569 1186/2262/569
f 2056/2263/306 1316/2264/306 1320/2263/306
f 1453/2265/570 2198/2266/570 1458/2267/570
f 2063/2268/571 1309/2269/571 1319/2270/571
f 2192/2271/572 1457/2272/572 1450/2273/572
f 1929/2274/573 1185/2275/573 1184/2224/573
f 1460/2253/574 2195/2276/574 1453/2265/574
f 1924/2277/575 1183/2278/575 1180/2279/575
f 2058/2280/301 1321/2281/301 1311/2282/301
f 2201/2283/576 1456/2234/576 1459/2258/576
f 2051/2284/577 1318/2285/577 1308/2250/577
f 1171/2286/578 1927/2225/578 1182/2226/578
f 1458/2267/579 2191/2287/579 1449/2288/579
f 1186/2262/580 1913/2289/580 1181/2290/580
f 1187/2255/581 1597/2291/581 1598/2292/581
f 1609/2293/581 1171/2286/581 1595/2294/581
f 1596/2295/581 1171/2286/581 1182/2226/581
f 1611/2296/581 1182/2226/581 1610/2297/581
f 1612/2298/581 1182/2226/581 1192/2214/581
f 1192/2214/581 1189/2198/581 1612/2298/581
f 1612/2298/581 1175/2243/581 1613/2299/581
f 1614/2300/581 1175/2243/581 1177/2238/581
f 1615/2301/581 1177/2238/581 1190/2211/581
f 1190/2211/581 1191/2204/581 1615/2301/581
f 1615/2301/581 1179/2233/581 1616/2302/581
f 1172/2248/581 1616/2302/581 1179/2233/581
f 1187/2255/581 1599/2303/581 1173/2256/581
f 1173/2256/581 1608/2304/581 1600/2305/581
f 1181/2290/581 1600/2305/581 1601/2306/581
f 1602/2307/581 1181/2290/581 1601/2306/581
f 1603/2308/581 1186/2262/581 1602/2307/581
f 1604/2309/581 1176/2260/581 1603/2308/581
f 1183/2278/581 1604/2309/581 1605/2310/581
f 1180/2279/581 1605/2310/581 1606/2311/581
f 1174/2312/581 1606/2311/581 1607/2313/581
f 1626/2314/581 1621/2315/581 1622/2316/581
f 1619/2317/581 1625/2318/581 1626/2314/581
f 1174/2312/581 1621/2315/581 1188/2247/581
f 1188/2247/581 1625/2318/581 1172/2248/581
f 1172/2248/581 1618/2319/581 1617/2320/581
f 1619/2317/581 1627/2321/581 1620/2322/581
f 1628/2323/581 1184/2224/581 1185/2275/581
f 1184/2224/581 1626/2314/581 1195/2219/581
f 1185/2275/581 1631/2324/581 1628/2323/581
f 1632/2325/581 1196/2220/581 1201/2164/581
f 1195/2219/581 1201/2164/581 1196/2220/581
f 1197/2118/581 1195/2219/581 1626/2314/581
f 1197/2118/581 1622/2316/581 1210/2119/581
f 1634/513/190 1633/515/190 1635/514/190
f 1206/2156/581 1634/513/581 1202/2146/581
f 1207/2147/581 1634/513/581 1635/514/581
f 1200/2178/581 1635/514/581 1624/2326/581
f 1199/2158/581 1633/515/581 1206/2156/581
f 1204/2174/581 1622/2316/581 1636/2327/581
f 1199/2158/581 1636/2327/581 1623/2328/581
f 1208/2137/581 1632/2325/581 1201/2164/581
f 1198/2139/581 1640/2329/581 1208/2137/581
f 1209/2124/581 1639/2330/581 1198/2139/581
f 1203/2126/581 1638/2331/581 1209/2124/581
f 1200/2178/581 1637/2332/581 1203/2126/581
f 1649/2333/581 1211/2027/581 1630/2334/581
f 1213/2084/581 1641/2335/581 1214/2064/581
f 1643/2336/581 1214/2064/581 1641/2335/581
f 1185/2275/581 1645/2337/581 1629/2338/581
f 1645/2337/581 1647/2339/581 1646/2340/581
f 1196/2220/581 1217/2069/581 1185/2275/581
f 1216/2068/581 1185/2275/581 1217/2069/581
f 1226/2025/581 1648/2341/581 1216/2068/581
f 1647/2339/581 1649/2333/581 1646/2340/581
f 1226/2025/581 1650/2342/581 1647/2339/581
f 1211/2027/581 1652/2343/581 1630/2334/581
f 1651/2344/581 1212/2087/581 1653/2345/581
f 1657/2346/581 1212/2087/581 1658/2347/581
f 1212/2087/581 1654/2348/581 1658/2347/581
f 1655/2349/581 1225/2033/581 1215/2032/581
f 1223/2043/581 1655/2349/581 1215/2032/581
f 1219/2019/581 1656/2350/581 1223/2043/581
f 1227/2004/581 1659/2351/581 1219/2019/581
f 1229/2006/581 1660/2352/581 1227/2004/581
f 1221/2050/581 1661/2353/581 1229/2006/581
f 1664/2354/581 1231/1986/581 1665/2355/581
f 1231/1986/581 1662/2356/581 1246/1967/581
f 1246/1967/581 1221/2050/581 1236/1960/581
f 1237/1961/581 1221/2050/581 1222/2001/581
f 1233/1978/581 1222/2001/581 1670/2357/581
f 1672/2358/581 1218/2059/581 1214/2064/581
f 1644/2359/581 1214/2064/581 1642/2360/581
f 1667/2361/581 1674/2362/581 1673/2363/581
f 1674/2362/581 1224/2036/581 1672/2358/581
f 1668/2364/581 1220/2037/581 1667/2361/581
f 1674/2362/581 1644/2359/581 1673/2363/581
f 1669/2365/581 1228/2014/581 1668/2364/581
f 1230/2000/581 1670/2357/581 1222/2001/581
f 1233/1978/581 1675/2366/581 1671/2367/581
f 1234/1953/581 1671/2367/581 1676/2368/581
f 1234/1953/581 1244/1908/581 1238/1936/581
f 1250/2369/581 1680/2370/581 1242/1933/581
f 1679/2371/581 1248/1920/581 1678/2372/581
f 1678/2372/581 1240/1909/581 1677/2373/581
f 1677/2373/581 1234/1953/581 1676/2368/581
f 1666/2374/581 1231/1986/581 1232/1985/581
f 1293/2375/581 1708/2376/581 1306/2377/581
f 1697/2378/581 1272/2379/581 1284/2380/581
f 1290/2381/581 1706/2382/581 1302/2383/581
f 1257/2384/581 1242/1933/581 1270/2385/581
f 1699/2386/581 1275/2387/581 1288/2388/581
f 1680/2370/581 1266/2389/581 1252/2390/581
f 1710/2391/581 1319/2270/581 1309/2269/581
f 1711/2392/581 1318/2285/581 1312/2393/581
f 1693/2394/581 1285/2395/581 1275/2387/581
f 1303/2396/581 1702/2397/581 1293/2375/581
f 1302/2383/581 1703/2398/581 1296/2399/581
f 1267/2400/581 1241/1928/581 1257/2384/581
f 1266/2389/581 1685/2401/581 1260/2402/581
f 1694/2403/581 1284/2380/581 1278/2404/581
f 1712/2405/581 1312/2393/581 1313/2406/581
f 1709/2407/581 1322/2251/581 1308/2250/581
f 1296/2399/581 1704/2408/581 1297/2409/581
f 1260/2402/581 1686/2410/581 1261/2411/581
f 1695/2412/581 1278/2404/581 1279/2413/581
f 1701/2414/581 1313/2406/581 1292/2415/581
f 1691/2416/581 1288/2388/581 1272/2379/581
f 1306/2377/581 1700/2417/581 1290/2381/581
f 1713/2418/581 1256/2241/581 1317/2240/581
f 1242/1933/581 1252/2390/581 1270/2385/581
f 1682/2419/581 1279/2413/581 1254/2420/581
f 1261/2411/581 1682/2419/581 1254/2420/581
f 1715/2421/581 1317/2240/581 1319/2270/581
f 1274/2422/581 1705/2423/581 1301/2424/581
f 1297/2409/581 1701/2414/581 1292/2415/581
f 1698/2425/581 1283/2426/581 1285/2395/581
f 1301/2424/581 1707/2427/581 1303/2396/581
f 1256/2241/581 1687/2428/581 1265/2429/581
f 1714/2430/581 1308/2250/581 1318/2285/581
f 1696/2431/581 1274/2422/581 1283/2426/581
f 1716/2432/581 1309/2269/581 1322/2251/581
f 1265/2429/581 1689/2433/581 1267/2400/581
f 1249/1926/581 1689/2433/581 1687/2428/581
f 1247/2434/581 1687/2428/581 1239/1943/581
f 1243/1914/581 1687/2428/581 1683/2435/581
f 1683/2435/581 1235/1899/581 1243/1914/581
f 1713/2418/581 1245/1900/581 1235/1899/581
f 1715/2421/581 1232/1985/581 1245/1900/581
f 1690/2436/581 1714/2430/581 1711/2392/581
f 1684/2437/581 1709/2407/581 1690/2436/581
f 1716/2432/581 1681/2438/581 1710/2391/581
f 1232/1985/581 1681/2438/581 1666/2374/581
f 1706/2382/581 1717/2439/581 1703/2398/581
f 1718/2440/581 1700/2417/581 1708/2376/581
f 1719/2441/581 1708/2376/581 1702/2397/581
f 1719/2441/581 1355/2062/581 1720/2442/581
f 1702/2397/581 1360/2060/581 1355/2062/581
f 1721/2443/581 1355/2062/581 1356/2076/581
f 1341/1983/581 1722/2444/581 1331/2153/581
f 1705/2423/581 1360/2060/581 1707/2427/581
f 1692/2445/581 1358/2045/581 1360/2060/581
f 1369/1998/581 1731/2446/581 1730/2447/581
f 1730/2447/581 1367/1996/581 1369/1998/581
f 1729/2448/581 1375/1956/581 1367/1996/581
f 1728/2449/581 1363/1954/581 1375/1956/581
f 1726/2450/581 1363/1954/581 1727/2451/581
f 1725/2452/581 1373/1969/581 1726/2450/581
f 1724/2453/581 1365/1970/581 1725/2452/581
f 1371/1982/581 1723/2454/581 1341/1983/581
f 1343/2150/581 1722/2444/581 1732/2455/581
f 1337/2148/581 1732/2455/581 1733/2456/581
f 1346/2128/581 1733/2456/581 1734/2457/581
f 1333/2129/581 1734/2457/581 1735/2458/581
f 1347/2122/581 1735/2458/581 1736/2459/581
f 1340/2120/581 1736/2459/581 1737/2460/581
f 1350/2106/581 1737/2460/581 1738/2461/581
f 1739/2462/581 1350/2106/581 1738/2461/581
f 1740/2463/581 1329/2104/581 1739/2462/581
f 1741/2464/581 1335/2183/581 1740/2463/581
f 1325/2184/581 1742/2465/581 1326/2217/581
f 1351/2090/581 1407/1944/581 1353/2088/581
f 1327/2097/581 1405/2466/581 1351/2090/581
f 1326/2217/581 1381/1922/581 1327/2097/581
f 1747/2467/581 1326/2217/581 1742/2465/581
f 1743/2468/581 1745/2469/581 1744/2470/581
f 1746/2471/581 1380/1923/581 1326/2217/581
f 1743/2468/581 1379/1929/581 1380/1923/581
f 1766/2472/581 1389/1903/581 1379/1929/581
f 1765/2473/581 1383/1901/581 1389/1903/581
f 1764/2474/581 1404/2475/581 1383/1901/581
f 1763/2476/581 1394/2477/581 1404/2475/581
f 1762/2478/581 1401/2479/581 1394/2477/581
f 1761/2480/581 1387/2481/581 1401/2479/581
f 1760/2482/581 1400/2483/581 1387/2481/581
f 1759/2484/581 1391/2485/581 1400/2483/581
f 1758/2486/581 1397/2487/581 1391/2485/581
f 1757/2488/581 1385/2489/581 1397/2487/581
f 1749/2490/581 1395/2491/581 1385/2489/581
f 1748/2492/581 1425/2493/581 1395/2491/581
f 1750/2494/581 1419/2495/581 1425/2493/581
f 1751/2496/581 1427/2497/581 1419/2495/581
f 1752/2498/581 1417/2499/581 1427/2497/581
f 1417/2499/581 1754/2500/581 1429/2501/581
f 1429/2501/581 1755/2502/581 1421/2503/581
f 1755/2502/581 1423/2504/581 1421/2503/581
f 1359/2066/581 1354/2055/581 1323/2086/581
f 1770/2505/581 1323/2086/581 1768/2506/581
f 1356/2076/581 1770/2505/581 1721/2443/581
f 1359/2066/581 1769/2507/581 1356/2076/581
f 1774/2508/581 1410/2509/581 1409/2510/581
f 1377/1938/581 1773/2511/581 1378/1939/581
f 1324/2228/581 1407/1944/581 1378/1939/581
f 1771/2512/581 1323/2086/581 1324/2228/581
f 1773/2511/581 1324/2228/581 1378/1939/581
f 1777/2513/581 1377/1938/581 1776/2514/581
f 1410/2509/581 1777/2513/581 1776/2514/581
f 1377/1938/581 1411/2515/581 1413/2516/581
f 1413/2516/581 1776/2514/581 1377/1938/581
f 1461/2231/581 1781/2517/581 1462/2236/581
f 1432/2518/581 1778/2519/581 1431/2520/581
f 1409/2510/581 1778/2519/581 1774/2508/581
f 1414/2521/581 1431/2520/581 1409/2510/581
f 1412/2522/582 1767/2523/582 1414/2521/582
f 1782/2524/581 1423/2504/581 1756/2525/581
f 1791/2526/581 1432/2518/581 1790/2527/581
f 1783/2528/581 1442/2529/581 1438/2530/581
f 1786/2531/581 1436/2532/581 1439/2533/581
f 1433/2534/581 1789/2535/581 1788/2536/581
f 1436/2532/581 1787/2537/581 1433/2534/581
f 1439/2533/581 1784/2538/581 1786/2531/581
f 1438/2530/581 1767/2523/581 1783/2528/581
f 1790/2527/581 1456/2234/581 1462/2236/581
f 1437/2539/581 1790/2527/581 1432/2518/581
f 1462/2236/581 1791/2526/581 1790/2527/581
f 1441/2540/581 1792/2541/581 1437/2539/581
f 1792/2541/581 1447/2542/581 1444/2543/581
f 1792/2541/581 1451/2544/581 1450/2273/581
f 1454/2259/581 1450/2273/581 1457/2272/581
f 1792/2541/581 1459/2258/581 1456/2234/581
f 1794/2545/581 1434/2546/581 1793/2547/581
f 1434/2546/581 1788/2536/581 1793/2547/581
f 1434/2546/581 1796/2548/581 1435/2549/581
f 1435/2549/581 1446/2550/581 1440/2551/581
f 1796/2548/581 1448/2552/581 1446/2550/581
f 1800/2553/581 1458/2267/581 1799/2554/581
f 1798/2555/581 1458/2267/581 1449/2288/581
f 1452/2556/581 1796/2548/581 1797/2557/581
f 1449/2288/581 1797/2557/581 1798/2555/581
f 1800/2553/581 1508/2021/581 1453/2265/581
f 2064/2558/583 1319/2270/583 1317/2240/583
f 1460/2253/581 1508/2021/581 1803/2012/581
f 1455/2230/581 1803/2012/581 1506/2011/581
f 1461/2231/581 1506/2011/581 1503/2024/581
f 1502/2047/581 1461/2231/581 1503/2024/581
f 1804/2559/581 1502/2047/581 1511/1993/581
f 1804/2559/581 1510/1995/581 1805/2560/581
f 1495/2003/581 1808/2561/581 1806/2562/581
f 1806/2562/581 1510/1995/581 1495/2003/581
f 1809/2563/581 1495/2003/581 1496/2071/581
f 1507/2017/581 1801/2564/581 1810/2565/581
f 1811/2566/581 1507/2017/581 1810/2565/581
f 1497/1973/581 1813/2567/581 1814/2568/581
f 1812/2569/581 1500/2028/581 1505/2030/581
f 1802/2015/581 1812/2569/581 1505/2030/581
f 1533/1958/581 1815/2570/581 1517/1950/581
f 1497/1973/581 1815/2570/581 1513/1971/581
f 1817/2571/581 1517/1950/581 1815/2570/581
f 1517/1950/581 1818/2572/581 1518/1951/581
f 1819/2573/581 1818/2572/581 1820/2574/581
f 1518/1951/581 1538/2575/581 1534/2576/581
f 1821/2577/581 1536/2578/581 1822/2579/581
f 1819/2573/581 1536/2578/581 1538/2575/581
f 1471/2192/581 1822/2579/581 1468/2207/581
f 1468/2207/581 1536/2578/581 1465/2213/581
f 1824/2580/581 1496/2071/581 1509/2007/581
f 1824/2580/581 1512/1987/581 1825/2581/581
f 1465/2213/581 1820/2574/581 1823/2582/581
f 1827/2583/581 1499/2041/581 1828/2584/581
f 1826/2585/581 1504/2039/581 1827/2583/581
f 1501/1989/581 1825/2581/581 1512/1987/581
f 1498/1974/581 1539/2586/581 1499/2041/581
f 1540/2587/581 1499/2041/581 1539/2586/581
f 1828/2584/581 1532/2588/581 1515/1904/581
f 1829/2589/581 1515/1904/581 1525/1906/581
f 1830/2590/581 1525/1906/581 1519/1946/581
f 1831/2591/581 1519/1946/581 1528/1918/581
f 1832/2592/581 1528/1918/581 1523/1917/581
f 1833/2593/581 1523/1917/581 1529/1930/581
f 1834/2594/581 1529/1930/581 1521/1932/581
f 1834/2594/581 1463/2195/581 1835/2595/581
f 1474/2187/581 1821/2577/581 1471/2192/581
f 1537/2596/584 1516/1941/584 1531/1965/584
f 1526/1896/585 1535/2597/585 1520/1897/585
f 1463/2195/586 1522/1934/586 1470/2186/586
f 1520/1897/581 1524/1911/581 1527/1925/581
f 1535/2597/587 1530/1912/587 1524/1911/587
f 1470/2186/581 1535/2597/581 1474/2187/581
f 1464/2222/581 1838/2598/581 1836/2599/581
f 1464/2222/581 1835/2595/581 1463/2195/581
f 1868/2600/581 1840/2601/581 1837/2602/581
f 1469/2201/581 1837/2602/581 1464/2222/581
f 1473/2170/581 1479/2160/581 1837/2602/581
f 1479/2160/581 1483/2135/581 1837/2602/581
f 1483/2135/581 1489/2102/581 1837/2602/581
f 1489/2102/581 1491/2096/581 1837/2602/581
f 1865/2112/588 1837/2602/588 1491/2096/588
f 1841/2603/581 1494/2082/581 1493/2079/581
f 1844/2604/581 1466/2209/581 1842/2605/581
f 1465/2213/581 1842/2605/581 1466/2209/581
f 1466/2209/581 1845/2606/581 1467/2189/581
f 1846/2607/581 1475/2144/581 1480/2155/581
f 1846/2607/581 1478/2167/581 1472/2172/581
f 1467/2189/581 1846/2607/581 1472/2172/581
f 1490/2100/581 1849/2608/581 1485/2098/581
f 1848/2609/581 1481/2116/581 1847/2610/581
f 1481/2116/581 1846/2607/581 1847/2610/581
f 1564/2611/581 1854/2612/581 1856/2613/581
f 1487/2078/581 1853/2614/581 1493/2079/581
f 1855/2615/581 1854/2612/581 1853/2614/581
f 1493/2079/581 1852/2616/581 1841/2603/581
f 1852/2616/581 1854/2612/581 1851/2617/581
f 1541/2618/581 1851/2617/581 1854/2612/581
f 1857/2619/581 1862/2620/581 1860/2621/581
f 1862/2620/581 1549/2622/581 1864/2623/581
f 1861/2624/581 1492/2107/581 1485/2098/581
f 1862/2620/581 1863/2625/581 1861/2624/581
f 1849/2608/581 1861/2624/581 1485/2098/581
f 1860/2621/581 1861/2624/581 1859/2626/581
f 1488/2080/588 1868/2600/588 1865/2112/588
f 1494/2082/581 1867/2627/581 1868/2600/581
f 2197/2628/589 1454/2259/589 1457/2272/589
f 1863/2625/581 1866/2092/581 1492/2107/581
f 1863/2625/581 1869/2629/581 1870/2630/581
f 1548/2631/581 1864/2623/581 1549/2622/581
f 1866/2092/581 1855/2615/581 1487/2078/581
f 1855/2615/581 1869/2629/581 1856/2613/581
f 1564/2611/581 1869/2629/581 1548/2631/581
f 1545/2632/581 1857/2619/581 1858/2633/581
f 1850/2634/581 1542/2635/581 1871/2636/581
f 1545/2632/581 1872/2637/581 1546/2638/581
f 1547/2639/581 1593/2640/581 1563/2641/581
f 1551/2642/581 1557/2643/581 1547/2639/581
f 1568/2644/581 1571/2645/581 1551/2642/581
f 1555/2646/581 1559/2647/581 1568/2644/581
f 1562/2648/581 1569/2649/581 1553/2650/581
f 1874/2651/581 1542/2635/581 1875/2652/581
f 1877/2653/581 1565/2654/581 1873/2655/581
f 1875/2652/581 1565/2654/581 1876/2656/581
f 1542/2635/581 1593/2640/581 1565/2654/581
f 1873/2655/581 1566/2657/581 1878/2658/581
f 1882/2659/581 1581/2660/581 1883/2661/581
f 1879/2662/581 1566/2657/581 1880/2663/581
f 1884/2664/581 1583/2665/581 1579/2666/581
f 1885/2667/581 1589/2668/581 1886/2669/581
f 1886/2669/581 1585/2670/581 1577/2671/581
f 1573/2672/581 1886/2669/581 1589/2668/581
f 1577/2671/581 1885/2667/581 1886/2669/581
f 1558/2673/581 1884/2664/581 1594/2674/581
f 1887/2675/581 1592/2676/581 1587/2677/581
f 1575/2678/581 1887/2675/581 1587/2677/581
f 1884/2664/581 1566/2657/581 1594/2674/581
f 1581/2660/581 1884/2664/581 1579/2666/581
f 1888/2679/581 1884/2664/581 1881/2680/581
f 1889/2681/581 1581/2660/581 1582/2682/581
f 1890/2683/581 1582/2682/581 1891/2684/581
f 1892/2685/581 1582/2682/581 1580/2686/581
f 1893/2687/581 1580/2686/581 1584/2688/581
f 1894/2689/581 1584/2688/581 1578/2690/581
f 1895/2691/581 1578/2690/581 1586/2692/581
f 1896/2693/581 1586/2692/581 1576/2694/581
f 1897/2695/581 1576/2694/581 1588/2696/581
f 1898/2697/581 1588/2696/581 1591/2698/581
f 1899/2699/581 1591/2698/581 1574/2700/581
f 1572/2701/581 1574/2700/581 1590/2702/581
f 1560/2703/581 1899/2699/581 1572/2701/581
f 1561/2704/581 1901/2705/581 1560/2703/581
f 1903/2706/581 1561/2704/581 1554/2707/581
f 1902/2708/581 1554/2707/581 1570/2709/581
f 1905/2710/581 1570/2709/581 1556/2711/581
f 1904/2712/581 1556/2711/581 1567/2713/581
f 1544/2714/581 1552/2715/581 1550/2716/581
f 1567/2713/581 1906/2717/581 1904/2712/581
f 1546/2638/581 1906/2717/581 1544/2714/581
f 1925/2718/581 1912/2719/581 1911/2720/581
f 1931/2215/581 1916/2721/581 1917/2197/581
f 1916/2721/581 1921/2210/581 1917/2197/581
f 1920/2722/581 1925/2718/581 1930/2203/581
f 1914/2254/581 1928/2723/581 1907/2724/581
f 1915/2725/581 1930/2203/581 1921/2210/581
f 1928/2723/581 1926/2261/581 1931/2215/581
f 1932/2223/581 1922/2726/581 1929/2274/581
f 1907/2724/581 1927/2225/581 1908/2727/581
f 1917/2197/581 1919/2237/581 1918/2242/581
f 1909/2232/581 1911/2720/581 1910/2246/581
f 1950/2728/581 1940/2177/581 1946/2125/581
f 1949/2729/581 1944/2730/581 1945/2731/581
f 1951/2732/581 1945/2731/581 1948/2733/581
f 1950/2728/581 1933/2193/581 1952/2734/581
f 1947/2117/581 1949/2729/581 1951/2732/581
f 1937/2173/581 1943/2181/581 1949/2729/581
f 1945/2731/581 1952/2734/581 1948/2733/581
f 1944/2730/581 1950/2728/581 1945/2731/581
f 1948/2733/581 1941/2735/581 1942/2163/581
f 1936/2190/581 1951/2732/581 1935/2736/581
f 1952/2734/581 1934/2138/581 1941/2735/581
f 1935/2736/581 1948/2733/581 1942/2163/581
f 1956/2067/581 1958/2063/581 1959/2737/581
f 1962/2074/581 1953/2031/581 1961/2738/581
f 1956/2067/581 1960/2739/581 1962/2074/581
f 1966/2058/581 1964/2018/581 1965/2042/581
f 1967/1999/581 1969/2005/581 1972/2013/581
f 1959/2737/581 1965/2042/581 1960/2739/581
f 1961/2738/581 1954/2093/581 1955/2026/581
f 1963/2035/581 1971/2740/581 1964/2018/581
f 1972/2013/581 1971/2740/581 1970/2048/581
f 1976/1959/581 1978/1952/581 1979/2741/581
f 1982/1966/581 1973/1898/581 1981/2742/581
f 1982/1966/581 1979/2741/581 1980/1913/581
f 1986/1935/581 1984/2743/581 1985/1942/581
f 1987/2744/581 1989/2745/581 1992/2746/581
f 1979/2741/581 1985/1942/581 1980/1913/581
f 1981/2742/581 1974/1990/581 1975/1984/581
f 1983/1907/581 1991/2747/581 1984/2743/581
f 1992/2746/581 1991/2747/581 1990/1919/581
f 1996/2748/581 2010/2749/581 2006/2750/581
f 2011/2751/581 1999/2239/581 2000/2752/581
f 2001/2753/581 2003/2754/581 2002/2755/581
f 2008/2756/581 2007/2757/581 1993/2758/581
f 2009/2759/581 2006/2750/581 2007/2757/581
f 1994/2760/581 2002/2755/581 1995/2761/581
f 1995/2761/581 1993/2758/581 1994/2760/581
f 2005/2762/581 2012/2763/581 2003/2754/581
f 2004/2764/581 2000/2752/581 2012/2763/581
f 2010/2749/581 2028/2765/581 2024/2766/581
f 2029/2767/581 2017/2768/581 2016/2769/581
f 2019/2770/581 2020/2771/581 2022/2772/581
f 2025/2773/581 2026/2774/581 2013/2775/581
f 2024/2766/581 2027/2776/581 2025/2773/581
f 2014/2777/581 2021/2778/581 2019/2770/581
f 2013/2775/581 2015/2779/581 2014/2777/581
f 2022/2772/581 2030/2780/581 2023/2781/581
f 2023/2781/581 2018/2782/581 2029/2767/581
f 2034/2783/581 2045/2244/581 2041/2784/581
f 2048/2785/581 2017/2768/581 2046/2786/581
f 2036/2787/581 2037/2788/581 2038/2789/581
f 2043/2790/581 2042/2791/581 2031/2792/581
f 2044/2793/581 2041/2784/581 2042/2791/581
f 2032/2794/581 2038/2789/581 2033/2795/581
f 2033/2795/581 2031/2792/581 2032/2794/581
f 2039/2796/581 2047/2797/581 2037/2788/581
f 2040/2798/581 2046/2786/581 2047/2797/581
f 2045/2244/581 2062/2799/581 2059/2245/581
f 2052/2264/581 1999/2239/581 1998/2800/581
f 2053/2801/581 2055/2802/581 2057/2803/581
f 2058/2280/581 2061/2804/581 2050/2281/581
f 2059/2245/581 2060/2805/581 2058/2280/581
f 2049/2806/581 2054/2249/581 2053/2801/581
f 2050/2281/581 2051/2284/581 2049/2806/581
f 2057/2803/581 2063/2268/581 2056/2263/581
f 2056/2263/581 2064/2558/581 2052/2264/581
f 2068/2199/581 2070/2216/581 2071/2807/581
f 2068/2199/581 2095/2089/581 2072/2051/581
f 2076/2180/581 2074/2202/581 2075/2808/581
f 2077/2140/581 2079/2149/581 2087/2141/581
f 2089/2114/581 2082/2127/581 2081/2121/581
f 2068/2199/581 2075/2808/581 2069/2182/581
f 2083/2131/581 2086/2175/581 2085/2809/581
f 2080/2110/581 2092/2165/581 2091/2105/581
f 2077/2140/581 2094/1981/581 2078/2152/581
f 2088/2130/581 2079/2149/581 2086/2175/581
f 2084/2113/581 2085/2809/581 2082/2127/581
f 2090/2109/581 2081/2121/581 2092/2165/581
f 2073/2179/581 2091/2105/581 2074/2202/581
f 2072/2051/581 2065/2810/581 2096/2811/581
f 2096/2811/581 2066/2227/581 2067/2085/581
f 2101/2044/581 2097/2065/581 2100/2072/581
f 2100/2072/581 2098/2075/581 2099/2061/581
f 2104/2052/581 2096/2811/581 2102/2054/581
f 2103/2038/581 2102/2054/581 2101/2044/581
f 2106/1991/581 2101/2044/581 2105/1997/581
f 2110/1948/581 2107/2812/581 2109/1962/581
f 2113/1979/581 2112/1968/581 2111/2022/581
f 2118/1992/581 2115/1955/581 2117/1947/581
f 2118/1992/581 2105/1997/581 2116/2009/581
f 2093/1980/581 2111/2022/581 2094/1981/581
f 2114/1963/581 2107/2812/581 2112/1968/581
f 2117/1947/581 2108/2034/581 2110/1948/581
f 2122/1893/581 2124/1921/581 2123/2813/581
f 2149/2814/581 2122/1893/581 2126/1915/581
f 2130/1894/581 2128/2815/581 2127/2816/581
f 2133/2817/581 2131/2818/581 2142/2819/581
f 2144/2820/581 2135/2821/581 2137/2822/581
f 2122/1893/581 2129/1902/581 2130/1894/581
f 2138/2823/581 2139/2824/581 2141/2825/581
f 2134/2826/581 2145/2827/581 2143/2828/581
f 2131/2818/581 2148/2829/581 2147/2830/581
f 2141/2825/581 2133/2817/581 2142/2819/581
f 2137/2822/581 2140/2831/581 2138/2823/581
f 2143/2828/581 2136/2832/581 2144/2820/581
f 2127/2816/581 2146/2833/581 2134/2826/581
f 2119/2834/581 2126/1915/581 2150/2835/581
f 2120/1937/581 2150/2835/581 2121/2836/581
f 2151/2837/581 2155/2838/581 2154/2839/581
f 2152/2840/581 2154/2839/581 2153/2841/581
f 2150/2835/581 2158/2842/581 2156/2843/581
f 2157/2844/581 2156/2843/581 2158/2842/581
f 2160/2845/581 2155/2838/581 2157/2844/581
f 2162/2846/581 2164/2847/581 2163/2848/581
f 2167/2849/581 2165/2850/581 2168/2851/581
f 2170/2852/581 2172/2853/581 2171/2854/581
f 2172/2853/581 2159/2855/581 2160/2845/581
f 2147/2830/581 2166/2856/581 2167/2849/581
f 2168/2851/581 2162/2846/581 2163/2848/581
f 2161/2857/581 2171/2854/581 2164/2847/581
f 2176/2858/581 2178/2859/581 2179/2860/581
f 2180/2861/581 2179/2860/581 2184/2862/581
f 2182/2863/581 2174/2864/581 2175/2865/581
f 2183/2866/581 2184/2862/581 2181/2867/581
f 2183/2866/581 2173/2868/581 2182/2863/581
f 2190/2869/581 2186/2870/581 2187/2871/581
f 2184/2862/581 2189/2872/581 2181/2867/581
f 2188/2873/581 2187/2871/581 2189/2872/581
f 2191/2287/581 2193/2874/581 2194/2875/581
f 2185/2876/581 2193/2874/581 2186/2870/581
f 2195/2276/581 2197/2628/581 2198/2266/581
f 2199/2877/581 2201/2283/581 2202/2252/581
f 2198/2266/581 2192/2271/581 2191/2287/581
f 2202/2252/581 2196/2257/581 2195/2276/581
f 2199/2877/581 2204/2235/581 2200/2878/581
f 2208/2206/581 2210/2208/581 2211/2188/581
f 2212/2191/581 2211/2188/581 2216/2879/581
f 2214/2880/581 2206/2221/581 2207/2194/581
f 2215/2185/581 2216/2879/581 2213/2169/581
f 2215/2185/581 2205/2200/581 2214/2880/581
f 2222/2166/581 2218/2134/581 2219/2176/581
f 2216/2879/581 2221/2159/581 2213/2169/581
f 2220/2171/581 2219/2176/581 2221/2159/581
f 2223/2115/581 2225/2151/581 2226/2143/581
f 2217/2154/581 2225/2151/581 2218/2134/581
f 2227/2108/581 2229/2881/581 2230/2099/581
f 2231/2882/581 2233/2111/581 2236/2091/581
f 2230/2099/581 2224/2101/581 2223/2115/581
f 2235/2883/581 2228/2123/581 2227/2108/581
f 2231/2882/581 2238/2081/581 2232/2884/581
f 2242/2885/581 2244/2886/581 2245/2040/581
f 2242/2885/581 2247/2057/581 2246/2046/581
f 2250/2887/581 2257/2008/581 2249/2053/581
f 2246/2046/581 2248/1988/581 2250/2887/581
f 2246/2046/581 2252/2029/581 2242/2885/581
f 2256/2010/581 2254/2016/581 2255/2168/581
f 2258/1994/581 2240/2070/581 2241/2002/581
f 2249/2053/581 2239/2073/581 2258/1994/581
f 2259/2888/581 2244/2886/581 2243/1972/581
f 2265/1957/581 2279/2889/581 2264/2890/581
f 2270/1940/581 2268/1945/581 2269/1905/581
f 2277/1910/581 2272/1931/581 2273/2891/581
f 2274/1924/581 2276/2892/581 2275/1916/581
f 2262/1964/581 2269/1905/581 2263/2893/581
f 2267/1895/581 2275/1916/581 2268/1945/581
f 2278/2894/581 2273/2891/581 2276/2892/581
f 2280/2895/581 2262/1964/581 2263/2893/581
f 2264/2890/581 2261/2896/581 2280/2895/581
f 2281/2897/581 2283/2898/581 2284/2899/581
f 2284/2899/581 2261/2896/581 2279/2889/581
f 2264/2890/581 2260/1975/581 2259/2888/581
f 2286/2900/581 2260/1975/581 2280/2895/581
f 2290/2901/581 2292/2902/581 2295/2903/581
f 2293/2904/581 2292/2902/581 2291/2905/581
f 2298/2906/581 2287/2907/581 2297/2908/581
f 2298/2906/581 2295/2903/581 2296/2909/581
f 2295/2903/581 2300/2910/581 2296/2909/581
f 2301/2911/581 2303/2912/581 2307/2913/581
f 2304/2914/581 2306/2915/581 2305/2916/581
f 2309/2917/581 2311/2918/581 2315/2919/581
f 2316/2920/581 2313/2921/581 2312/2922/581
f 2312/2922/581 2302/2923/581 2301/2911/581
f 2297/2908/581 2288/2924/581 2289/2925/581
f 2317/2926/581 2319/2927/581 2320/2928/581
f 2299/2929/581 2305/2916/581 2300/2910/581
f 2308/2930/581 2303/2912/581 2306/2915/581
f 2315/2919/581 2314/2931/581 2316/2920/581
f 2324/2932/581 2321/2933/581 2323/2934/581
f 2326/2935/581 2327/2936/581 2340/2937/581
f 2330/2938/581 2331/2939/581 2332/2940/581
f 2334/2941/581 2335/2942/581 2336/2943/581
f 2334/2941/581 2337/2944/581 2333/2945/581
f 2336/2943/581 2329/2946/581 2330/2938/581
f 2332/2940/581 2325/2947/581 2326/2935/581
f 2328/2948/581 2327/2936/581 2339/2949/581
f 2315/2919/581 2323/2934/581 2309/2917/581
f 2322/2950/581 2339/2949/581 2321/2933/581
f 2320/2928/581 2310/2951/581 2309/2917/581
f 2256/2010/581 2252/2029/581 2251/2023/581
f 2236/2091/581 2234/2095/581 2235/2883/581
f 1246/1967/424 1975/1984/424 1231/1986/424
f 2278/2894/590 1527/1925/590 1524/1911/590
f 2132/2952/591 1397/2487/591 1385/2489/591
f 1984/2743/592 1247/2434/592 1239/1943/592
f 1519/1946/593 2275/1916/593 1528/1918/593
f 2127/2816/594 1403/2826/594 1384/2816/594
f 1992/2746/595 1248/1920/595 1250/2369/595
f 1387/2481/596 2136/2832/596 1401/2479/596
f 2276/2892/597 1529/1930/597 1523/1917/597
f 2137/2822/598 1399/2953/598 1388/2822/598
f 1247/2434/599 1989/2745/599 1249/1926/599
f 2271/2954/600 1530/1912/600 1522/1934/600
f 1987/2744/601 1250/2369/601 1242/1933/601
f 1389/1903/602 2123/2813/602 1379/1929/602
f 2130/1894/603 1384/2816/603 1390/1894/603
f 1994/2760/604 1269/2758/604 1251/2760/604
f 1532/2588/605 2263/2893/605 1515/1904/605
f 1391/2485/606 2140/2831/606 1400/2483/606
f 1254/2420/607 1996/2748/607 1261/2411/607
f 2141/2825/608 1398/2955/608 1392/2825/608
f 1534/2576/609 2266/1949/609 1518/1951/609
f 1265/2429/610 1999/2239/610 1256/2241/610
f 2143/2828/611 1402/2820/611 1393/2828/611
f 2001/2753/612 1251/2760/612 1263/2753/612
f 2282/2956/613 1536/2578/613 1535/2597/613
f 1394/2477/614 2146/2833/614 1404/2475/614
f 1270/2385/615 2003/2754/615 1257/2384/615
f 1537/2596/616 2282/2956/616 1535/2597/616
f 2004/2764/617 1258/2762/617 1268/2764/617
f 2284/2899/509 1534/2576/509 1538/2575/509
f 1531/1965/618 2283/2898/618 1537/2596/618
f 2148/2829/619 1385/2489/619 1395/2491/619
f 2007/2757/620 1262/2957/620 1259/2757/620
f 2281/2897/621 1538/2575/621 1536/2578/621
f 2131/2818/622 1396/2830/622 1386/2818/622
f 1260/2402/623 2008/2756/623 1266/2389/623
f 1397/2487/624 2139/2824/624 1391/2485/624
f 1533/1958/625 2259/2888/625 1513/1971/625
f 2142/2819/626 1386/2818/626 1398/2955/626
f 1261/2411/627 2009/2759/627 1260/2402/627
f 2006/2750/628 1253/2749/628 1262/2957/628
f 1514/1976/629 2285/2958/629 1539/2586/629
f 2138/2823/630 1392/2825/630 1399/2953/630
f 1539/2586/631 2286/2900/631 1540/2587/631
f 1400/2483/632 2135/2821/632 1387/2481/632
f 2286/2900/633 1532/2588/633 1540/2587/633
f 2005/2762/634 1263/2753/634 1258/2762/634
f 2288/2924/635 1563/2641/635 1542/2635/635
f 1401/2479/636 2145/2827/636 1394/2477/636
f 1998/2800/397 1264/2751/397 1255/2800/397
f 2289/2925/637 1542/2635/637 1541/2618/637
f 2144/2820/638 1388/2822/638 1402/2820/638
f 1267/2400/639 2000/2752/639 1265/2429/639
f 1543/2959/640 2290/2901/640 1549/2622/640
f 2134/2826/641 1393/2828/641 1403/2826/641
f 1266/2389/642 1995/2761/642 1252/2390/642
f 1546/2638/643 2293/2904/643 1545/2632/643
f 1404/2475/644 2128/2815/644 1383/1901/644
f 1993/2758/352 1259/2757/352 1269/2758/352
f 1544/2714/645 2294/2960/645 1546/2638/645
f 2293/2904/646 1543/2959/646 1545/2632/646
f 2125/2961/407 1405/2466/407 1381/1922/407
f 1257/2384/647 2012/2763/647 1267/2400/647
f 2011/2751/357 1268/2764/357 1264/2751/357
f 1548/2631/640 2297/2908/640 1564/2611/640
f 2149/2814/407 1407/1944/407 1405/2466/407
f 1549/2622/640 2298/2906/640 1548/2631/640
f 2121/2836/648 1408/2962/648 1377/1938/648
f 1252/2390/649 2002/2755/649 1270/2385/649
f 1550/2716/650 2292/2902/650 1544/2714/650
f 1287/2775/363 2014/2777/363 1271/2777/363
f 1413/2516/651 2152/2840/651 1410/2509/651
f 2152/2840/415 1409/2510/415 1410/2509/415
f 1547/2639/652 2300/2910/652 1551/2642/652
f 2154/2839/653 1412/2522/653 1414/2521/653
f 2017/2768/654 1283/2426/654 1274/2422/654
f 2299/2929/655 1550/2716/655 1552/2715/655
f 2014/2777/370 1281/2770/370 1271/2777/370
f 1411/2515/656 2151/2837/656 1413/2516/656
f 2020/2771/657 1288/2388/657 1275/2387/657
f 2303/2912/658 1553/2650/658 1569/2649/658
f 2153/2841/659 1414/2521/659 1409/2510/659
f 2022/2772/660 1286/2781/660 1276/2772/660
f 2304/2914/661 1552/2715/661 1567/2713/661
f 1568/2644/662 2306/2915/662 1555/2646/662
f 2024/2766/663 1277/2773/663 1280/2766/663
f 2307/2913/664 1556/2711/664 1570/2709/664
f 2157/2844/1 1416/2842/1 1415/2844/1
f 2026/2774/665 1278/2404/665 1284/2380/665
f 1408/2962/666 2156/2843/666 1411/2515/666
f 1416/2842/667 2126/1915/667 1406/1915/667
f 2027/2776/668 1279/2413/668 1278/2404/668
f 1571/2645/669 2310/2951/669 1557/2643/669
f 1561/2704/670 2301/2911/670 1554/2707/670
f 2155/2838/671 1423/2504/671 1412/2522/671
f 2028/2765/672 1254/2420/672 1279/2413/672
f 1562/2648/673 2314/2931/673 1559/2647/673
f 2160/2845/674 1415/2844/674 1424/2845/674
f 2019/2770/395 1276/2772/395 1281/2770/395
f 1572/2701/675 2316/2920/675 1560/2703/675
f 2161/2857/676 1427/2497/676 1417/2499/676
f 1282/2767/367 2016/2769/367 1273/2769/367
f 2163/2848/677 1418/2847/677 1428/2848/677
f 2018/2782/678 1285/2395/678 1283/2426/678
f 1560/2703/679 2312/2922/679 1561/2704/679
f 1553/2650/680 2313/2921/680 1562/2648/680
f 2165/2850/681 1425/2493/681 1419/2495/681
f 2015/2779/682 1284/2380/682 1272/2379/682
f 2167/2849/683 1420/2851/683 1426/2849/683
f 2025/2773/184 1287/2775/184 1277/2773/184
f 2287/2907/684 1547/2639/684 1563/2641/684
f 1564/2611/685 2289/2925/685 1541/2618/685
f 2169/2963/686 1429/2501/686 1421/2503/686
f 2030/2780/687 1275/2387/687 1285/2395/687
f 2171/2854/688 1422/2853/688 1430/2854/688
f 2023/2781/177 1282/2767/177 1286/2781/177
f 2318/2964/689 1566/2657/689 1565/2654/689
f 1593/2640/690 2318/2964/690 1565/2654/690
f 2159/2855/691 1421/2503/691 1423/2504/691
f 2320/2928/692 1558/2673/692 1594/2674/692
f 2172/2853/693 1424/2845/693 1422/2853/693
f 2021/2778/694 1272/2379/694 1288/2388/694
f 2308/2930/695 1567/2713/695 1556/2711/695
f 2010/2749/170 1280/2766/170 1253/2749/170
f 1551/2642/696 2305/2916/696 1568/2644/696
f 2166/2856/697 1395/2491/697 1425/2493/697
f 2032/2794/698 1305/2792/698 1289/2794/698
f 2147/2830/699 1426/2849/699 1396/2830/699
f 2306/2915/700 1569/2649/700 1555/2646/700
f 1292/2415/701 2034/2783/701 1297/2409/701
f 2301/2911/702 1570/2709/702 1554/2707/702
f 2162/2846/703 1419/2495/703 1427/2497/703
f 1299/2787/704 2032/2794/704 1289/2794/704
f 2168/2851/705 1428/2848/705 1420/2851/705
f 1306/2377/706 2037/2788/706 1293/2375/706
f 1559/2647/707 2311/2918/707 1571/2645/707
f 2040/2798/708 1294/2796/708 1304/2798/708
f 2170/2852/709 1417/2499/709 1429/2501/709
f 2164/2847/710 1430/2854/710 1418/2847/710
f 2042/2791/711 1298/2784/711 1295/2965/711
f 1296/2399/712 2043/2790/712 1302/2383/712
f 1589/2668/713 2321/2933/713 1573/2672/713
f 2174/2864/714 1437/2539/714 1432/2518/714
f 2324/2932/715 1572/2701/715 1590/2702/715
f 2175/2865/562 1432/2518/562 1431/2520/562
f 1297/2409/716 2044/2793/716 1296/2399/716
f 2177/2966/717 1436/2532/717 1433/2534/717
f 2041/2784/718 1291/2244/718 1298/2784/718
f 2327/2936/719 1575/2678/719 1587/2677/719
f 1434/2546/720 2177/2966/720 1433/2534/720
f 2328/2948/721 1574/2700/721 1591/2698/721
f 1435/2549/722 2178/2859/722 1434/2546/722
f 1865/2112/495 2232/2884/495 1488/2080/495
f 2176/2858/717 1439/2533/717 1436/2532/717
f 1866/2092/723 2235/2883/723 1492/2107/723
f 1294/2796/724 2036/2787/724 1299/2787/724
f 2331/2939/725 1577/2671/725 1585/2670/725
f 1301/2424/726 2017/2768/726 1274/2422/726
f 2332/2940/727 1576/2694/727 1586/2692/727
f 1437/2539/728 2181/2867/728 1441/2540/728
f 1303/2396/729 2046/2786/729 1301/2424/729
f 1438/2530/717 2175/2865/717 1431/2520/717
f 1583/2665/730 2333/2945/730 1579/2666/730
f 1302/2383/731 2033/2795/731 1290/2381/731
f 2336/2943/732 1578/2690/732 1584/2688/732
f 1439/2533/717 2183/2866/717 1442/2529/717
f 2031/2792/256 1295/2965/256 1305/2792/256
f 1581/2660/689 2338/2967/689 1582/2682/689
f 1440/2551/733 2179/2860/733 1435/2549/733
f 1579/2666/734 2337/2944/734 1581/2660/734
f 1293/2375/735 2047/2797/735 1303/2396/735
f 2338/2967/736 1580/2686/736 1582/2682/736
f 2048/2785/260 1304/2798/260 1300/2785/260
f 1577/2671/737 2335/2942/737 1583/2665/737
f 2183/2866/717 1438/2530/717 1442/2529/717
f 1580/2686/738 2336/2943/738 1584/2688/738
f 1290/2381/739 2038/2789/739 1306/2377/739
f 2325/2947/740 1585/2670/740 1575/2678/740
f 1447/2542/741 2186/2870/741 1444/2543/741
f 2050/2281/264 1307/2806/264 1321/2281/264
f 2330/2938/742 1586/2692/742 1578/2690/742
f 2188/2873/743 1440/2551/743 1446/2550/743
f 1441/2540/744 2189/2872/744 1445/2968/744
f 2052/2264/293 1255/2800/293 1316/2264/293
f 1592/2676/745 2327/2936/745 1587/2677/745
f 2190/2869/746 1446/2550/746 1448/2552/746
f 2049/2806/270 1315/2801/270 1307/2806/270
f 1187/2255/747 1908/2727/747 1171/2286/747
f 2326/2935/748 1588/2696/748 1576/2694/748
f 2055/2802/749 1322/2251/749 1309/2269/749
f 1909/2232/578 1172/2248/578 1179/2233/578
f 1445/2968/750 2187/2871/750 1447/2542/750
f 2057/2803/751 1320/2263/751 1310/2803/751
f 1188/2247/752 1912/2719/752 1174/2312/752
f 1558/2673/753 2323/2934/753 1589/2668/753
f 2185/2876/754 1448/2552/754 1443/2969/754
f 1913/2289/755 1173/2256/755 1181/2290/755
f 2322/2950/756 1590/2702/756 1574/2700/756
f 2059/2245/757 1311/2282/757 1314/2245/757
f 1915/2725/758 1176/2260/758 1178/2970/758
f 2061/2804/759 1312/2393/759 1318/2285/759
f 2340/2937/760 1591/2698/760 1588/2696/760
f 2193/2874/761 1450/2273/761 1451/2544/761
f 1175/2243/578 1919/2237/578 1177/2238/578
f 1573/2672/762 2339/2949/762 1592/2676/762
f 2194/2875/763 1443/2969/763 1452/2556/763
f 2060/2805/764 1313/2406/764 1312/2393/764
f 1920/2722/765 1178/2970/765 1183/2278/765
f 2186/2870/766 1451/2544/766 1444/2543/766
f 1557/2643/767 2319/2927/767 1593/2640/767
f 2191/2287/768 1452/2556/768 1449/2288/768
f 2062/2799/769 1292/2415/769 1313/2406/769
f 1185/2275/770 1923/2218/770 1196/2220/770
f 2317/2926/771 1594/2674/771 1566/2657/771
f 2053/2801/290 1310/2803/290 1315/2801/290
f 1912/2719/772 1180/2279/772 1174/2312/772
f 1273/2769/247 2048/2785/247 1300/2785/247
f 1599/2303/773 428/2292/773 429/2303/773
f 1608/2304/774 429/2303/774 438/2304/774
f 1600/2305/775 438/2304/775 430/2305/775
f 431/2306/75 1600/2305/75 430/2305/75
f 1602/2307/776 431/2306/776 432/2307/776
f 433/2308/777 1602/2307/777 432/2307/777
f 1604/2309/778 433/2308/778 434/2309/778
f 1605/2310/779 434/2309/779 435/2310/779
f 1606/2311/780 435/2310/780 436/2311/780
f 1607/2313/75 436/2311/75 437/2313/75
f 1621/2315/781 437/2313/781 451/2315/781
f 1622/2316/75 451/2315/75 452/2316/75
f 1636/2327/782 452/2316/782 466/2327/782
f 1623/2328/782 466/2327/782 453/2328/782
f 1633/515/783 453/2328/783 463/515/783
f 1635/514/75 463/515/75 465/514/75
f 1624/2326/784 465/514/784 454/2326/784
f 1637/2332/785 454/2326/785 467/2332/785
f 1638/2331/786 467/2332/786 468/2331/786
f 1639/2330/787 468/2331/787 469/2330/787
f 470/2329/788 1639/2330/788 469/2330/788
f 1632/2325/789 470/2329/789 462/2325/789
f 1641/2335/790 462/2325/790 471/2335/790
f 1643/2336/791 471/2335/791 473/2336/791
f 1642/2360/792 473/2336/792 472/2360/792
f 1644/2359/793 472/2360/793 474/2359/793
f 1673/2363/794 474/2359/794 503/2363/794
f 1667/2361/794 503/2363/794 497/2361/794
f 1668/2364/795 497/2361/795 498/2364/795
f 1669/2365/796 498/2364/796 499/2365/796
f 1670/2357/797 499/2365/797 500/2357/797
f 1675/2366/798 500/2357/798 505/2366/798
f 1671/2367/799 505/2366/799 501/2367/799
f 1676/2368/800 501/2367/800 506/2368/800
f 1677/2373/801 506/2368/801 507/2373/801
f 1678/2372/802 507/2373/802 508/2372/802
f 1679/2371/803 508/2372/803 509/2371/803
f 1680/2370/804 509/2371/804 510/2370/804
f 1688/2971/805 510/2370/805 518/2971/805
f 1685/2401/806 518/2971/806 515/2401/806
f 516/2410/807 1685/2401/807 515/2401/807
f 1682/2419/808 516/2410/808 512/2419/808
f 1695/2412/809 512/2419/809 525/2412/809
f 1694/2403/810 525/2412/810 524/2403/810
f 1697/2378/811 524/2403/811 527/2378/811
f 521/2416/812 1697/2378/812 527/2378/812
f 1699/2386/813 521/2416/813 529/2386/813
f 1693/2394/814 529/2386/814 523/2394/814
f 1698/2425/815 523/2394/815 528/2425/815
f 526/2431/816 1698/2425/816 528/2425/816
f 1692/2445/817 526/2431/817 522/2445/817
f 1731/2446/818 522/2445/818 561/2446/818
f 1730/2447/819 561/2446/819 560/2447/819
f 1729/2448/820 560/2447/820 559/2448/820
f 1728/2449/821 559/2448/821 558/2449/821
f 557/2451/822 1728/2449/822 558/2449/822
f 1726/2450/823 557/2451/823 556/2450/823
f 1725/2452/824 556/2450/824 555/2452/824
f 1724/2453/825 555/2452/825 554/2453/825
f 1723/2454/826 554/2453/826 553/2454/826
f 1722/2444/827 553/2454/827 552/2444/827
f 1732/2455/828 552/2444/828 562/2455/828
f 1733/2456/829 562/2455/829 563/2456/829
f 1734/2457/830 563/2456/830 564/2457/830
f 1735/2458/831 564/2457/831 565/2458/831
f 1736/2459/832 565/2458/832 566/2459/832
f 1737/2460/833 566/2459/833 567/2460/833
f 1738/2461/834 567/2460/834 568/2461/834
f 1739/2462/835 568/2461/835 569/2462/835
f 1740/2463/836 569/2462/836 570/2463/836
f 1741/2464/75 570/2463/75 571/2464/75
f 1742/2465/75 571/2464/75 572/2465/75
f 1747/2467/837 572/2465/837 577/2467/837
f 576/2471/838 1747/2467/838 577/2467/838
f 1745/2469/75 576/2471/75 575/2469/75
f 1744/2470/839 575/2469/839 574/2470/839
f 1743/2468/840 574/2470/840 573/2468/840
f 1766/2472/841 573/2468/841 596/2472/841
f 1765/2473/75 596/2472/75 595/2473/75
f 1764/2474/842 595/2473/842 594/2474/842
f 1763/2476/843 594/2474/843 593/2476/843
f 1762/2478/844 593/2476/844 592/2478/844
f 1761/2480/845 592/2478/845 591/2480/845
f 1760/2482/846 591/2480/846 590/2482/846
f 1759/2484/847 590/2482/847 589/2484/847
f 588/2486/848 1759/2484/848 589/2484/848
f 1757/2488/849 588/2486/849 587/2488/849
f 1749/2490/850 587/2488/850 579/2490/850
f 1748/2492/851 579/2490/851 578/2492/851
f 1750/2494/852 578/2492/852 580/2494/852
f 1751/2496/853 580/2494/853 581/2496/853
f 1752/2498/854 581/2496/854 582/2498/854
f 1753/2972/855 582/2498/855 583/2972/855
f 1754/2500/856 583/2972/856 584/2500/856
f 1755/2502/857 584/2500/857 585/2502/857
f 1756/2525/858 585/2502/858 586/2525/858
f 1782/2524/859 586/2525/859 612/2524/859
f 1767/2523/859 612/2524/859 597/2523/859
f 1783/2528/860 597/2523/860 613/2528/860
f 614/2538/153 1783/2528/153 613/2528/153
f 1786/2531/861 614/2538/861 616/2531/861
f 1785/2973/153 616/2531/153 615/2973/153
f 1787/2537/862 615/2973/862 617/2537/862
f 1789/2535/863 617/2537/863 619/2535/863
f 1788/2536/864 619/2535/864 618/2536/864
f 1793/2547/865 618/2536/865 623/2547/865
f 1794/2545/866 623/2547/866 624/2545/866
f 1795/2974/867 624/2545/867 625/2974/867
f 1796/2548/868 625/2974/868 626/2548/868
f 1797/2557/869 626/2548/869 627/2557/869
f 1798/2555/870 627/2557/870 628/2555/870
f 1799/2554/871 628/2555/871 629/2554/871
f 1800/2553/872 629/2554/872 630/2553/872
f 1801/2564/873 630/2553/873 631/2564/873
f 1810/2565/874 631/2564/874 640/2565/874
f 1811/2566/875 640/2565/875 641/2566/875
f 1812/2569/876 641/2566/876 642/2569/876
f 1813/2567/877 642/2569/877 643/2567/877
f 1814/2568/878 643/2567/878 644/2568/878
f 1815/2570/879 644/2568/879 645/2570/879
f 647/2571/880 1815/2570/880 645/2570/880
f 1816/2975/881 647/2571/881 646/2975/881
f 1818/2572/882 646/2975/882 648/2572/882
f 1820/2574/883 648/2572/883 650/2574/883
f 1823/2582/884 650/2574/884 653/2582/884
f 1842/2605/885 653/2582/885 672/2605/885
f 1844/2604/886 672/2605/886 674/2604/886
f 1843/2976/887 674/2604/887 673/2976/887
f 675/2606/888 1843/2976/888 673/2976/888
f 1846/2607/889 675/2606/889 676/2607/889
f 1847/2610/890 676/2607/890 677/2610/890
f 1848/2609/891 677/2610/891 678/2609/891
f 1849/2608/892 678/2609/892 679/2608/892
f 1859/2626/893 679/2608/893 689/2626/893
f 1860/2621/893 689/2626/893 690/2621/893
f 1857/2619/893 690/2621/893 687/2619/893
f 1858/2633/894 687/2619/894 688/2633/894
f 1872/2637/895 688/2633/895 702/2637/895
f 1906/2717/896 702/2637/896 736/2717/896
f 1904/2712/896 736/2717/896 734/2712/896
f 1905/2710/897 734/2712/897 735/2710/897
f 1902/2708/898 735/2710/898 732/2708/898
f 1903/2706/899 732/2708/899 733/2706/899
f 1900/2977/900 733/2706/900 730/2977/900
f 1901/2705/901 730/2977/901 731/2705/901
f 1899/2699/902 731/2705/902 729/2699/902
f 1898/2697/903 729/2699/903 728/2697/903
f 1897/2695/904 728/2697/904 727/2695/904
f 1896/2693/905 727/2695/905 726/2693/905
f 1895/2691/906 726/2693/906 725/2691/906
f 724/2689/907 1895/2691/907 725/2691/907
f 1893/2687/908 724/2689/908 723/2687/908
f 1892/2685/909 723/2687/909 722/2685/909
f 1891/2684/910 722/2685/910 721/2684/910
f 720/2683/911 1891/2684/911 721/2684/911
f 1889/2681/912 720/2683/912 719/2681/912
f 1883/2661/913 719/2681/913 713/2661/913
f 1882/2659/914 713/2661/914 712/2659/914
f 1881/2680/915 712/2659/915 711/2680/915
f 1888/2679/916 711/2680/916 718/2679/916
f 1880/2663/916 718/2679/916 710/2663/916
f 1879/2662/917 710/2663/917 709/2662/917
f 708/2658/918 1879/2662/918 709/2662/918
f 1873/2655/919 708/2658/919 703/2655/919
f 1877/2653/920 703/2655/920 707/2653/920
f 1876/2656/921 707/2653/921 706/2656/921
f 1875/2652/1 706/2656/1 705/2652/1
f 1874/2651/922 705/2652/922 704/2651/922
f 1871/2636/923 704/2651/923 701/2636/923
f 1850/2634/924 701/2636/924 680/2634/924
f 681/2617/925 1850/2634/925 680/2634/925
f 1852/2616/926 681/2617/926 682/2616/926
f 1841/2603/927 682/2616/927 671/2603/927
f 1839/2978/928 671/2603/928 669/2978/928
f 1867/2627/929 669/2978/929 697/2627/929
f 1840/2601/929 697/2627/929 670/2601/929
f 1837/2602/930 670/2601/930 667/2602/930
f 668/2598/931 1837/2602/931 667/2602/931
f 1836/2599/932 668/2598/932 666/2599/932
f 1835/2595/933 666/2599/933 665/2595/933
f 664/2594/934 1835/2595/934 665/2595/934
f 1833/2593/935 664/2594/935 663/2593/935
f 1832/2592/936 663/2593/936 662/2592/936
f 1831/2591/937 662/2592/937 661/2591/937
f 1830/2590/938 661/2591/938 660/2590/938
f 1829/2589/939 660/2590/939 659/2589/939
f 1828/2584/940 659/2589/940 658/2584/940
f 1827/2583/941 658/2584/941 657/2583/941
f 1826/2585/942 657/2583/942 656/2585/942
f 1825/2581/943 656/2585/943 655/2581/943
f 1824/2580/944 655/2581/944 654/2580/944
f 1809/2563/945 654/2580/945 639/2563/945
f 1807/2979/946 639/2563/946 637/2979/946
f 1808/2561/947 637/2979/947 638/2561/947
f 1806/2562/948 638/2561/948 636/2562/948
f 1805/2560/949 636/2562/949 635/2560/949
f 1804/2559/950 635/2560/950 634/2559/950
f 1780/2980/1 634/2559/1 610/2980/1
f 1781/2517/1 610/2980/1 611/2517/1
f 1791/2526/1 611/2517/1 621/2526/1
f 1779/2981/1 621/2526/1 609/2981/1
f 1778/2519/1 609/2981/1 608/2519/1
f 1774/2508/951 608/2519/951 604/2508/951
f 1775/2982/1 604/2508/1 605/2982/1
f 1777/2513/1 605/2982/1 607/2513/1
f 1772/2983/1 607/2513/1 602/2983/1
f 1773/2511/1 602/2983/1 603/2511/1
f 1771/2512/1 603/2511/1 601/2512/1
f 1768/2506/952 601/2512/952 598/2506/952
f 1770/2505/953 598/2506/953 600/2505/953
f 1721/2443/953 600/2505/953 551/2443/953
f 1720/2442/954 551/2443/954 550/2442/954
f 549/2441/955 1720/2442/955 550/2442/955
f 1718/2440/1 549/2441/1 548/2440/1
f 1717/2439/1 548/2440/1 547/2439/1
f 1703/2398/1 547/2439/1 533/2398/1
f 534/2408/1 1703/2398/1 533/2398/1
f 1701/2414/1 534/2408/1 531/2414/1
f 1712/2405/1 531/2414/1 542/2405/1
f 1711/2392/1 542/2405/1 541/2392/1
f 1690/2436/956 541/2392/956 520/2436/956
f 1684/2437/1 520/2436/1 514/2437/1
f 1681/2438/957 514/2437/957 511/2438/957
f 1666/2374/957 511/2438/957 496/2374/957
f 1665/2355/1 496/2374/1 495/2355/1
f 1664/2354/958 495/2355/958 494/2354/958
f 1663/2984/959 494/2354/959 493/2984/959
f 1662/2356/153 493/2984/153 492/2356/153
f 1661/2353/960 492/2356/960 491/2353/960
f 1660/2352/1 491/2353/1 490/2352/1
f 1659/2351/1 490/2352/1 489/2351/1
f 1656/2350/961 489/2351/961 486/2350/961
f 1655/2349/962 486/2350/962 485/2349/962
f 1654/2348/963 485/2349/963 484/2348/963
f 1658/2347/964 484/2348/964 488/2347/964
f 1657/2346/965 488/2347/965 487/2346/965
f 1653/2345/966 487/2346/966 483/2345/966
f 1651/2344/1 483/2345/1 481/2344/1
f 1652/2343/967 481/2344/967 482/2343/967
f 1630/2334/968 482/2343/968 460/2334/968
f 1649/2333/1 460/2334/1 479/2333/1
f 1646/2340/1 479/2333/1 476/2340/1
f 1645/2337/1 476/2340/1 475/2337/1
f 1629/2338/1 475/2337/1 459/2338/1
f 461/2324/969 1629/2338/969 459/2338/969
f 1628/2323/970 461/2324/970 458/2323/970
f 1627/2321/1 458/2323/1 457/2321/1
f 450/2322/1 1627/2321/1 457/2321/1
f 1619/2317/971 450/2322/971 449/2317/971
f 1618/2319/1 449/2317/1 448/2319/1
f 1617/2320/972 448/2319/972 447/2320/972
f 1616/2302/1 447/2320/1 446/2302/1
f 1615/2301/973 446/2302/973 445/2301/973
f 1614/2300/974 445/2301/974 444/2300/974
f 1613/2299/1 444/2300/1 443/2299/1
f 1612/2298/975 443/2299/975 442/2298/975
f 1610/2297/1 442/2298/1 440/2297/1
f 1611/2296/976 440/2297/976 441/2296/976
f 1596/2295/977 441/2296/977 426/2295/977
f 1595/2294/1 426/2295/1 425/2294/1
f 1609/2293/978 425/2294/978 439/2293/978
f 1597/2291/979 439/2293/979 427/2291/979
f 1598/2292/980 427/2291/980 428/2292/980
f 220/2985/581 1384/2816/581 214/2986/581
f 214/2986/581 1403/2826/581 233/2987/581
f 233/2987/581 1393/2828/581 223/2988/581
f 223/2988/581 1402/2820/581 232/2989/581
f 232/2989/581 1388/2822/581 218/2990/581
f 218/2990/581 1399/2953/581 229/2991/581
f 229/2991/581 1392/2825/581 222/2992/581
f 222/2992/581 1398/2955/581 228/2993/581
f 228/2993/581 1386/2818/581 216/2994/581
f 216/2994/581 1396/2830/581 226/2995/581
f 1396/2830/581 256/2996/581 226/2995/581
f 1426/2849/581 250/2997/581 256/2996/581
f 1420/2851/581 258/2998/581 250/2997/581
f 1428/2848/581 248/2999/581 258/2998/581
f 1418/2847/581 260/3000/581 248/2999/581
f 1430/2854/581 252/3001/581 260/3000/581
f 1422/2853/581 254/3002/581 252/3001/581
f 1424/2845/581 245/3003/581 254/3002/581
f 1415/2844/581 246/3004/581 245/3003/581
f 1416/2842/581 236/3005/581 246/3004/581
f 1406/1915/581 212/3006/581 236/3005/581
f 212/3006/581 1390/1894/581 220/2985/581
f 1336/2180/581 158/3007/581 166/3008/581
f 1330/2179/581 166/3008/581 160/3009/581
f 1349/2110/581 160/3009/581 179/3010/581
f 1339/2109/581 179/3010/581 169/3011/581
f 1348/2114/581 169/3011/581 178/3012/581
f 1334/2113/581 178/3012/581 164/3013/581
f 1345/2132/581 164/3013/581 175/3014/581
f 1338/2130/581 175/3014/581 168/3015/581
f 1344/2142/581 168/3015/581 174/3016/581
f 1332/2140/581 174/3016/581 162/3017/581
f 1342/1980/581 162/3017/581 172/3018/581
f 202/3019/581 1342/1980/581 172/3018/581
f 196/3020/581 1372/1979/581 202/3019/581
f 204/3021/581 1366/1963/581 196/3020/581
f 194/3022/581 1374/1962/581 204/3021/581
f 206/3023/581 1364/1948/581 194/3022/581
f 198/3024/581 1376/1947/581 206/3023/581
f 200/3025/581 1368/1992/581 198/3024/581
f 191/3026/581 1370/1991/581 200/3025/581
f 192/3027/581 1361/2038/581 191/3026/581
f 182/3028/581 1362/2052/581 192/3027/581
f 1328/2199/581 182/3028/581 158/3007/581
f 92/3029/581 1253/2749/581 83/3030/581
f 89/3031/581 1262/2957/581 92/3029/581
f 99/3032/581 1259/2757/581 89/3031/581
f 1251/2760/581 99/3032/581 81/3033/581
f 1263/2753/581 81/3033/581 93/3034/581
f 1258/2762/581 93/3034/581 88/3035/581
f 1268/2764/581 88/3035/581 98/3036/581
f 1264/2751/581 98/3036/581 94/3037/581
f 1255/2800/581 94/3037/581 85/3038/581
f 146/3039/581 1255/2800/581 85/3038/581
f 150/3040/581 1316/2264/581 146/3039/581
f 140/3041/581 1320/2263/581 150/3040/581
f 145/3042/581 1310/2803/581 140/3041/581
f 137/3043/581 1315/2801/581 145/3042/581
f 151/3044/581 1307/2806/581 137/3043/581
f 1311/2282/581 151/3044/581 141/3045/581
f 1314/2245/581 141/3045/581 144/3046/581
f 1291/2244/581 144/3046/581 121/3047/581
f 128/3048/581 1291/2244/581 121/3047/581
f 125/3049/581 1298/2784/581 128/3048/581
f 135/3050/581 1295/2965/581 125/3049/581
f 1289/2794/581 135/3050/581 119/3051/581
f 1299/2787/581 119/3051/581 129/3052/581
f 1294/2796/581 129/3052/581 124/3053/581
f 1304/2798/581 124/3053/581 134/3054/581
f 1300/2785/581 134/3054/581 130/3055/581
f 1273/2769/581 130/3055/581 103/3056/581
f 112/3057/581 1273/2769/581 103/3056/581
f 116/3058/581 1282/2767/581 112/3057/581
f 106/3059/581 1286/2781/581 116/3058/581
f 111/3060/581 1276/2772/581 106/3059/581
f 101/3061/581 1281/2770/581 111/3060/581
f 117/3062/581 1271/2777/581 101/3061/581
f 1277/2773/581 117/3062/581 107/3063/581
f 1280/2766/581 107/3063/581 110/3064/581
f 1253/2749/581 110/3064/581 83/3030/581
f 260/3065/329 2357/1697/329 248/3066/329
f 258/3067/324 2359/1709/324 250/3068/324
f 256/3069/318 2352/1559/318 226/3070/318
f 254/3071/311 2361/1719/311 252/3072/311
f 252/3072/305 2362/1721/305 260/3065/305
f 250/3068/300 2360/1711/300 256/3069/300
f 248/3066/981 2358/1699/981 258/3067/981
f 245/3073/289 2356/1686/289 254/3071/289
f 236/3074/282 2354/1663/282 246/3075/282
f 246/3075/75 2355/1665/75 245/3073/75
f 223/3076/252 2344/1496/252 233/3077/252
f 218/3078/249 2350/1531/249 232/3079/249
f 222/3080/240 2346/1505/240 229/3081/240
f 216/3082/236 2348/1524/236 228/3083/236
f 226/3070/232 2353/1561/232 216/3082/232
f 232/3079/221 2351/1533/221 223/3076/221
f 228/3083/218 2349/1526/218 222/3080/218
f 214/3084/213 2343/1/213 220/3085/213
f 229/3081/208 2347/1507/208 218/3078/208
f 233/3077/204 2345/1498/204 214/3084/204
f 212/3086/9 2342/25/9 236/3074/9
f 220/3085/1 2341/3/1 212/3086/1
f 182/3087/153 2383/348/153 158/3088/153
f 158/3088/1 2382/320/1 166/3089/1
f 160/3090/144 2380/243/144 179/3091/144
f 164/3092/139 2378/332/139 175/3093/139
f 166/3089/135 2381/322/135 160/3090/135
f 168/3094/129 2376/311/129 174/3095/129
f 169/3096/125 2374/248/125 178/3097/125
f 162/3098/118 2372/95/118 172/3099/118
f 174/3095/113 2373/277/113 162/3098/113
f 175/3093/109 2377/266/109 168/3094/109
f 178/3097/102 2379/250/102 164/3092/102
f 179/3091/100 2375/245/100 169/3096/100
f 191/3100/75 2370/174/75 192/3101/75
f 192/3101/70 2384/176/70 182/3087/70
f 200/3102/63 2371/161/63 191/3100/63
f 204/3103/60 2367/61/60 194/3104/60
f 202/3105/53 2365/77/53 196/3106/53
f 206/3107/47 2363/126/47 198/3108/47
f 198/3108/41 2369/109/41 200/3102/41
f 172/3099/36 2366/97/36 202/3105/36
f 196/3106/30 2368/79/30 204/3103/30
f 194/3104/24 2364/63/24 206/3107/24
f 130/3109/397 2408/1694/397 103/3110/397
f 140/3111/395 2419/1852/395 145/3112/395
f 144/3113/381 2389/440/381 2386/400/381
f 150/3114/375 2420/1861/375 140/3111/375
f 145/3112/370 2418/1840/370 137/3115/370
f 85/3116/367 2388/420/367 146/3117/367
f 151/3118/363 2418/1840/363 2390/438/363
f 134/3119/357 2417/1831/357 130/3109/357
f 135/3120/352 2416/1762/352 2410/1738/352
f 129/3121/343 2413/1795/343 124/3122/343
f 128/3123/337 2385/402/337 2415/1760/337
f 128/3123/330 2416/1762/330 125/3124/330
f 124/3122/327 2414/1755/327 134/3119/327
f 119/3125/323 2412/1748/323 129/3121/323
f 135/3120/317 2411/1740/317 119/3125/317
f 110/3126/314 2398/1569/314 83/3127/314
f 112/3128/306 2404/1649/306 116/3129/306
f 117/3130/301 2406/1657/301 107/3131/301
f 112/3128/293 2408/1694/293 2409/1696/293
f 106/3132/290 2403/1638/290 111/3133/290
f 107/3131/278 2407/1659/278 110/3126/278
f 116/3129/275 2405/1651/275 106/3132/275
f 111/3133/270 2401/1619/270 101/3134/270
f 101/3134/264 2402/1621/264 117/3130/264
f 98/3135/260 2399/1583/260 94/3136/260
f 89/3137/256 2391/1513/256 99/3138/256
f 94/3136/247 2400/1585/247 85/3116/247
f 93/3139/244 2394/1547/244 88/3140/244
f 83/3127/238 2396/1555/238 92/3141/238
f 92/3141/230 2397/1557/230 89/3137/230
f 88/3140/227 2395/1549/227 98/3135/227
f 81/3142/222 2393/1535/222 93/3139/222
f 99/3138/214 2392/1515/214 81/3142/214
f 151/3118/184 2389/440/184 141/3143/184
f 146/3117/177 2387/422/177 150/3114/177
f 144/3113/170 2385/402/170 121/3144/170
f 2354/3145/190 2341/3146/190 2342/3147/190
f 2355/3148/190 2343/3149/190 2354/3145/190
f 2355/3148/190 2344/3150/190 2345/3151/190
f 2361/3152/190 2344/3150/190 2356/3153/190
f 2362/3154/190 2351/3155/190 2361/3152/190
f 2357/3156/190 2350/3157/190 2362/3154/190
f 2358/3158/190 2347/3159/190 2357/3156/190
f 2359/3160/190 2346/3161/190 2358/3158/190
f 2352/3162/190 2359/3160/190 2360/3163/190
f 2353/3164/190 2349/3165/190 2352/3162/190
f 212/3006/581 246/3004/581 236/3005/581
f 220/2985/581 245/3003/581 246/3004/581
f 233/2987/581 245/3003/581 214/2986/581
f 233/2987/581 252/3001/581 254/3002/581
f 223/2988/581 260/3000/581 252/3001/581
f 232/2989/581 248/2999/581 260/3000/581
f 218/2990/581 258/2998/581 248/2999/581
f 229/2991/581 250/2997/581 258/2998/581
f 250/2997/581 226/2995/581 256/2996/581
f 222/2992/581 216/2994/581 226/2995/581
f 2421/3166/581 128/3048/581 121/3047/581
f 2422/3167/581 125/3049/581 128/3048/581
f 2423/3168/581 135/3050/581 125/3049/581
f 2424/3169/581 119/3051/581 135/3050/581
f 2425/3170/581 129/3052/581 119/3051/581
f 2426/3171/581 124/3053/581 129/3052/581
f 2427/3172/581 134/3054/581 124/3053/581
f 116/3058/581 2427/3172/581 106/3059/581
f 106/3059/581 2426/3171/581 111/3060/581
f 111/3060/581 2425/3170/581 101/3061/581
f 101/3061/581 2424/3169/581 117/3062/581
f 117/3062/581 2423/3168/581 107/3063/581
f 107/3063/581 2422/3167/581 110/3064/581
f 110/3064/581 2421/3166/581 83/3030/581
f 2425/3170/190 2422/3167/190 2421/3166/190
f 112/3057/581 2428/3173/581 116/3058/581
f 2421/3166/581 92/3029/581 83/3030/581
f 2430/3174/581 89/3031/581 92/3029/581
f 2431/3175/581 99/3032/581 89/3031/581
f 2432/3176/581 81/3033/581 99/3032/581
f 2433/3177/581 145/3042/581 2434/3178/581
f 2434/3178/581 140/3041/581 2435/3179/581
f 2435/3179/581 150/3040/581 2436/3180/581
f 98/3036/581 2435/3179/581 2436/3180/581
f 88/3035/581 2434/3178/581 2435/3179/581
f 93/3034/581 2433/3177/581 2434/3178/581
f 137/3043/581 2432/3176/581 151/3044/581
f 151/3044/581 2431/3175/581 141/3045/581
f 141/3045/581 2430/3174/581 144/3046/581
f 144/3046/581 2421/3166/581 121/3047/581
f 2436/3180/581 146/3039/581 85/3038/581
f 94/3037/581 2436/3180/581 85/3038/581
f 2437/3181/190 2386/3182/190 2385/3183/190
f 2437/3181/190 2407/3184/190 2398/3185/190
f 2438/3186/190 2406/3187/190 2407/3184/190
f 2439/3188/190 2402/3189/190 2406/3187/190
f 2440/3190/190 2401/3191/190 2402/3189/190
f 2441/3192/190 2403/3193/190 2401/3191/190
f 2442/3194/190 2405/3195/190 2403/3193/190
f 2443/3196/190 2404/3197/190 2405/3195/190
f 2429/3198/190 2397/3199/190 2445/3200/190
f 2445/3200/190 2390/3201/190 2389/3202/190
f 2446/3203/190 2392/3204/190 2447/3205/190
f 2447/3205/190 2393/3206/190 2448/3207/190
f 2448/3207/190 2394/3208/190 2449/3209/190
f 2449/3209/190 2395/3210/190 2450/3211/190
f 2387/3212/190 2449/3209/190 2450/3211/190
f 2420/3213/190 2448/3207/190 2449/3209/190
f 2419/3214/190 2447/3205/190 2448/3207/190
f 2418/3215/190 2446/3203/190 2447/3205/190
f 2391/3216/190 2445/3200/190 2397/3199/190
f 2389/3202/190 2429/3198/190 2445/3200/190
f 2414/3217/190 2443/3196/190 2413/3218/190
f 2413/3218/190 2442/3194/190 2412/3219/190
f 2412/3219/190 2441/3192/190 2411/3220/190
f 2411/3220/190 2440/3190/190 2410/3221/190
f 2410/3221/190 2439/3188/190 2416/3222/190
f 2416/3222/190 2438/3186/190 2415/3223/190
f 2415/3223/190 2437/3181/190 2385/3183/190
f 2396/3224/190 2437/3181/190 2398/3185/190
f 2388/3225/190 2450/3211/190 2400/3226/190
f 2399/3227/190 2450/3211/190 2395/3210/190
f 2409/3228/190 2444/3229/190 2408/3230/190
f 2417/3231/190 2444/3229/190 2414/3217/190
f 192/3027/581 158/3007/581 182/3028/581
f 166/3008/581 191/3026/581 160/3009/581
f 179/3010/581 191/3026/581 200/3025/581
f 179/3010/581 198/3024/581 169/3011/581
f 169/3011/581 206/3023/581 178/3012/581
f 178/3012/581 194/3022/581 164/3013/581
f 164/3013/581 204/3021/581 175/3014/581
f 175/3014/581 196/3020/581 168/3015/581
f 174/3016/581 196/3020/581 202/3019/581
f 162/3017/581 202/3019/581 172/3018/581
f 2383/3232/190 2370/3233/190 2384/3234/190
f 2382/3235/190 2371/3236/190 2370/3233/190
f 2380/3237/190 2371/3236/190 2381/3238/190
f 2380/3237/190 2363/3239/190 2369/3240/190
f 2375/3241/190 2364/3242/190 2363/3239/190
f 2374/3243/190 2367/3244/190 2364/3242/190
f 2379/3245/190 2368/3246/190 2367/3244/190
f 2378/3247/190 2365/3248/190 2368/3246/190
f 2376/3249/190 2365/3248/190 2377/3250/190
f 2373/3251/190 2366/3252/190 2376/3249/190
f 2463/3253/982 2496/3254/982 2462/3255/982
f 2464/3256/983 2482/3257/983 2506/3258/983
f 2458/3259/984 2484/3260/984 2454/3261/984
f 2463/3253/985 2481/3262/985 2501/3263/985
f 2461/3264/986 2496/3254/986 2491/3265/986
f 2457/3266/987 2486/3267/987 2456/3268/987
f 2461/3264/988 2482/3257/988 2452/3269/988
f 2456/3268/987 2490/3270/987 2460/3271/987
f 2455/3272/989 2488/3273/989 2458/3259/989
f 2465/3274/990 2481/3262/990 2451/3275/990
f 2465/3274/991 2490/3270/991 2507/3276/991
f 2459/3277/983 2506/3258/983 2489/3278/983
f 2455/3272/983 2489/3278/983 2485/3279/983
f 2457/3266/992 2483/3280/992 2487/3281/992
f 2459/3282/190 2471/3283/190 2464/3284/190
f 2452/3285/190 2471/3283/190 2466/3286/190
f 2455/3287/190 2470/3288/190 2459/3282/190
f 2454/3289/190 2469/3290/190 2458/3291/190
f 2458/3291/190 2468/3292/190 2455/3287/190
f 2452/3285/190 2473/3293/190 2461/3294/190
f 2451/3295/190 2475/3296/190 2472/3297/190
f 2462/3298/190 2473/3293/190 2474/3299/190
f 2462/3298/190 2475/3296/190 2463/3300/190
f 2456/3301/190 2477/3302/190 2457/3303/190
f 2460/3304/190 2476/3305/190 2456/3301/190
f 2451/3295/190 2479/3306/190 2465/3307/190
f 2460/3304/190 2479/3306/190 2478/3308/190
f 2453/3309/190 2477/3302/190 2480/3310/190
f 2492/3311/190 2488/3312/190 2494/3313/190
f 2495/3314/190 2485/3315/190 2489/3316/190
f 2494/3313/190 2485/3315/190 2493/3317/190
f 2508/3318/190 2489/3316/190 2506/3319/190
f 2500/3320/190 2508/3318/190 2509/3321/190
f 2499/3322/190 2493/3317/190 2498/3323/190
f 2500/3320/190 2493/3317/190 2495/3314/190
f 2497/3324/190 2494/3313/190 2499/3322/190
f 2502/3325/190 2499/3322/190 2504/3326/190
f 2505/3327/190 2498/3323/190 2500/3320/190
f 2504/3326/190 2498/3323/190 2503/3328/190
f 2510/3329/190 2500/3320/190 2509/3321/190
f 2490/3330/190 2510/3329/190 2507/3331/190
f 2487/3332/190 2503/3328/190 2486/3333/190
f 2486/3333/190 2505/3327/190 2490/3330/190
f 2487/3332/190 2502/3325/190 2504/3326/190
f 2507/3331/190 2501/3334/190 2481/3335/190
f 2501/3334/190 2509/3321/190 2496/3336/190
f 2509/3321/190 2491/3337/190 2496/3336/190
f 2491/3337/190 2506/3319/190 2482/3338/190
f 2549/3339/993 2521/3340/993 2520/3341/993
f 2522/3342/983 2538/3343/983 2512/3344/983
f 2484/3260/994 2516/3345/994 2454/3261/994
f 2521/3340/995 2537/3346/995 2511/3347/995
f 2519/3348/996 2549/3339/996 2520/3341/996
f 2540/3349/987 2515/3350/987 2514/3351/987
f 2538/3343/997 2519/3348/997 2512/3344/997
f 2544/3352/987 2514/3351/987 2518/3353/987
f 2542/3354/998 2513/3355/998 2516/3345/998
f 2537/3346/999 2523/3356/999 2511/3347/999
f 2523/3356/1000 2544/3352/1000 2518/3353/1000
f 2517/3357/983 2557/3358/983 2522/3342/983
f 2513/3355/983 2543/3359/983 2517/3357/983
f 2515/3350/1001 2483/3280/1001 2453/3360/1001
f 2528/3361/190 2517/3362/190 2522/3363/190
f 2512/3364/190 2528/3361/190 2522/3363/190
f 2527/3365/190 2513/3366/190 2517/3362/190
f 2526/3367/190 2454/3289/190 2516/3368/190
f 2525/3369/190 2516/3368/190 2513/3366/190
f 2530/3370/190 2512/3364/190 2519/3371/190
f 2511/3372/190 2532/3373/190 2521/3374/190
f 2520/3375/190 2530/3370/190 2519/3371/190
f 2532/3373/190 2520/3375/190 2521/3374/190
f 2534/3376/190 2514/3377/190 2515/3378/190
f 2533/3379/190 2518/3380/190 2514/3377/190
f 2536/3381/190 2511/3372/190 2523/3382/190
f 2518/3380/190 2536/3381/190 2523/3382/190
f 2453/3309/190 2534/3376/190 2515/3378/190
f 2542/3383/190 2492/3311/190 2547/3384/190
f 2548/3385/190 2539/3386/190 2546/3387/190
f 2539/3386/190 2547/3384/190 2546/3387/190
f 2559/3388/190 2543/3389/190 2548/3385/190
f 2559/3388/190 2552/3390/190 2560/3391/190
f 2546/3387/190 2551/3392/190 2550/3393/190
f 2552/3390/190 2546/3387/190 2550/3393/190
f 2547/3384/190 2497/3324/190 2551/3392/190
f 2551/3392/190 2502/3325/190 2555/3394/190
f 2556/3395/190 2550/3393/190 2554/3396/190
f 2550/3393/190 2555/3394/190 2554/3396/190
f 2561/3397/190 2552/3390/190 2556/3395/190
f 2561/3397/190 2544/3398/190 2558/3399/190
f 2554/3396/190 2541/3400/190 2540/3401/190
f 2556/3395/190 2540/3401/190 2544/3398/190
f 2541/3400/190 2502/3325/190 2483/3402/190
f 2553/3403/190 2558/3399/190 2537/3404/190
f 2553/3403/190 2560/3391/190 2561/3397/190
f 2545/3405/190 2560/3391/190 2549/3406/190
f 2545/3405/190 2557/3407/190 2559/3388/190
f 2607/3408/1002 2574/3409/1002 2573/3410/1002
f 2575/3411/1003 2593/3412/1003 2563/3413/1003
f 2595/3414/1004 2569/3415/1004 2565/3416/1004
f 2574/3409/1005 2592/3417/1005 2562/3418/1005
f 2572/3419/1006 2607/3408/1006 2573/3410/1006
f 2597/3420/1007 2568/3421/1007 2567/3422/1007
f 2593/3412/1008 2572/3419/1008 2563/3413/1008
f 2601/3423/1007 2567/3422/1007 2571/3424/1007
f 2599/3425/1009 2566/3426/1009 2569/3415/1009
f 2592/3417/1010 2576/3427/1010 2562/3418/1010
f 2576/3427/1011 2601/3423/1011 2571/3424/1011
f 2570/3428/1003 2617/3429/1003 2575/3411/1003
f 2566/3426/1003 2600/3430/1003 2570/3428/1003
f 2568/3421/1012 2594/3431/1012 2564/3432/1012
f 2582/3433/581 2570/3428/581 2575/3411/581
f 2563/3413/581 2582/3433/581 2575/3411/581
f 2581/3434/581 2566/3426/581 2570/3428/581
f 2580/3435/581 2565/3416/581 2569/3415/581
f 2579/3436/581 2569/3415/581 2566/3426/581
f 2584/3437/581 2563/3413/581 2572/3419/581
f 2562/3418/581 2586/3438/581 2574/3409/581
f 2573/3410/581 2584/3437/581 2572/3419/581
f 2586/3438/581 2573/3410/581 2574/3409/581
f 2588/3439/581 2567/3422/581 2568/3421/581
f 2587/3440/581 2571/3424/581 2567/3422/581
f 2590/3441/581 2562/3418/581 2576/3427/581
f 2571/3424/581 2590/3441/581 2576/3427/581
f 2564/3432/581 2588/3439/581 2568/3421/581
f 2599/3425/581 2603/3442/581 2605/3443/581
f 2606/3444/581 2596/3445/581 2604/3446/581
f 2596/3445/581 2605/3443/581 2604/3446/581
f 2619/3447/581 2600/3430/581 2606/3444/581
f 2619/3447/581 2611/3448/581 2620/3449/581
f 2604/3446/581 2610/3450/581 2609/3451/581
f 2611/3448/581 2604/3446/581 2609/3451/581
f 2605/3443/581 2608/3452/581 2610/3450/581
f 2610/3450/581 2613/3453/581 2615/3454/581
f 2616/3455/581 2609/3451/581 2614/3456/581
f 2609/3451/581 2615/3454/581 2614/3456/581
f 2621/3457/581 2611/3448/581 2616/3455/581
f 2621/3457/581 2601/3423/581 2618/3458/581
f 2614/3456/581 2598/3459/581 2597/3420/581
f 2616/3455/581 2597/3420/581 2601/3423/581
f 2598/3459/581 2613/3453/581 2594/3431/581
f 2612/3460/581 2618/3458/581 2592/3417/581
f 2612/3460/581 2620/3449/581 2621/3457/581
f 2602/3461/581 2620/3449/581 2607/3408/581
f 2602/3461/581 2617/3429/581 2619/3447/581
f 2632/3462/1013 2660/3463/1013 2631/3464/1013
f 2633/3465/1003 2649/3466/1003 2668/3467/1003
f 2627/3468/1014 2595/3414/1014 2565/3416/1014
f 2632/3462/1015 2648/3469/1015 2664/3470/1015
f 2630/3471/1016 2660/3463/1016 2656/3472/1016
f 2626/3473/1007 2651/3474/1007 2625/3475/1007
f 2630/3471/1017 2649/3466/1017 2623/3476/1017
f 2625/3475/1007 2655/3477/1007 2629/3478/1007
f 2624/3479/1018 2653/3480/1018 2627/3468/1018
f 2634/3481/1019 2648/3469/1019 2622/3482/1019
f 2634/3481/1020 2655/3477/1020 2669/3483/1020
f 2628/3484/1003 2668/3467/1003 2654/3485/1003
f 2624/3479/1003 2654/3485/1003 2650/3486/1003
f 2626/3473/1021 2594/3431/1021 2652/3487/1021
f 2628/3484/581 2639/3488/581 2633/3465/581
f 2623/3476/581 2639/3488/581 2635/3489/581
f 2624/3479/581 2638/3490/581 2628/3484/581
f 2565/3416/581 2637/3491/581 2627/3468/581
f 2627/3468/581 2636/3492/581 2624/3479/581
f 2623/3476/581 2641/3493/581 2630/3471/581
f 2622/3482/581 2643/3494/581 2640/3495/581
f 2631/3464/581 2641/3493/581 2642/3496/581
f 2631/3464/581 2643/3494/581 2632/3462/581
f 2625/3475/581 2645/3497/581 2626/3473/581
f 2629/3478/581 2644/3498/581 2625/3475/581
f 2622/3482/581 2647/3499/581 2634/3481/581
f 2629/3478/581 2647/3499/581 2646/3500/581
f 2564/3432/581 2645/3497/581 2591/3501/581
f 2603/3442/581 2653/3480/581 2658/3502/581
f 2659/3503/581 2650/3486/581 2654/3485/581
f 2658/3502/581 2650/3486/581 2657/3504/581
f 2670/3505/581 2654/3485/581 2668/3467/581
f 2663/3506/581 2670/3505/581 2671/3507/581
f 2662/3508/581 2657/3504/581 2661/3509/581
f 2663/3506/581 2657/3504/581 2659/3503/581
f 2608/3452/581 2658/3502/581 2662/3508/581
f 2613/3453/581 2662/3508/581 2666/3510/581
f 2667/3511/581 2661/3509/581 2663/3506/581
f 2666/3510/581 2661/3509/581 2665/3512/581
f 2672/3513/581 2663/3506/581 2671/3507/581
f 2655/3477/581 2672/3513/581 2669/3483/581
f 2652/3487/581 2665/3512/581 2651/3474/581
f 2651/3474/581 2667/3511/581 2655/3477/581
f 2652/3487/581 2613/3453/581 2666/3510/581
f 2669/3483/581 2664/3470/581 2648/3469/581
f 2664/3470/581 2671/3507/581 2660/3463/581
f 2671/3507/581 2656/3472/581 2660/3463/581
f 2656/3472/581 2668/3467/581 2649/3466/581
f 2582/3433/75 2466/3514/75 2471/3433/75
f 2581/3434/75 2471/3433/75 2470/3434/75
f 2579/3436/75 2470/3434/75 2468/3436/75
f 2580/3435/1022 2468/3436/1022 2469/3435/1022
f 2578/3515/1022 2469/3435/1022 2467/3515/1022
f 2637/3491/1023 2467/3515/1023 2526/3491/1023
f 2525/3492/1023 2637/3491/1023 2526/3491/1023
f 2638/3490/75 2525/3492/75 2527/3490/75
f 2639/3488/75 2527/3490/75 2528/3488/75
f 2635/3489/75 2528/3488/75 2524/3489/75
f 2641/3493/1024 2524/3489/1024 2530/3493/1024
f 2642/3496/1025 2530/3493/1025 2531/3496/1025
f 2643/3494/1026 2531/3496/1026 2532/3494/1026
f 2640/3495/1027 2532/3494/1027 2529/3495/1027
f 2647/3499/1028 2529/3495/1028 2536/3499/1028
f 2646/3500/1029 2536/3499/1029 2535/3500/1029
f 2644/3498/1030 2535/3500/1030 2533/3498/1030
f 2645/3497/1 2533/3498/1 2534/3497/1
f 2591/3501/1031 2534/3497/1031 2480/3501/1031
f 2588/3439/1032 2480/3501/1032 2477/3439/1032
f 2587/3440/1 2477/3439/1 2476/3440/1
f 2589/3516/1033 2476/3440/1033 2478/3516/1033
f 2590/3441/1034 2478/3516/1034 2479/3441/1034
f 2583/3517/1035 2479/3441/1035 2472/3517/1035
f 2586/3438/1036 2472/3517/1036 2475/3438/1036
f 2585/3518/1037 2475/3438/1037 2474/3518/1037
f 2584/3437/1038 2474/3518/1038 2473/3437/1038
f 2577/3514/1039 2473/3437/1039 2466/3514/1039
f 2717/3519/1040 2809/3520/1040 2706/3521/1040
f 2710/3522/1041 2813/3523/1041 2709/3524/1041
f 2684/3525/1042 2787/3526/1042 2686/3527/1042
f 2690/3528/1043 2791/3529/1043 2794/3530/1043
f 2696/3531/1044 2838/3532/1044 2797/3533/1044
f 2708/3534/1045 2813/3523/1045 2812/3535/1045
f 2681/3536/1046 2786/3537/1046 2784/3538/1046
f 2707/3539/1047 2812/3535/1047 2811/3540/1047
f 2684/3525/1048 2783/3541/1048 2785/3542/1048
f 2694/3543/1049 2796/3544/1049 2693/3545/1049
f 2707/3539/1050 2810/3546/1050 2718/3547/1050
f 2681/3536/1051 2782/3548/1051 2679/3549/1051
f 2694/3543/1052 2797/3533/1052 2798/3550/1052
f 2714/3551/1053 2836/3552/1053 2838/3532/1053
f 2705/3553/1054 2809/3520/1054 2808/3554/1054
f 2680/3555/1055 2783/3541/1055 2682/3556/1055
f 2693/3545/1056 2776/3557/1056 2674/3558/1056
f 2733/3559/1057 2836/3552/1057 2732/3560/1057
f 2705/3553/1058 2807/3561/1058 2704/3562/1058
f 2679/3549/1059 2781/3563/1059 2678/3564/1059
f 2676/3565/1060 2793/3566/1060 2795/3567/1060
f 2703/3568/1061 2807/3561/1061 2806/3569/1061
f 2678/3564/1062 2780/3570/1062 2673/3571/1062
f 2689/3572/1063 2777/3573/1063 2792/3574/1063
f 2703/3568/1064 2805/3575/1064 2702/3576/1064
f 2718/3547/1050 2834/3577/1050 2717/3519/1050
f 2680/3555/1065 2775/3578/1065 2779/3579/1065
f 2733/3559/1066 2800/3580/1066 2837/3581/1066
f 2692/3582/1067 2794/3530/1067 2793/3566/1067
f 2702/3576/1068 2804/3583/1068 2701/3584/1068
f 2691/3585/1069 2778/3586/1069 2777/3573/1069
f 3010/3587/1070 3110/3588/1070 3011/3589/1070
f 2687/3590/1071 2792/3574/1071 2790/3591/1071
f 2700/3592/1072 2804/3583/1072 2803/3593/1072
f 2677/3594/1073 2776/3557/1073 2775/3578/1073
f 2713/3595/1074 2780/3570/1074 2817/3596/1074
f 2716/3597/1043 2789/3598/1043 2791/3529/1043
f 2677/3599/190 2722/3600/190 2721/3601/190
f 2686/3602/190 2724/3603/190 2684/3604/190
f 2688/3605/190 2729/3606/190 2726/3607/190
f 2676/3608/190 2728/3609/190 2692/3610/190
f 2674/3611/190 2721/3601/190 2719/3612/190
f 2682/3613/190 2724/3603/190 2723/3614/190
f 2688/3605/190 2725/3615/190 2686/3602/190
f 2690/3616/190 2729/3606/190 2716/3617/190
f 2690/3616/190 2728/3609/190 2727/3618/190
f 2682/3613/190 2722/3600/190 2680/3619/190
f 2693/3620/190 2731/3621/190 2694/3622/190
f 2674/3611/190 2730/3623/190 2693/3620/190
f 2700/3592/1075 2802/3624/1075 2737/3625/1075
f 3019/3626/1076 3136/3627/1076 3037/3628/1076
f 3002/3629/1077 3098/3630/1077 3003/3631/1077
f 3083/3632/1078 2860/3633/1078 2879/3634/1078
f 3111/3635/1079 3012/3636/1079 3023/3637/1079
f 3097/3638/1080 3002/3629/1080 3001/3639/1080
f 2738/3640/1081 3084/3641/1081 2839/3642/1081
f 2741/3643/190 2714/3644/190 2696/3645/190
f 2740/3646/190 2732/3647/190 2714/3644/190
f 2742/3648/190 2732/3647/190 2739/3649/190
f 2698/3650/190 2745/3651/190 2737/3652/190
f 2698/3650/190 2743/3653/190 2744/3654/190
f 2715/3655/190 2742/3648/190 2743/3653/190
f 2731/3621/190 2696/3645/190 2694/3622/190
f 2746/3656/190 2737/3652/190 2745/3651/190
f 2701/3657/190 2746/3656/190 2747/3658/190
f 2701/3657/190 2748/3659/190 2702/3660/190
f 2750/3661/190 2704/3662/190 2703/3663/190
f 2702/3660/190 2750/3661/190 2703/3663/190
f 2704/3662/190 2751/3664/190 2705/3665/190
f 2706/3666/190 2751/3664/190 2752/3667/190
f 2717/3668/190 2756/3669/190 2718/3670/190
f 2706/3666/190 2755/3671/190 2717/3668/190
f 2718/3670/190 2753/3672/190 2707/3673/190
f 2709/3674/190 2759/3675/190 2710/3676/190
f 2708/3677/190 2758/3678/190 2709/3674/190
f 2708/3677/190 2753/3672/190 2757/3679/190
f 2710/3676/190 2759/3675/190 2754/3680/190
f 2711/3681/190 2754/3680/190 2760/3682/190
f 2760/3682/190 2761/3683/190 2711/3681/190
f 2711/3681/190 2762/3684/190 2712/3685/190
f 2712/3685/190 2765/3686/190 2713/3687/190
f 2673/3688/190 2765/3686/190 2764/3689/190
f 2675/3690/190 2774/3691/190 2766/3692/190
f 2683/3693/190 2769/3694/190 2770/3695/190
f 2685/3696/190 2772/3697/190 2687/3698/190
f 2689/3699/190 2774/3691/190 2691/3700/190
f 2679/3701/190 2769/3694/190 2681/3702/190
f 2673/3688/190 2767/3703/190 2678/3704/190
f 2685/3696/190 2770/3695/190 2771/3705/190
f 2689/3699/190 2772/3697/190 2773/3706/190
f 2678/3704/190 2768/3707/190 2679/3701/190
f 2798/3708/190 2779/3709/190 2775/3710/190
f 2794/3711/190 2823/3712/190 2793/3713/190
f 2784/3714/190 2820/3715/190 2819/3716/190
f 2786/3717/190 2821/3718/190 2820/3715/190
f 2788/3719/190 2822/3720/190 2821/3718/190
f 2790/3721/190 2825/3722/190 2822/3720/190
f 2791/3723/190 2787/3724/190 2823/3712/190
f 2777/3725/190 2826/3726/190 2831/3727/190
f 2825/3722/190 2824/3728/190 2832/3729/190
f 2792/3730/190 2831/3727/190 2825/3722/190
f 2831/3727/190 2799/3731/190 2824/3728/190
f 2822/3720/190 2832/3729/190 2830/3732/190
f 2829/3733/190 2822/3720/190 2830/3732/190
f 2820/3715/190 2829/3733/190 2828/3734/190
f 2827/3735/190 2820/3715/190 2828/3734/190
f 2816/3736/190 2814/3737/190 2815/3738/190
f 2817/3739/190 2781/3740/190 2782/3741/190
f 2812/3742/190 2816/3736/190 2817/3739/190
f 2811/3743/190 2817/3739/190 2782/3741/190
f 2811/3743/190 2784/3714/190 2819/3716/190
f 2808/3744/190 2834/3745/190 2835/3746/190
f 2779/3709/190 2828/3734/190 2783/3747/190
f 2828/3734/190 2785/3748/190 2783/3747/190
f 2785/3748/190 2830/3732/190 2787/3724/190
f 2830/3732/190 2823/3712/190 2787/3724/190
f 2824/3728/190 2795/3749/190 2793/3713/190
f 2832/3729/190 2793/3713/190 2823/3712/190
f 2775/3710/190 2796/3750/190 2798/3708/190
f 2827/3735/190 2833/3751/190 2819/3716/190
f 2835/3746/190 2810/3752/190 2833/3751/190
f 2803/3753/190 2805/3754/190 2806/3755/190
f 2800/3756/190 2802/3757/190 2803/3753/190
f 2833/3751/190 2811/3743/190 2819/3716/190
f 2806/3755/190 2808/3744/190 2835/3746/190
f 2800/3756/190 2806/3755/190 2835/3746/190
f 2835/3746/190 2837/3758/190 2800/3756/190
f 2833/3751/190 2797/3759/190 2835/3746/190
f 2837/3758/190 2838/3760/190 2836/3761/190
f 2683/3762/1082 2788/3763/1082 2786/3537/1082
f 2710/3522/1083 2815/3764/1083 2814/3765/1083
f 3012/3636/1084 3113/3766/1084 3013/3767/1084
f 2715/3768/1085 2801/3769/1085 2800/3580/1085
f 2686/3527/1086 2789/3598/1086 2688/3770/1086
f 2712/3771/1087 2815/3764/1087 2711/3772/1087
f 2737/3625/1088 2801/3769/1088 2698/3773/1088
f 2687/3590/1089 2788/3763/1089 2685/3774/1089
f 2713/3595/1090 2816/3775/1090 2712/3771/1090
f 2969/3776/1091 2882/3777/1091 2871/3778/1091
f 2973/3779/1092 2875/3780/1092 2874/3781/1092
f 2949/3782/1093 2849/3783/1093 2851/3784/1093
f 2855/3785/1094 2953/3786/1094 2881/3787/1094
f 2861/3788/1095 2997/3789/1095 2898/3790/1095
f 2873/3791/1045 2973/3779/1045 2874/3781/1045
f 2846/3792/1096 2948/3793/1096 2848/3794/1096
f 2872/3795/1097 2972/3796/1097 2873/3791/1097
f 2849/3783/1098 2945/3797/1098 2847/3798/1098
f 2957/3799/1099 2859/3800/1099 2858/3801/1099
f 2970/3802/1100 2872/3795/1100 2883/3803/1100
f 2944/3804/1101 2846/3792/1101 2844/3805/1101
f 2859/3800/1102 2958/3806/1102 2861/3788/1102
f 2898/3790/1095 2995/3807/1095 2896/3808/1095
f 2870/3809/1103 2969/3776/1103 2871/3778/1103
f 2945/3797/1104 2845/3810/1104 2847/3798/1104
f 2939/3811/1105 2858/3801/1105 2841/3812/1105
f 2995/3807/1106 2897/3813/1106 2896/3808/1106
f 2967/3814/1107 2870/3809/1107 2869/3815/1107
f 2943/3816/1059 2844/3805/1059 2843/3817/1059
f 2676/3565/1108 2955/3818/1108 2857/3819/1108
f 2868/3820/1109 2967/3814/1109 2869/3815/1109
f 2942/3821/1110 2843/3817/1110 2840/3822/1110
f 2854/3823/1111 2940/3824/1111 2856/3825/1111
f 2965/3826/1112 2868/3820/1112 2867/3827/1112
f 2993/3828/1100 2883/3803/1100 2882/3777/1100
f 2845/3810/1113 2938/3829/1113 2842/3830/1113
f 2897/3813/1114 2960/3831/1114 2880/3832/1114
f 2857/3819/1115 2956/3833/1115 2855/3785/1115
f 2964/3834/1116 2867/3827/1116 2866/3835/1116
f 2856/3825/1117 2778/3586/1117 2675/3836/1117
f 2860/3633/1118 3087/3837/1118 2818/3838/1118
f 2852/3839/1119 2954/3840/1119 2854/3823/1119
f 2865/3841/1120 2964/3834/1120 2866/3835/1120
f 2842/3830/1073 2939/3811/1073 2841/3812/1073
f 2878/3842/1121 2942/3821/1121 2840/3822/1121
f 2881/3787/1094 2951/3843/1094 2853/3844/1094
f 2842/3845/190 2886/3846/190 2845/3847/190
f 2888/3848/190 2851/3849/190 2849/3850/190
f 2853/3851/190 2893/3852/190 2881/3853/190
f 2892/3854/190 2676/3608/190 2857/3855/190
f 2841/3856/190 2885/3857/190 2842/3845/190
f 2847/3858/190 2888/3848/190 2849/3850/190
f 2889/3859/190 2853/3851/190 2851/3849/190
f 2893/3852/190 2855/3860/190 2881/3853/190
f 2855/3860/190 2892/3854/190 2857/3855/190
f 2886/3846/190 2847/3858/190 2845/3847/190
f 2895/3861/190 2858/3862/190 2859/3863/190
f 2894/3864/190 2841/3856/190 2858/3862/190
f 2962/3865/1122 2865/3841/1122 2864/3866/1122
f 3013/3767/1123 3114/3867/1123 3014/3868/1123
f 3003/3631/1076 3138/3869/1076 3019/3626/1076
f 2695/3870/1124 3092/3871/1124 3021/3872/1124
f 3088/3873/1125 2738/3640/1125 2735/3874/1125
f 3114/3867/1126 3015/3875/1126 3014/3868/1126
f 2898/3876/190 2905/3877/190 2861/3878/190
f 2896/3879/190 2904/3880/190 2898/3876/190
f 2896/3879/190 2906/3881/190 2903/3882/190
f 2909/3883/190 2863/3884/190 2864/3885/190
f 2863/3884/190 2907/3886/190 2880/3887/190
f 2880/3887/190 2906/3881/190 2897/3888/190
f 2861/3878/190 2895/3861/190 2859/3863/190
f 2910/3889/190 2864/3885/190 2865/3890/190
f 2866/3891/190 2910/3889/190 2865/3890/190
f 2912/3892/190 2866/3891/190 2867/3893/190
f 2914/3894/190 2869/3895/190 2913/3896/190
f 2914/3894/190 2867/3893/190 2868/3897/190
f 2915/3898/190 2869/3895/190 2870/3899/190
f 2871/3900/190 2915/3898/190 2870/3899/190
f 2920/3901/190 2882/3902/190 2883/3903/190
f 2919/3904/190 2871/3900/190 2882/3902/190
f 2917/3905/190 2883/3903/190 2872/3906/190
f 2923/3907/190 2874/3908/190 2875/3909/190
f 2922/3910/190 2873/3911/190 2874/3908/190
f 2873/3911/190 2917/3905/190 2872/3906/190
f 2875/3909/190 2918/3912/190 2923/3907/190
f 2876/3913/190 2918/3912/190 2875/3909/190
f 2925/3914/190 2924/3915/190 2876/3913/190
f 2926/3916/190 2876/3913/190 2877/3917/190
f 2929/3918/190 2877/3917/190 2878/3919/190
f 2840/3920/190 2929/3918/190 2878/3919/190
f 2675/3690/190 2937/3921/190 2856/3922/190
f 2848/3923/190 2932/3924/190 2846/3925/190
f 2935/3926/190 2850/3927/190 2852/3928/190
f 2937/3921/190 2854/3929/190 2856/3922/190
f 2932/3924/190 2844/3930/190 2846/3925/190
f 2930/3931/190 2840/3920/190 2843/3932/190
f 2850/3927/190 2933/3933/190 2848/3923/190
f 2854/3929/190 2935/3926/190 2852/3928/190
f 2931/3934/190 2843/3932/190 2844/3930/190
f 2941/3935/190 2959/3936/190 2938/3937/190
f 2983/3938/190 2956/3939/190 2955/3940/190
f 2980/3941/190 2946/3942/190 2979/3943/190
f 2981/3944/190 2948/3945/190 2980/3941/190
f 2982/3946/190 2950/3947/190 2981/3944/190
f 2985/3948/190 2952/3949/190 2982/3946/190
f 2949/3950/190 2953/3951/190 2983/3938/190
f 2826/3726/190 2940/3952/190 2990/3953/190
f 2984/3954/190 2985/3948/190 2991/3955/190
f 2990/3953/190 2954/3956/190 2985/3948/190
f 2799/3731/190 2990/3953/190 2984/3954/190
f 2991/3955/190 2982/3946/190 2989/3957/190
f 2988/3958/190 2982/3946/190 2981/3944/190
f 2988/3958/190 2980/3941/190 2987/3959/190
f 2986/3960/190 2980/3941/190 2979/3943/190
f 2976/3961/190 2974/3962/190 2973/3963/190
f 2943/3964/190 2977/3965/190 2944/3966/190
f 2976/3961/190 2972/3967/190 2977/3965/190
f 2977/3965/190 2971/3968/190 2944/3966/190
f 2946/3942/190 2971/3968/190 2979/3943/190
f 2993/3969/190 2968/3970/190 2994/3971/190
f 2941/3935/190 2987/3959/190 2986/3960/190
f 2947/3972/190 2987/3959/190 2945/3973/190
f 2947/3972/190 2989/3957/190 2988/3958/190
f 2983/3938/190 2989/3957/190 2949/3950/190
f 2795/3749/190 2984/3954/190 2955/3940/190
f 2955/3940/190 2991/3955/190 2983/3938/190
f 2957/3974/190 2938/3937/190 2959/3936/190
f 2986/3960/190 2992/3975/190 2959/3936/190
f 2970/3976/190 2994/3971/190 2992/3975/190
f 2965/3977/190 2963/3978/190 2966/3979/190
f 2962/3980/190 2960/3981/190 2963/3978/190
f 2971/3968/190 2992/3975/190 2979/3943/190
f 2968/3970/190 2966/3979/190 2994/3971/190
f 2966/3979/190 2960/3981/190 2994/3971/190
f 2994/3971/190 2996/3982/190 2958/3983/190
f 2992/3975/190 2958/3983/190 2959/3936/190
f 2996/3982/190 2997/3984/190 2958/3983/190
f 2848/3794/1127 2950/3985/1127 2850/3986/1127
f 2875/3780/1128 2975/3987/1128 2876/3988/1128
f 3110/3588/1129 3022/3989/1129 3011/3589/1129
f 2880/3832/1130 2961/3990/1130 2863/3991/1130
f 2951/3843/1131 2851/3784/1131 2853/3844/1131
f 2975/3987/1132 2877/3992/1132 2876/3988/1132
f 2961/3990/1133 2864/3866/1133 2863/3991/1133
f 2950/3985/1134 2852/3839/1134 2850/3986/1134
f 2976/3993/1135 2878/3842/1135 2877/3992/1135
f 3084/3641/1136 2862/3994/1136 2839/3642/1136
f 3077/3995/1137 3001/3639/1137 2978/3996/1137
f 3136/3627/1138 3038/3997/1138 3037/3628/1138
f 3108/3998/1139 3010/3587/1139 3009/3999/1139
f 3082/4000/1140 2879/3634/1140 2899/4001/1140
f 2901/4002/1141 3094/4003/1141 3000/4004/1141
f 3008/4005/1142 3108/3998/1142 3009/3999/1142
f 3081/4006/1143 2899/4001/1143 2998/4007/1143
f 2697/4008/1144 3078/4009/1144 2999/4010/1144
f 3106/4011/1145 3008/4005/1145 3007/4012/1145
f 3134/4013/1079 3023/3637/1079 3022/3989/1079
f 2862/3994/1146 3076/4014/1146 2900/4015/1146
f 3038/3997/1147 3101/4016/1147 3020/4017/1147
f 3000/4004/1148 3095/4018/1148 2695/3870/1148
f 3105/4019/1149 3007/4012/1149 3006/4020/1149
f 2999/4010/1150 3079/4021/1150 2902/4022/1150
f 2734/4023/1151 3093/4024/1151 2697/4008/1151
f 3005/4025/1152 3105/4019/1152 3006/4020/1152
f 2900/4015/1153 3077/3995/1153 2978/3996/1153
f 3018/4026/1154 3081/4006/1154 2998/4007/1154
f 3021/3872/1124 3090/4027/1124 2699/4028/1124
f 2900/4015/581 3027/4029/581 2862/3994/581
f 3029/4030/581 2735/3874/581 2738/3640/581
f 2699/4028/581 3034/4031/581 3021/3872/581
f 3033/4032/581 2901/4002/581 3000/4004/581
f 2978/3996/581 3026/4033/581 2900/4015/581
f 2839/3642/581 3029/4030/581 2738/3640/581
f 3030/4034/581 2699/4028/581 2735/3874/581
f 3034/4031/581 2695/3870/581 3021/3872/581
f 2695/3870/581 3033/4032/581 3000/4004/581
f 3027/4029/581 2839/3642/581 2862/3994/581
f 3036/4035/581 3001/3639/581 3002/3629/581
f 3035/4036/581 2978/3996/581 3001/3639/581
f 3103/4037/1155 3005/4025/1155 3039/4038/1155
f 3019/3626/581 3042/4039/581 3003/3631/581
f 3037/3628/581 3041/4040/581 3019/3626/581
f 3037/3628/581 3043/4041/581 3040/4042/581
f 3046/4043/581 3004/4044/581 3039/4038/581
f 3004/4044/581 3044/4045/581 3020/4017/581
f 3020/4017/581 3043/4041/581 3038/3997/581
f 3003/3631/581 3036/4035/581 3002/3629/581
f 3047/4046/581 3039/4038/581 3005/4025/581
f 3006/4020/581 3047/4046/581 3005/4025/581
f 3049/4047/581 3006/4020/581 3007/4012/581
f 3051/4048/581 3009/3999/581 3050/4049/581
f 3051/4048/581 3007/4012/581 3008/4005/581
f 3052/4050/581 3009/3999/581 3010/3587/581
f 3011/3589/581 3052/4050/581 3010/3587/581
f 3057/4051/581 3022/3989/581 3023/3637/581
f 3056/4052/581 3011/3589/581 3022/3989/581
f 3054/4053/581 3023/3637/581 3012/3636/581
f 3060/4054/581 3014/3868/581 3015/3875/581
f 3059/4055/581 3013/3767/581 3014/3868/581
f 3013/3767/581 3054/4053/581 3012/3636/581
f 3015/3875/581 3055/4056/581 3060/4054/581
f 3016/4057/581 3055/4056/581 3015/3875/581
f 3062/4058/581 3061/4059/581 3016/4057/581
f 3063/4060/581 3016/4057/581 3017/4061/581
f 3066/4062/581 3017/4061/581 3018/4026/581
f 2998/4007/581 3066/4062/581 3018/4026/581
f 2902/4022/581 3075/4063/581 2999/4010/581
f 2818/3838/581 3070/4064/581 2860/3633/581
f 3073/4065/581 2736/4066/581 2734/4023/581
f 3075/4063/581 2697/4008/581 2999/4010/581
f 3070/4064/581 2879/3634/581 2860/3633/581
f 3068/4067/581 2998/4007/581 2899/4001/581
f 2736/4066/581 3071/4068/581 2818/3838/581
f 2697/4008/581 3073/4065/581 2734/4023/581
f 3069/4069/581 2899/4001/581 2879/3634/581
f 3080/4070/581 3099/4071/581 3076/4014/581
f 3123/4072/581 3095/4018/581 3094/4003/581
f 3120/4073/581 3085/4074/581 3119/4075/581
f 3121/4076/581 3087/3837/581 3120/4073/581
f 3122/4077/581 3089/4078/581 3121/4076/581
f 3125/4079/581 3091/4080/581 3122/4077/581
f 3088/3873/581 3092/3871/581 3123/4072/581
f 3126/4081/581 3078/4009/581 3131/4082/581
f 3124/4083/581 3125/4079/581 3132/4084/581
f 3131/4082/581 3093/4024/581 3125/4079/581
f 3100/4085/581 3131/4082/581 3124/4083/581
f 3132/4084/581 3122/4077/581 3130/4086/581
f 3129/4087/581 3122/4077/581 3121/4076/581
f 3129/4087/581 3120/4073/581 3128/4088/581
f 3127/4089/581 3120/4073/581 3119/4075/581
f 3117/4090/581 3115/4091/581 3114/3867/581
f 3082/4000/581 3118/4092/581 3083/3632/581
f 3117/4090/581 3113/3766/581 3118/4092/581
f 3118/4092/581 3112/4093/581 3083/3632/581
f 3085/4074/581 3112/4093/581 3119/4075/581
f 3134/4013/581 3109/4094/581 3135/4095/581
f 3080/4070/581 3128/4088/581 3127/4089/581
f 3086/4096/581 3128/4088/581 3084/3641/581
f 3086/4096/581 3130/4086/581 3129/4087/581
f 3123/4072/581 3130/4086/581 3088/3873/581
f 3096/4097/581 3124/4083/581 3094/4003/581
f 3094/4003/581 3132/4084/581 3123/4072/581
f 3097/3638/581 3076/4014/581 3099/4071/581
f 3127/4089/581 3133/4098/581 3099/4071/581
f 3111/3635/581 3135/4095/581 3133/4098/581
f 3106/4011/581 3104/4099/581 3107/4100/581
f 3103/4037/581 3101/4016/581 3104/4099/581
f 3112/4093/581 3133/4098/581 3119/4075/581
f 3109/4094/581 3107/4100/581 3135/4095/581
f 3107/4100/581 3101/4016/581 3135/4095/581
f 3135/4095/581 3137/4101/581 3098/3630/581
f 3133/4098/581 3098/3630/581 3099/4071/581
f 3137/4101/581 3138/3869/581 3098/3630/581
f 2818/3838/1156 3089/4078/1156 2736/4066/1156
f 3015/3875/1157 3116/4102/1157 3016/4057/1157
f 3020/4017/1158 3102/4103/1158 3004/4044/1158
f 3090/4027/1159 2735/3874/1159 2699/4028/1159
f 3116/4102/1160 3017/4061/1160 3016/4057/1160
f 3102/4103/1161 3039/4038/1161 3004/4044/1161
f 3089/4078/1162 2734/4023/1162 2736/4066/1162
f 3117/4090/1163 3018/4026/1163 3017/4061/1163
f 3178/4104/1164 3261/4105/1164 3168/4106/1164
f 3172/4107/1165 3265/4108/1165 3171/4109/1165
f 3148/4110/1166 3241/4111/1166 3150/4112/1166
f 3154/4113/1167 3245/4114/1167 3248/4115/1167
f 3159/4116/1168 3288/4117/1168 3250/4118/1168
f 3170/4119/1123 3265/4108/1123 3264/4120/1123
f 3145/4121/1169 3240/4122/1169 3238/4123/1169
f 3169/4124/1170 3264/4120/1170 3263/4125/1170
f 3148/4110/1171 3237/4126/1171 3239/4127/1171
f 3158/4128/1172 3249/4129/1172 3157/4130/1172
f 3169/4124/1173 3262/4131/1173 3179/4132/1173
f 3145/4121/1174 3236/4133/1174 3143/4134/1174
f 3158/4128/1175 3250/4118/1175 3251/4135/1175
f 3194/4136/1176 3286/4137/1176 3288/4117/1176
f 3167/4138/1177 3261/4105/1177 3260/4139/1177
f 3144/4140/1178 3237/4126/1178 3146/4141/1178
f 3157/4130/1179 3231/4142/1179 3140/4143/1179
f 3193/4144/1180 3286/4137/1180 3192/4145/1180
f 3167/4138/1181 3259/4146/1181 3166/4147/1181
f 3143/4134/1140 3235/4148/1140 3142/4149/1140
f 2901/4002/1182 3247/4150/1182 3096/4097/1182
f 3165/4151/1183 3259/4146/1183 3258/4152/1183
f 3142/4149/1184 3234/4153/1184 3139/4154/1184
f 3153/4155/1185 3232/4156/1185 3246/4157/1185
f 3165/4151/1186 3257/4158/1186 3164/4159/1186
f 3179/4132/1173 3284/4160/1173 3178/4104/1173
f 3144/4140/1187 3230/4161/1187 3233/4162/1187
f 3193/4144/1188 3252/4163/1188 3287/4164/1188
f 3156/4165/1189 3248/4115/1189 3247/4150/1189
f 3164/4159/1190 3256/4166/1190 3163/4167/1190
f 3155/4168/1191 3079/4021/1191 3232/4156/1191
f 3151/4169/1192 3246/4157/1192 3244/4170/1192
f 3162/4171/1193 3256/4166/1193 3255/4172/1193
f 3141/4173/1153 3231/4142/1153 3230/4161/1153
f 3175/4174/1194 3234/4153/1194 3269/4175/1194
f 3177/4176/1167 3243/4177/1167 3245/4114/1167
f 3141/4173/581 3182/4178/581 3181/4179/581
f 3150/4112/581 3184/4180/581 3148/4110/581
f 3152/4181/581 3189/4182/581 3186/4183/581
f 2901/4002/581 3188/4184/581 3156/4165/581
f 3140/4143/581 3181/4179/581 3180/4185/581
f 3146/4141/581 3184/4180/581 3183/4186/581
f 3152/4181/581 3185/4187/581 3150/4112/581
f 3154/4113/581 3189/4182/581 3177/4176/581
f 3154/4113/581 3188/4184/581 3187/4188/581
f 3146/4141/581 3182/4178/581 3144/4140/581
f 3157/4130/581 3191/4189/581 3158/4128/581
f 3140/4143/581 3190/4190/581 3157/4130/581
f 3162/4171/1195 3254/4191/1195 3161/4192/1195
f 3197/4193/581 3194/4136/581 3159/4116/581
f 3196/4194/581 3192/4145/581 3194/4136/581
f 3198/4195/581 3192/4145/581 3195/4196/581
f 3160/4197/581 3201/4198/581 3161/4192/581
f 3160/4197/581 3199/4199/581 3200/4200/581
f 3176/4201/581 3198/4195/581 3199/4199/581
f 3191/4189/581 3159/4116/581 3158/4128/581
f 3202/4202/581 3161/4192/581 3201/4198/581
f 3163/4167/581 3202/4202/581 3203/4203/581
f 3163/4167/581 3204/4204/581 3164/4159/581
f 3206/4205/581 3166/4147/581 3165/4151/581
f 3164/4159/581 3206/4205/581 3165/4151/581
f 3166/4147/581 3207/4206/581 3167/4138/581
f 3168/4106/581 3207/4206/581 3208/4207/581
f 3178/4104/581 3212/4208/581 3179/4132/581
f 3168/4106/581 3211/4209/581 3178/4104/581
f 3179/4132/581 3209/4210/581 3169/4124/581
f 3171/4109/581 3215/4211/581 3172/4107/581
f 3170/4119/581 3214/4212/581 3171/4109/581
f 3170/4119/581 3209/4210/581 3213/4213/581
f 3172/4107/581 3215/4211/581 3210/4214/581
f 3173/4215/581 3210/4214/581 3216/4216/581
f 3216/4216/581 3217/4217/581 3173/4215/581
f 3173/4215/581 3218/4218/581 3174/4219/581
f 3174/4219/581 3221/4220/581 3175/4174/581
f 3139/4154/581 3221/4220/581 3220/4221/581
f 2902/4022/581 3229/4222/581 3067/4223/581
f 3147/4224/581 3224/4225/581 3225/4226/581
f 3149/4227/581 3227/4228/581 3151/4169/581
f 3153/4155/581 3229/4222/581 3155/4168/581
f 3143/4134/581 3224/4225/581 3145/4121/581
f 3139/4154/581 3222/4229/581 3142/4149/581
f 3149/4227/581 3225/4226/581 3226/4230/581
f 3153/4155/581 3227/4228/581 3228/4231/581
f 3142/4149/581 3223/4232/581 3143/4134/581
f 3251/4135/581 3233/4162/581 3230/4161/581
f 3248/4115/581 3274/4233/581 3247/4150/581
f 3238/4123/581 3271/4234/581 3270/4235/581
f 3240/4122/581 3272/4236/581 3271/4234/581
f 3242/4237/581 3273/4238/581 3272/4236/581
f 3244/4170/581 3276/4239/581 3273/4238/581
f 3245/4114/581 3241/4111/581 3274/4233/581
f 3232/4156/581 3126/4081/581 3281/4240/581
f 3276/4239/581 3275/4241/581 3282/4242/581
f 3246/4157/581 3281/4240/581 3276/4239/581
f 3281/4240/581 3100/4085/581 3275/4241/581
f 3273/4238/581 3282/4242/581 3280/4243/581
f 3279/4244/581 3273/4238/581 3280/4243/581
f 3271/4234/581 3279/4244/581 3278/4245/581
f 3277/4246/581 3271/4234/581 3278/4245/581
f 3268/4247/581 3266/4248/581 3267/4249/581
f 3269/4175/581 3235/4148/581 3236/4133/581
f 3264/4120/581 3268/4247/581 3269/4175/581
f 3263/4125/581 3269/4175/581 3236/4133/581
f 3263/4125/581 3238/4123/581 3270/4235/581
f 3260/4139/581 3284/4160/581 3285/4250/581
f 3233/4162/581 3278/4245/581 3237/4126/581
f 3278/4245/581 3239/4127/581 3237/4126/581
f 3239/4127/581 3280/4243/581 3241/4111/581
f 3280/4243/581 3274/4233/581 3241/4111/581
f 3275/4241/581 3096/4097/581 3247/4150/581
f 3282/4242/581 3247/4150/581 3274/4233/581
f 3230/4161/581 3249/4129/581 3251/4135/581
f 3277/4246/581 3283/4251/581 3270/4235/581
f 3285/4250/581 3262/4131/581 3283/4251/581
f 3255/4172/581 3257/4158/581 3258/4152/581
f 3252/4163/581 3254/4191/581 3255/4172/581
f 3283/4251/581 3263/4125/581 3270/4235/581
f 3258/4152/581 3260/4139/581 3285/4250/581
f 3252/4163/581 3258/4152/581 3285/4250/581
f 3285/4250/581 3287/4164/581 3252/4163/581
f 3283/4251/581 3250/4118/581 3285/4250/581
f 3287/4164/581 3288/4117/581 3286/4137/581
f 3147/4224/1196 3242/4237/1196 3240/4122/1196
f 3172/4107/1197 3267/4249/1197 3266/4248/1197
f 3176/4201/1198 3253/4252/1198 3252/4163/1198
f 3150/4112/1199 3243/4177/1199 3152/4181/1199
f 3174/4219/1200 3267/4249/1200 3173/4215/1200
f 3161/4192/1201 3253/4252/1201 3160/4197/1201
f 3151/4169/1202 3242/4237/1202 3149/4227/1202
f 3175/4174/1203 3268/4247/1203 3174/4219/1203
f 3052/4050/1204 2752/4253/1204 2751/4254/1204
f 3050/4049/1205 2751/4254/1205 2749/4255/1205
f 2750/4256/1206 3050/4049/1206 2749/4255/1206
f 3049/4047/1207 2750/4256/1207 2748/4257/1207
f 3048/4258/153 2748/4257/153 2747/4259/153
f 3047/4046/1208 2747/4259/1208 2746/4260/1208
f 3046/4043/1209 2746/4260/1209 2745/4261/1209
f 3045/4262/1210 2745/4261/1210 2744/4263/1210
f 3044/4045/1211 2744/4263/1211 2743/4264/1211
f 3043/4041/1212 2743/4264/1212 2742/4265/1212
f 3040/4042/1213 2742/4265/1213 2739/4266/1213
f 3041/4040/1214 2739/4266/1214 2740/4267/1214
f 3042/4039/1215 2740/4267/1215 2741/4268/1215
f 2731/4269/1216 3042/4039/1216 2741/4268/1216
f 3035/4036/1217 2731/4269/1217 2730/4270/1217
f 2719/4271/153 3035/4036/153 2730/4270/153
f 3026/4033/75 2719/4271/75 2721/4272/75
f 3027/4029/1218 2721/4272/1218 2722/4273/1218
f 3028/4274/1219 2722/4273/1219 2723/4275/1219
f 3029/4030/1220 2723/4275/1220 2724/4276/1220
f 3030/4034/1221 2724/4276/1221 2725/4277/1221
f 3031/4278/1222 2725/4277/1222 2726/4279/1222
f 3034/4031/1223 2726/4279/1223 2729/4280/1223
f 3032/4281/1224 2729/4280/1224 2727/4282/1224
f 2728/4283/1225 3032/4281/1225 2727/4282/1225
f 3025/4284/1226 2728/4283/1226 2720/4285/1226
f 3188/4184/1227 2720/4285/1227 2892/4286/1227
f 3187/4188/1228 2892/4286/1228 2891/4287/1228
f 3189/4182/1229 2891/4287/1229 2893/4288/1229
f 3186/4183/1230 2893/4288/1230 2890/4289/1230
f 3185/4187/1231 2890/4289/1231 2889/4290/1231
f 3184/4180/1232 2889/4290/1232 2888/4291/1232
f 2887/4292/1233 3184/4180/1233 2888/4291/1233
f 3182/4178/1234 2887/4292/1234 2886/4293/1234
f 3181/4179/1235 2886/4293/1235 2885/4294/1235
f 2884/4295/75 3181/4179/75 2885/4294/75
f 3190/4190/9 2884/4295/9 2894/4296/9
f 3191/4189/1236 2894/4296/1236 2895/4297/1236
f 3197/4193/1237 2895/4297/1237 2905/4298/1237
f 2904/4299/1238 3197/4193/1238 2905/4298/1238
f 2903/4300/1239 3196/4194/1239 2904/4299/1239
f 3198/4195/1240 2903/4300/1240 2906/4301/1240
f 3199/4199/1241 2906/4301/1241 2907/4302/1241
f 3200/4200/1242 2907/4302/1242 2908/4303/1242
f 3201/4198/1243 2908/4303/1243 2909/4304/1243
f 3202/4202/1244 2909/4304/1244 2910/4305/1244
f 3203/4203/1245 2910/4305/1245 2911/4306/1245
f 3204/4204/9 2911/4306/9 2912/4307/9
f 3206/4205/1246 2912/4307/1246 2914/4308/1246
f 3205/4309/1247 2914/4308/1247 2913/4310/1247
f 3207/4206/1248 2913/4310/1248 2915/4311/1248
f 2916/4312/1249 3207/4206/1249 2915/4311/1249
f 3211/4209/1250 2916/4312/1250 2919/4313/1250
f 2920/4314/1250 3211/4209/1250 2919/4313/1250
f 2917/4315/1250 3212/4208/1250 2920/4314/1250
f 2921/4316/1251 3209/4210/1251 2917/4315/1251
f 3214/4212/75 2921/4316/75 2922/4317/75
f 3215/4211/1252 2922/4317/1252 2923/4318/1252
f 2918/4319/1253 3215/4211/1253 2923/4318/1253
f 3216/4216/9 2918/4319/9 2924/4320/9
f 3219/4321/9 2924/4320/9 2927/4322/9
f 3217/4217/1254 2927/4322/1254 2925/4323/1254
f 3218/4218/1255 2925/4323/1255 2926/4324/1255
f 2929/4325/1256 3218/4218/1256 2926/4324/1256
f 3220/4221/1257 2929/4325/1257 2928/4326/1257
f 2930/4327/1258 3220/4221/1258 2928/4326/1258
f 3223/4232/1 2930/4327/1 2931/4328/1
f 3224/4225/1259 2931/4328/1259 2932/4329/1259
f 2933/4330/1260 3224/4225/1260 2932/4329/1260
f 3226/4230/1261 2933/4330/1261 2934/4331/1261
f 2935/4332/1262 3226/4230/1262 2934/4331/1262
f 2936/4333/1263 3227/4228/1263 2935/4332/1263
f 3229/4222/1264 2936/4333/1264 2937/4334/1264
f 2766/4335/1265 3229/4222/1265 2937/4334/1265
f 3075/4063/1266 2766/4335/1266 2774/4336/1266
f 3074/4337/1267 2774/4336/1267 2773/4338/1267
f 3073/4065/1268 2773/4338/1268 2772/4339/1268
f 3072/4340/1269 2772/4339/1269 2771/4341/1269
f 3071/4068/1270 2771/4341/1270 2770/4342/1270
f 3070/4064/1271 2770/4342/1271 2769/4343/1271
f 3069/4069/1272 2769/4343/1272 2768/4344/1272
f 3068/4067/1 2768/4344/1 2767/4345/1
f 3065/4346/1273 2767/4345/1273 2764/4347/1273
f 3066/4062/1274 2764/4347/1274 2765/4348/1274
f 3063/4060/1275 2765/4348/1275 2762/4349/1275
f 3062/4058/1276 2762/4349/1276 2761/4350/1276
f 2763/4351/1277 3062/4058/1277 2761/4350/1277
f 2760/4352/153 3064/4353/153 2763/4351/153
f 3055/4056/153 2760/4352/153 2754/4354/153
f 3060/4054/1278 2754/4354/1278 2759/4355/1278
f 3059/4055/1279 2759/4355/1279 2758/4356/1279
f 3058/4357/75 2758/4356/75 2757/4358/75
f 3054/4053/1280 2757/4358/1280 2753/4359/1280
f 3057/4051/1281 2753/4359/1281 2756/4360/1281
f 3056/4052/1281 2756/4360/1281 2755/4361/1281
f 3053/4362/1281 2755/4361/1281 2752/4253/1281
f 3290/4363/581 3291/4364/581 3292/4365/581
f 3295/4366/190 3294/4367/190 3296/4368/190
f 3291/4369/1282 3296/4368/1282 3292/4370/1282
f 3290/4371/1283 3293/4372/1283 3289/4373/1283
f 3292/4370/1284 3294/4367/1284 3290/4371/1284
f 3291/4369/1285 3293/4372/1285 3295/4366/1285
f 3329/4374/581 3361/4375/581 3363/4376/581
f 3503/4377/581 3507/4378/581 3509/4379/581
f 3314/4380/190 3300/4381/190 3303/4382/190
f 3305/4383/190 3302/4384/190 3306/4385/190
f 3307/4386/190 3306/4385/190 3309/4387/190
f 3309/4387/190 3319/4388/190 3327/4389/190
f 3310/4390/190 3327/4389/190 3318/4391/190
f 3325/4392/1286 3333/4393/1286 3340/4394/1286
f 3314/4380/1287 3339/4395/1287 3331/4396/1287
f 3327/4389/1288 3335/4397/1288 3341/4398/1288
f 3322/4399/1289 3331/4396/1289 3338/4400/1289
f 3323/4401/1290 3332/4402/1290 3339/4395/1290
f 3321/4403/190 3343/4404/190 3313/4405/190
f 3322/4399/190 3343/4404/190 3300/4381/190
f 3323/4401/190 3303/4382/190 3353/4406/190
f 3315/4407/190 3353/4406/190 3350/4408/190
f 3324/4409/190 3350/4408/190 3316/4410/190
f 3355/4411/190 3297/4412/190 3343/4404/190
f 3300/4381/190 3297/4412/190 3345/4413/190
f 3303/4382/190 3345/4413/190 3347/4414/190
f 3353/4406/190 3347/4414/190 3349/4415/190
f 3350/4408/190 3349/4415/190 3308/4416/190
f 3316/4410/190 3308/4416/190 3325/4392/190
f 3358/4417/190 3298/4418/190 3297/4412/190
f 3345/4413/190 3298/4418/190 3346/4419/190
f 3347/4414/190 3346/4419/190 3304/4420/190
f 3349/4415/190 3304/4420/190 3352/4421/190
f 3308/4416/190 3352/4421/190 3351/4422/190
f 3308/4416/190 3317/4423/190 3325/4392/190
f 3298/4418/190 3320/4424/190 3299/4425/190
f 3346/4419/190 3299/4425/190 3301/4426/190
f 3304/4420/190 3301/4426/190 3305/4383/190
f 3352/4421/190 3305/4383/190 3307/4386/190
f 3351/4422/190 3307/4386/190 3348/4427/190
f 3351/4422/190 3359/4428/190 3317/4423/190
f 3299/4425/190 3312/4429/190 3344/4430/190
f 3301/4426/190 3344/4430/190 3302/4384/190
f 3348/4427/190 3309/4387/190 3310/4390/190
f 3348/4427/190 3356/4431/190 3359/4428/190
f 3344/4430/190 3357/4432/190 3311/4433/190
f 3302/4384/190 3311/4433/190 3360/4434/190
f 3306/4385/190 3360/4434/190 3319/4388/190
f 3310/4390/190 3326/4435/190 3356/4431/190
f 3354/4436/1291 3366/4437/1291 3330/4438/1291
f 3324/4409/1292 3363/4376/1292 3367/4439/1292
f 3318/4391/1293 3341/4398/1293 3364/4440/1293
f 3360/4434/1294 3328/4441/1294 3342/4442/1294
f 3361/4375/1295 3321/4403/1295 3337/4443/1295
f 3319/4388/1296 3342/4442/1296 3335/4397/1296
f 3336/4444/1297 3312/4429/1297 3329/4374/1297
f 3313/4405/1298 3338/4400/1298 3362/4445/1298
f 3359/4428/1299 3334/4446/1299 3368/4447/1299
f 3320/4424/1300 3330/4438/1300 3365/4448/1300
f 3326/4435/1301 3364/4440/1301 3369/4449/1301
f 3366/4437/1302 3355/4411/1302 3361/4375/1302
f 3315/4407/1303 3367/4439/1303 3332/4402/1303
f 3321/4403/1304 3362/4445/1304 3337/4443/1304
f 3316/4410/1305 3340/4394/1305 3363/4376/1305
f 3311/4433/1306 3336/4444/1306 3328/4441/1306
f 3317/4423/1307 3368/4447/1307 3333/4393/1307
f 3329/4374/1308 3320/4424/1308 3365/4448/1308
f 3356/4431/1309 3369/4449/1309 3334/4446/1309
f 3410/4450/1310 3370/4451/1310 3399/4452/1310
f 3411/4453/1311 3370/4451/1311 3375/4454/1311
f 3411/4453/1312 3380/4455/1312 3400/4456/1312
f 3412/4457/190 3380/4455/190 3394/4458/190
f 3401/4459/190 3394/4458/190 3390/4460/190
f 3413/4461/190 3390/4460/190 3402/4462/190
f 3398/4463/190 3371/4464/190 3370/4451/190
f 3370/4451/190 3376/4465/190 3375/4454/190
f 3380/4455/190 3376/4465/190 3381/4466/190
f 3394/4458/190 3381/4466/190 3388/4467/190
f 3390/4460/190 3388/4467/190 3386/4468/190
f 3402/4462/190 3386/4468/190 3414/4469/190
f 3409/4470/190 3372/4471/190 3371/4464/190
f 3376/4465/190 3372/4471/190 3377/4472/190
f 3381/4466/190 3377/4472/190 3382/4473/190
f 3388/4467/190 3382/4473/190 3393/4474/190
f 3386/4468/190 3393/4474/190 3391/4475/190
f 3414/4469/190 3391/4475/190 3403/4476/190
f 3372/4471/190 3408/4477/190 3373/4478/190
f 3377/4472/190 3373/4478/190 3378/4479/190
f 3382/4473/190 3378/4479/190 3383/4480/190
f 3393/4474/190 3383/4480/190 3385/4481/190
f 3393/4474/190 3387/4482/190 3391/4475/190
f 3391/4475/190 3415/4483/190 3403/4476/190
f 3373/4478/190 3396/4484/190 3374/4485/190
f 3378/4479/190 3374/4485/190 3379/4486/190
f 3383/4480/190 3379/4486/190 3384/4487/190
f 3385/4481/190 3384/4487/190 3389/4488/190
f 3385/4481/190 3392/4489/190 3387/4482/190
f 3387/4482/190 3404/4490/190 3415/4483/190
f 3374/4485/190 3407/4491/190 3395/4492/190
f 3379/4486/190 3395/4492/190 3418/4493/190
f 3384/4487/190 3418/4493/190 3406/4494/190
f 3389/4488/190 3406/4494/190 3417/4495/190
f 3389/4488/190 3405/4496/190 3392/4489/190
f 3392/4489/190 3416/4497/190 3404/4490/190
f 3397/4498/1313 3430/4499/1313 3420/4500/1313
f 3434/4501/1314 3402/4462/1314 3425/4502/1314
f 3405/4496/1315 3505/4503/1315 3428/4504/1315
f 3504/4505/1316 3395/4492/1316 3492/4506/1316
f 3421/4507/1317 3410/4450/1317 3431/4508/1317
f 3435/4509/1318 3403/4476/1318 3426/4510/1318
f 3406/4494/1319 3504/4505/1319 3493/4511/1319
f 3503/4377/1320 3396/4484/1320 3419/4512/1320
f 3399/4452/1321 3432/4513/1321 3422/4514/1321
f 3415/4483/1322 3427/4515/1322 3436/4516/1322
f 3408/4477/1323 3420/4500/1323 3429/4517/1323
f 3400/4456/1324 3433/4518/1324 3423/4519/1324
f 3416/4497/1325 3428/4504/1325 3437/4520/1325
f 3430/4499/1326 3398/4463/1326 3421/4507/1326
f 3424/4521/1327 3413/4461/1327 3434/4501/1327
f 3417/4495/1328 3493/4511/1328 3505/4503/1328
f 3431/4508/1329 3399/4452/1329 3422/4514/1329
f 3425/4502/1330 3414/4469/1330 3435/4509/1330
f 3492/4506/1331 3407/4491/1331 3503/4377/1331
f 3432/4513/1332 3400/4456/1332 3423/4519/1332
f 3403/4476/1333 3436/4516/1333 3426/4510/1333
f 3419/4512/1334 3408/4477/1334 3429/4517/1334
f 3433/4518/1335 3401/4459/1335 3424/4521/1335
f 3404/4490/1336 3437/4520/1336 3427/4515/1336
f 3478/4522/190 3438/4523/190 3467/4524/190
f 3479/4525/190 3438/4523/190 3443/4526/190
f 3468/4527/190 3443/4526/190 3448/4528/190
f 3480/4529/190 3448/4528/190 3462/4530/190
f 3469/4531/190 3462/4530/190 3458/4532/190
f 3481/4533/190 3458/4532/190 3470/4534/190
f 3466/4535/190 3439/4536/190 3438/4523/190
f 3443/4526/190 3439/4536/190 3444/4537/190
f 3448/4528/190 3444/4537/190 3449/4538/190
f 3462/4530/190 3449/4538/190 3456/4539/190
f 3458/4532/190 3456/4539/190 3454/4540/190
f 3470/4534/190 3454/4540/190 3482/4541/190
f 3439/4536/190 3465/4542/190 3440/4543/190
f 3444/4537/190 3440/4543/190 3445/4544/190
f 3449/4538/190 3445/4544/190 3450/4545/190
f 3456/4539/190 3450/4545/190 3461/4546/190
f 3454/4540/190 3461/4546/190 3459/4547/190
f 3482/4541/190 3459/4547/190 3471/4548/190
f 3440/4543/190 3476/4549/190 3441/4550/190
f 3445/4544/190 3441/4550/190 3446/4551/190
f 3450/4545/190 3446/4551/190 3451/4552/190
f 3461/4546/190 3451/4552/190 3453/4553/190
f 3461/4546/190 3455/4554/190 3459/4547/190
f 3459/4547/190 3483/4555/190 3471/4548/190
f 3441/4550/190 3464/4556/190 3442/4557/190
f 3446/4551/190 3442/4557/190 3447/4558/190
f 3451/4552/190 3447/4558/190 3452/4559/190
f 3453/4553/190 3452/4559/190 3457/4560/190
f 3453/4553/190 3460/4561/190 3455/4554/190
f 3455/4554/190 3472/4562/190 3483/4555/190
f 3442/4557/190 3475/4563/190 3463/4564/190
f 3447/4558/190 3463/4564/190 3486/4565/190
f 3452/4559/190 3486/4565/190 3474/4566/190
f 3457/4560/190 3474/4566/190 3485/4567/190
f 3457/4560/190 3473/4568/190 3460/4561/190
f 3460/4561/190 3484/4569/190 3472/4562/190
f 3465/4542/1337 3501/4570/1337 3489/4571/1337
f 3505/4503/1338 3470/4534/1338 3494/4572/1338
f 3473/4568/1339 3509/4379/1339 3497/4573/1339
f 3510/4574/1340 3463/4564/1340 3487/4575/1340
f 3466/4535/1341 3502/4576/1341 3490/4577/1341
f 3506/4578/1342 3471/4548/1342 3495/4579/1342
f 3474/4566/1340 3510/4574/1340 3498/4580/1340
f 3499/4581/1343 3464/4556/1343 3488/4582/1343
f 3467/4524/1344 3503/4377/1344 3491/4583/1344
f 3483/4555/1345 3496/4584/1345 3507/4378/1345
f 3500/4585/1346 3465/4542/1346 3489/4571/1346
f 3492/4506/1347 3480/4529/1347 3504/4505/1347
f 3484/4569/1348 3497/4573/1348 3508/4586/1348
f 3501/4570/1349 3466/4535/1349 3490/4577/1349
f 3493/4511/1350 3481/4533/1350 3505/4503/1350
f 3485/4567/1351 3498/4580/1351 3509/4379/1351
f 3478/4522/1352 3491/4583/1352 3502/4576/1352
f 3494/4572/1353 3482/4541/1353 3506/4578/1353
f 3487/4575/1354 3475/4563/1354 3499/4581/1354
f 3479/4525/1355 3492/4506/1355 3503/4377/1355
f 3471/4548/1356 3507/4378/1356 3495/4579/1356
f 3488/4582/1357 3476/4549/1357 3500/4585/1357
f 3504/4505/1358 3469/4531/1358 3493/4511/1358
f 3472/4562/1359 3508/4586/1359 3496/4584/1359
f 3642/4587/190 3511/4588/190 3631/4589/190
f 3643/4590/190 3511/4588/190 3517/4591/190
f 3632/4592/190 3517/4591/190 3523/4593/190
f 3644/4594/190 3523/4593/190 3529/4595/190
f 3633/4596/190 3529/4595/190 3718/4597/190
f 3630/4598/190 3512/4599/190 3511/4588/190
f 3517/4591/190 3512/4599/190 3518/4600/190
f 3523/4593/190 3518/4600/190 3524/4601/190
f 3529/4595/190 3524/4601/190 3530/4602/190
f 3718/4597/190 3530/4602/190 3622/4603/190
f 3512/4599/190 3629/4604/190 3513/4605/190
f 3518/4600/190 3513/4605/190 3519/4606/190
f 3524/4601/190 3519/4606/190 3525/4607/190
f 3530/4602/190 3525/4607/190 3531/4608/190
f 3622/4603/190 3531/4608/190 3634/4609/190
f 3513/4605/190 3640/4610/190 3514/4611/190
f 3519/4606/190 3514/4611/190 3520/4612/190
f 3525/4607/190 3520/4612/190 3526/4613/190
f 3531/4608/190 3526/4613/190 3532/4614/190
f 3634/4609/190 3532/4614/190 3623/4615/190
f 3514/4611/190 3628/4616/190 3515/4617/190
f 3520/4612/190 3515/4617/190 3521/4618/190
f 3526/4613/190 3521/4618/190 3527/4619/190
f 3532/4614/190 3527/4619/190 3533/4620/190
f 3623/4615/190 3533/4620/190 3635/4621/190
f 3515/4617/190 3639/4622/190 3516/4623/190
f 3521/4618/190 3516/4623/190 3522/4624/190
f 3527/4619/190 3522/4624/190 3528/4625/190
f 3533/4620/190 3528/4625/190 3534/4626/190
f 3533/4620/190 3624/4627/190 3635/4621/190
f 3516/4623/190 3627/4628/190 3638/4629/190
f 3522/4624/190 3638/4629/190 3626/4630/190
f 3528/4625/190 3626/4630/190 3637/4631/190
f 3534/4626/190 3637/4631/190 3625/4632/190
f 3534/4626/190 3636/4633/190 3624/4627/190
f 3589/4634/190 3535/4635/190 3578/4636/190
f 3590/4637/190 3535/4635/190 3541/4638/190
f 3579/4639/190 3541/4638/190 3547/4640/190
f 3591/4641/190 3547/4640/190 3553/4642/190
f 3580/4643/190 3553/4642/190 3592/4644/190
f 3535/4635/190 3588/4645/190 3536/4646/190
f 3541/4638/190 3536/4646/190 3542/4647/190
f 3547/4640/190 3542/4647/190 3548/4648/190
f 3553/4642/190 3548/4648/190 3554/4649/190
f 3592/4644/190 3554/4649/190 3581/4650/190
f 3536/4646/190 3576/4651/190 3537/4652/190
f 3542/4647/190 3537/4652/190 3543/4653/190
f 3548/4648/190 3543/4653/190 3549/4654/190
f 3554/4649/190 3549/4654/190 3555/4655/190
f 3581/4650/190 3555/4655/190 3593/4656/190
f 3537/4652/190 3587/4657/190 3538/4658/190
f 3543/4653/190 3538/4658/190 3544/4659/190
f 3549/4654/190 3544/4659/190 3550/4660/190
f 3555/4655/190 3550/4660/190 3556/4661/190
f 3593/4656/190 3556/4661/190 3582/4662/190
f 3538/4658/190 3575/4663/190 3539/4664/190
f 3544/4659/190 3539/4664/190 3545/4665/190
f 3550/4660/190 3545/4665/190 3551/4666/190
f 3556/4661/190 3551/4666/190 3557/4667/190
f 3556/4661/190 3594/4668/190 3582/4662/190
f 3539/4664/190 3586/4669/190 3540/4670/190
f 3545/4665/190 3540/4670/190 3546/4671/190
f 3551/4666/190 3546/4671/190 3552/4672/190
f 3557/4667/190 3552/4672/190 3558/4673/190
f 3557/4667/190 3583/4674/190 3594/4668/190
f 3540/4670/190 3574/4675/190 3597/4676/190
f 3546/4671/190 3597/4676/190 3585/4677/190
f 3552/4672/190 3585/4677/190 3596/4678/190
f 3758/4679/190 3559/4680/190 3747/4681/190
f 3759/4682/190 3559/4680/190 3564/4683/190
f 3748/4684/190 3564/4683/190 3569/4685/190
f 3760/4686/190 3569/4685/190 3621/4687/190
f 3749/4688/190 3621/4687/190 3614/4689/190
f 3761/4690/190 3614/4689/190 3750/4691/190
f 3746/4692/190 3560/4693/190 3559/4680/190
f 3564/4683/190 3560/4693/190 3565/4694/190
f 3569/4685/190 3565/4694/190 3570/4695/190
f 3621/4687/190 3570/4695/190 3609/4696/190
f 3614/4689/190 3609/4696/190 3603/4697/190
f 3750/4691/190 3603/4697/190 3762/4698/190
f 3560/4693/190 3745/4699/190 3561/4700/190
f 3565/4694/190 3561/4700/190 3566/4701/190
f 3570/4695/190 3566/4701/190 3571/4702/190
f 3609/4696/190 3571/4702/190 3620/4703/190
f 3603/4697/190 3620/4703/190 3615/4704/190
f 3762/4698/190 3615/4704/190 3751/4705/190
f 3561/4700/190 3756/4706/190 3562/4707/190
f 3566/4701/190 3562/4707/190 3567/4708/190
f 3571/4702/190 3567/4708/190 3572/4709/190
f 3620/4703/190 3572/4709/190 3598/4710/190
f 3620/4703/190 3604/4711/190 3615/4704/190
f 3615/4704/190 3763/4712/190 3751/4705/190
f 3562/4707/190 3744/4713/190 3563/4714/190
f 3567/4708/190 3563/4714/190 3568/4715/190
f 3572/4709/190 3568/4715/190 3573/4716/190
f 3598/4710/190 3573/4716/190 3610/4717/190
f 3598/4710/190 3616/4718/190 3604/4711/190
f 3604/4711/190 3752/4719/190 3763/4712/190
f 3563/4714/190 3755/4720/190 3743/4721/190
f 3568/4715/190 3743/4721/190 3766/4722/190
f 3573/4716/190 3766/4722/190 3754/4723/190
f 3610/4717/190 3754/4723/190 3765/4724/190
f 3610/4717/190 3753/4725/190 3616/4718/190
f 3725/4726/581 3785/4727/581 3789/4728/581
f 3558/4673/190 3595/4729/190 3583/4674/190
f 3600/4730/1360 3588/4645/1360 3612/4731/1360
f 3741/4732/1361 3581/4650/1361 3605/4733/1361
f 3584/4734/1362 3785/4727/1362 3608/4735/1362
f 3784/4736/1363 3574/4675/1363 3772/4737/1363
f 3577/4738/1364 3613/4739/1364 3601/4740/1364
f 3617/4741/1365 3582/4662/1365 3606/4742/1365
f 3773/4743/1363 3597/4676/1363 3784/4736/1363
f 3783/4744/1366 3575/4663/1366 3599/4745/1366
f 3578/4636/1367 3731/4746/1367 3602/4747/1367
f 3594/4668/1368 3607/4748/1368 3618/4749/1368
f 3611/4750/1369 3576/4651/1369 3600/4730/1369
f 3719/4751/1370 3591/4641/1370 3742/4752/1370
f 3683/4753/1371 3647/4754/1371 3659/4755/1371
f 3675/4756/1372 3662/4757/1372 3651/4758/1372
f 3667/4759/1373 3679/4760/1373 3655/4761/1373
f 3684/4762/1374 3648/4763/1374 3660/4764/1374
f 3676/4765/1375 3663/4766/1375 3652/4767/1375
f 3692/4768/1376 3656/4769/1376 3668/4770/1376
f 3685/4771/1377 3649/4772/1377 3661/4773/1377
f 3677/4774/1378 3664/4775/1378 3653/4776/1378
f 3670/4777/1379 3657/4778/1379 3646/4779/1379
f 3686/4780/1380 3650/4781/1380 3662/4757/1380
f 3654/4782/1381 3689/4783/1381 3665/4784/1381
f 3671/4785/1382 3658/4786/1382 3647/4754/1382
f 3687/4787/1383 3651/4758/1383 3663/4766/1383
f 3655/4761/1384 3690/4788/1384 3666/4789/1384
f 3672/4790/1385 3659/4755/1385 3648/4763/1385
f 3688/4791/1386 3652/4767/1386 3664/4775/1386
f 3656/4769/1387 3691/4792/1387 3667/4759/1387
f 3681/4793/1388 3645/4794/1388 3657/4778/1388
f 3673/4795/1389 3660/4764/1389 3649/4772/1389
f 3665/4784/1390 3677/4774/1390 3653/4776/1390
f 3669/4796/1391 3668/4770/1391 3645/4794/1391
f 3682/4797/1392 3646/4779/1392 3658/4786/1392
f 3674/4798/1393 3661/4773/1393 3650/4781/1393
f 3666/4789/1394 3678/4799/1394 3654/4782/1394
f 3695/4800/190 3671/4785/190 3683/4753/190
f 3695/4800/190 3670/4777/190 3682/4797/190
f 3698/4801/190 3681/4793/190 3670/4777/190
f 3703/4802/190 3669/4796/190 3681/4793/190
f 3708/4803/190 3692/4768/190 3669/4796/190
f 3713/4804/190 3680/4805/190 3692/4768/190
f 3672/4790/190 3695/4800/190 3683/4753/190
f 3700/4806/190 3698/4801/190 3695/4800/190
f 3702/4807/190 3703/4802/190 3698/4801/190
f 3704/4808/190 3708/4803/190 3703/4802/190
f 3709/4809/190 3713/4804/190 3708/4803/190
f 3714/4810/190 3691/4792/190 3713/4804/190
f 3684/4762/190 3700/4806/190 3672/4790/190
f 3696/4811/190 3702/4807/190 3700/4806/190
f 3694/4812/190 3704/4808/190 3702/4807/190
f 3705/4813/190 3709/4809/190 3704/4808/190
f 3710/4814/190 3714/4810/190 3709/4809/190
f 3715/4815/190 3679/4760/190 3714/4810/190
f 3673/4795/190 3696/4811/190 3684/4762/190
f 3701/4816/190 3694/4812/190 3696/4811/190
f 3699/4817/190 3705/4813/190 3694/4812/190
f 3706/4818/190 3710/4814/190 3705/4813/190
f 3711/4819/190 3715/4815/190 3710/4814/190
f 3716/4820/190 3690/4788/190 3715/4815/190
f 3685/4771/190 3701/4816/190 3673/4795/190
f 3697/4821/190 3699/4817/190 3701/4816/190
f 3693/4822/190 3706/4818/190 3699/4817/190
f 3707/4823/190 3711/4819/190 3706/4818/190
f 3712/4824/190 3716/4820/190 3711/4819/190
f 3689/4783/190 3716/4820/190 3717/4825/190
f 3674/4798/190 3697/4821/190 3685/4771/190
f 3686/4780/190 3693/4822/190 3697/4821/190
f 3675/4756/190 3707/4823/190 3693/4822/190
f 3687/4787/190 3712/4824/190 3707/4823/190
f 3676/4765/190 3717/4825/190 3712/4824/190
f 3677/4774/190 3717/4825/190 3688/4791/190
f 3595/4729/1395 3608/4735/1395 3619/4826/1395
f 3612/4731/1396 3577/4738/1396 3601/4740/1396
f 3730/4827/1397 3592/4644/1397 3741/4732/1397
f 3596/4678/1398 3773/4743/1398 3785/4727/1398
f 3589/4634/1399 3602/4747/1399 3613/4739/1399
f 3605/4733/1400 3593/4656/1400 3617/4741/1400
f 3772/4737/1401 3586/4669/1401 3783/4744/1401
f 3731/4746/1402 3579/4639/1402 3719/4751/1402
f 3582/4662/1403 3618/4749/1403 3606/4742/1403
f 3599/4745/1404 3587/4657/1404 3611/4750/1404
f 3742/4752/1370 3580/4643/1370 3730/4827/1370
f 3583/4674/1405 3619/4826/1405 3607/4748/1405
f 3552/4672/190 3584/4734/190 3558/4673/190
f 3721/4828/1406 3636/4633/1406 3733/4829/1406
f 3737/4830/1407 3629/4604/1407 3726/4831/1407
f 3632/4592/1408 3741/4732/1408 3729/4832/1408
f 3742/4752/1409 3622/4603/1409 3719/4751/1409
f 3625/4632/1410 3734/4833/1410 3722/4834/1410
f 3738/4835/1411 3630/4598/1411 3727/4836/1411
f 3730/4827/1409 3718/4597/1409 3742/4752/1409
f 3731/4746/1412 3623/4615/1412 3720/4837/1412
f 3626/4630/1413 3735/4838/1413 3723/4839/1413
f 3642/4587/1414 3728/4840/1414 3739/4841/1414
f 3732/4842/1415 3624/4627/1415 3721/4828/1415
f 3627/4628/1416 3736/4843/1416 3724/4844/1416
f 3643/4590/1417 3729/4832/1417 3740/4845/1417
f 3733/4829/1418 3625/4632/1418 3722/4834/1418
f 3725/4726/1419 3640/4610/1419 3737/4830/1419
f 3644/4594/1420 3730/4827/1420 3741/4732/1420
f 3637/4631/1421 3723/4839/1421 3734/4833/1421
f 3726/4831/1422 3641/4846/1422 3738/4835/1422
f 3719/4751/1423 3634/4609/1423 3731/4746/1423
f 3638/4629/1424 3724/4844/1424 3735/4838/1424
f 3630/4598/1425 3739/4841/1425 3727/4836/1425
f 3720/4837/1426 3635/4621/1426 3732/4842/1426
f 3736/4843/1416 3628/4616/1416 3725/4726/1416
f 3631/4589/1427 3740/4845/1427 3728/4840/1427
f 3616/4718/190 3764/4847/190 3752/4719/190
f 3769/4848/1406 3757/4849/1406 3781/4850/1406
f 3785/4727/1428 3750/4691/1428 3774/4851/1428
f 3753/4725/1429 3789/4728/1429 3777/4852/1429
f 3790/4853/1430 3743/4721/1430 3767/4854/1430
f 3746/4692/1431 3782/4855/1431 3770/4856/1431
f 3786/4857/1411 3751/4705/1411 3775/4858/1411
f 3754/4723/1430 3790/4853/1430 3778/4859/1430
f 3779/4860/1432 3744/4713/1432 3768/4861/1432
f 3747/4681/1433 3783/4744/1433 3771/4862/1433
f 3763/4712/1414 3776/4863/1414 3787/4864/1414
f 3780/4865/1415 3745/4699/1415 3769/4848/1415
f 3772/4737/1434 3760/4686/1434 3784/4736/1434
f 3764/4847/1417 3777/4852/1417 3788/4866/1417
f 3781/4850/1435 3746/4692/1435 3770/4856/1435
f 3773/4743/1436 3761/4690/1436 3785/4727/1436
f 3765/4724/1437 3778/4859/1437 3789/4728/1437
f 3758/4679/1421 3771/4862/1421 3782/4855/1421
f 3774/4851/1422 3762/4698/1422 3786/4857/1422
f 3767/4854/1438 3755/4720/1438 3779/4860/1438
f 3759/4682/1439 3772/4737/1439 3783/4744/1439
f 3751/4705/1425 3787/4864/1425 3775/4858/1425
f 3768/4861/1426 3756/4706/1426 3780/4865/1426
f 3827/4867/1440 3793/4868/1440 3804/4869/1440
f 3811/4870/1441 3823/4871/1441 3800/4872/1441
f 3828/4873/1442 3794/4874/1442 3805/4875/1442
f 3812/4876/1443 3824/4877/1443 3801/4878/1443
f 3806/4879/1444 3817/4880/1444 3795/4881/1444
f 3821/4882/1445 3808/4883/1445 3798/4884/1445
f 3814/4885/1446 3802/4886/1446 3792/4887/1446
f 3799/4888/1447 3833/4889/1447 3809/4890/1447
f 3815/4891/1448 3803/4892/1448 3793/4868/1448
f 3823/4871/1449 3810/4893/1449 3800/4872/1449
f 3816/4894/1450 3804/4869/1450 3794/4874/1450
f 3832/4895/1451 3797/4896/1451 3808/4883/1451
f 3801/4878/1452 3835/4897/1452 3811/4870/1452
f 3825/4898/1453 3791/4899/1453 3802/4886/1453
f 3817/4880/1454 3805/4875/1454 3795/4881/1454
f 3833/4889/1455 3798/4884/1455 3809/4890/1455
f 3791/4899/1453 3836/4900/1453 3812/4876/1453
f 3826/4901/1456 3792/4887/1456 3803/4892/1456
f 3796/4902/1457 3829/4903/1457 3806/4879/1457
f 3834/4904/1458 3799/4888/1458 3810/4893/1458
f 3839/4905/190 3815/4891/190 3827/4867/190
f 3842/4906/190 3826/4901/190 3839/4905/190
f 3842/4906/190 3825/4898/190 3814/4885/190
f 3847/4907/190 3813/4908/190 3825/4898/190
f 3852/4909/190 3836/4900/190 3813/4908/190
f 3857/4910/190 3824/4877/190 3836/4900/190
f 3844/4911/190 3827/4867/190 3816/4894/190
f 3846/4912/190 3839/4905/190 3844/4911/190
f 3846/4912/190 3847/4907/190 3842/4906/190
f 3848/4913/190 3852/4909/190 3847/4907/190
f 3853/4914/190 3857/4910/190 3852/4909/190
f 3858/4915/190 3835/4897/190 3857/4910/190
f 3840/4916/190 3816/4894/190 3828/4873/190
f 3838/4917/190 3844/4911/190 3840/4916/190
f 3838/4917/190 3848/4913/190 3846/4912/190
f 3849/4918/190 3853/4914/190 3848/4913/190
f 3854/4919/190 3858/4915/190 3853/4914/190
f 3859/4920/190 3823/4871/190 3858/4915/190
f 3817/4880/190 3840/4916/190 3828/4873/190
f 3845/4921/190 3838/4917/190 3840/4916/190
f 3843/4922/190 3849/4918/190 3838/4917/190
f 3850/4923/190 3854/4919/190 3849/4918/190
f 3855/4924/190 3859/4920/190 3854/4919/190
f 3822/4925/190 3859/4920/190 3860/4926/190
f 3829/4903/190 3845/4921/190 3817/4880/190
f 3841/4927/190 3843/4922/190 3845/4921/190
f 3837/4928/190 3850/4923/190 3843/4922/190
f 3851/4929/190 3855/4924/190 3850/4923/190
f 3856/4930/190 3860/4926/190 3855/4924/190
f 3833/4889/190 3860/4926/190 3861/4931/190
f 3818/4932/190 3841/4927/190 3829/4903/190
f 3819/4933/190 3851/4929/190 3837/4928/190
f 3831/4934/190 3856/4930/190 3851/4929/190
f 3820/4935/190 3861/4931/190 3856/4930/190
f 3821/4882/190 3861/4931/190 3832/4895/190
f 3885/4936/1459 3863/4937/1459 3870/4938/1459
f 3881/4939/1460 3873/4940/1460 3867/4941/1460
f 3871/4942/1461 3878/4943/1461 3864/4944/1461
f 3872/4945/1462 3879/4946/1462 3865/4947/1462
f 3876/4948/1463 3868/4949/1463 3862/4950/1463
f 3888/4951/1464 3866/4952/1464 3873/4940/1464
f 3863/4937/1465 3884/4953/1465 3869/4954/1465
f 3874/4955/1466 3881/4939/1466 3867/4941/1466
f 3878/4943/1467 3870/4938/1467 3864/4944/1467
f 3868/4949/1468 3875/4956/1468 3796/4902/1468
f 3865/4947/1469 3886/4957/1469 3871/4942/1469
f 3820/4935/1470 3807/4958/1470 3797/4896/1470
f 3875/4956/1471 3818/4932/1471 3796/4902/1471
f 3884/4953/1472 3862/4950/1472 3869/4954/1472
f 3866/4952/1473 3887/4959/1473 3872/4945/1473
f 3893/4960/190 3877/4961/190 3885/4936/190
f 3893/4960/1474 3876/4948/1474 3884/4953/1474
f 3896/4962/1475 3883/4963/1475 3876/4948/1475
f 3901/4964/1476 3875/4956/1476 3883/4963/1476
f 3878/4943/190 3893/4960/190 3885/4936/190
f 3898/4965/1477 3896/4962/1477 3893/4960/1477
f 3900/4966/1478 3901/4964/1478 3896/4962/1478
f 3902/4967/1479 3906/4968/1479 3901/4964/1479
f 3908/4969/1480 3837/4928/1480 3907/4970/1480
f 3886/4957/1481 3898/4965/1481 3878/4943/1481
f 3894/4971/1482 3900/4966/1482 3898/4965/1482
f 3892/4972/1483 3902/4967/1483 3900/4966/1483
f 3903/4973/1484 3907/4970/1484 3902/4967/1484
f 3879/4946/190 3894/4971/190 3886/4957/190
f 3899/4974/1485 3892/4972/1485 3894/4971/1485
f 3897/4975/1486 3903/4973/1486 3892/4972/1486
f 3904/4976/1487 3908/4969/1487 3903/4973/1487
f 3909/4977/1488 3819/4933/1488 3908/4969/1488
f 3887/4959/1489 3899/4974/1489 3879/4946/1489
f 3895/4978/1490 3897/4975/1490 3899/4974/1490
f 3891/4979/1491 3904/4976/1491 3897/4975/1491
f 3905/4980/1492 3909/4977/1492 3904/4976/1492
f 3910/4981/1493 3831/4934/1493 3909/4977/1493
f 3880/4982/190 3895/4978/190 3887/4959/190
f 3888/4951/1494 3891/4979/1494 3895/4978/1494
f 3881/4939/1495 3905/4980/1495 3891/4979/1495
f 3889/4983/1496 3910/4981/1496 3905/4980/1496
f 3890/4984/1497 3910/4981/1497 3882/4985/1497
f 3841/4927/1498 3830/4986/1498 3837/4928/1498
f 3907/4970/1499 3837/4928/1499 3906/4968/1499
f 3906/4968/1500 3830/4986/1500 3875/4956/1500
f 3912/4987/1501 3929/4988/1501 3918/4989/1501
f 3916/4990/1502 3932/4991/1502 3927/4992/1502
f 3919/4993/1503 3924/4994/1503 3930/4995/1503
f 3920/4996/1504 3925/4997/1504 3931/4998/1504
f 3797/4896/1505 3922/4999/1505 3911/5000/1505
f 3915/5001/1506 3932/4991/1506 3921/5002/1506
f 3917/5003/1507 3923/5004/1507 3912/4987/1507
f 3874/4955/1508 3927/4992/1508 3889/4983/1508
f 3913/5005/1509 3929/4988/1509 3924/4994/1509
f 3914/5006/1510 3930/4995/1510 3925/4997/1510
f 3911/5000/1511 3928/5007/1511 3917/5003/1511
f 3915/5001/1512 3931/4998/1512 3926/5008/1512
f 3923/5004/1513 3935/5009/1513 3929/4988/1513
f 3928/5007/1514 3938/5010/1514 3935/5009/1514
f 3938/5010/1515 3922/4999/1515 3807/4958/1515
f 3924/4994/1516 3935/5009/1516 3940/5011/1516
f 3935/5009/1517 3942/5012/1517 3940/5011/1517
f 3942/5012/1518 3807/4958/1518 3890/4984/1518
f 3930/4995/1519 3940/5011/1519 3936/5013/1519
f 3940/5011/1520 3934/5014/1520 3936/5013/1520
f 3934/5014/1521 3942/5012/1521 3890/4984/1521
f 3925/4997/1522 3936/5013/1522 3941/5015/1522
f 3936/5013/1523 3939/5016/1523 3941/5015/1523
f 3939/5016/1524 3890/4984/1524 3882/4985/1524
f 3931/4998/1525 3941/5015/1525 3937/5017/1525
f 3941/5015/1526 3933/5018/1526 3937/5017/1526
f 3933/5018/1527 3939/5016/1527 3882/4985/1527
f 3926/5008/1528 3937/5017/1528 3932/4991/1528
f 3937/5017/1529 3927/4992/1529 3932/4991/1529
f 3927/4992/1530 3882/4985/1530 3889/4983/1530
f 3947/5019/1531 3975/5020/1531 3956/5021/1531
f 3961/5022/1532 3970/5023/1532 3951/5024/1532
f 3973/5025/1533 3944/5026/1533 3954/5027/1533
f 3948/5028/1534 3976/5029/1534 3957/5030/1534
f 3962/5031/1535 3971/5032/1535 3952/5033/1535
f 3968/5034/1536 3958/5035/1536 3949/5036/1536
f 3956/5021/1537 3965/5037/1537 3946/5038/1537
f 3969/5039/1538 3959/5040/1538 3950/5041/1538
f 3957/5030/1539 3966/5042/1539 3947/5019/1539
f 3970/5023/1540 3960/5043/1540 3951/5024/1540
f 3964/5044/1541 3953/5045/1541 3944/5026/1541
f 3977/5046/1542 3948/5028/1542 3958/5035/1542
f 3952/5033/1543 3980/5047/1543 3961/5022/1543
f 3959/5040/1544 3968/5034/1544 3949/5036/1544
f 3943/5048/1545 3981/5049/1545 3962/5031/1545
f 3946/5038/1546 3974/5050/1546 4023/5051/1546
f 3979/5052/1547 3950/5041/1547 3960/5043/1547
f 3963/5053/190 3986/5054/190 3991/5055/190
f 3991/5055/190 3981/5049/190 3963/5053/190
f 3996/5056/190 3971/5032/190 3981/5049/190
f 3985/5057/190 3982/5058/190 4051/5059/190
f 3973/5025/1548 4022/5060/1548 3974/5050/1548
f 3987/5061/190 3991/5055/190 3986/5054/190
f 3992/5062/190 3996/5056/190 3991/5055/190
f 3997/5063/190 3980/5047/190 3996/5056/190
f 4023/5051/1546 3974/5050/1546 3955/5064/1546
f 3973/5025/1549 3984/5065/1549 3964/5044/1549
f 3988/5066/190 3992/5062/190 3987/5061/190
f 3993/5067/190 3997/5063/190 3992/5062/190
f 3979/5052/190 3997/5063/190 3998/5068/190
f 3989/5069/190 3993/5067/190 3988/5066/190
f 3994/5070/190 3998/5068/190 3993/5067/190
f 3969/5039/190 3998/5068/190 3999/5071/190
f 3982/5058/190 3989/5069/190 4051/5059/190
f 3990/5072/190 3994/5070/190 3989/5069/190
f 3995/5073/190 3999/5071/190 3994/5070/190
f 3978/5074/190 3999/5071/190 4000/5075/190
f 3975/5020/1550 3982/5058/1550 3965/5037/1550
f 3966/5042/1551 3990/5072/1551 3982/5058/1551
f 3976/5029/190 3995/5073/190 3990/5072/190
f 3977/5046/1552 3995/5073/1552 3967/5076/1552
f 3968/5034/190 4000/5075/190 3977/5046/190
f 3955/5064/1553 4015/5077/1553 3945/5078/1553
f 4002/5079/1554 4024/5080/1554 3943/5048/1554
f 4029/5081/1555 4006/5082/1555 4012/5083/1555
f 4017/5084/1556 4008/5085/1556 4003/5086/1556
f 4030/5087/1557 4007/5088/1557 4013/5089/1557
f 4018/5090/1558 4009/5091/1558 4004/5092/1558
f 4024/5080/1559 3963/5053/1559 3943/5048/1559
f 4005/5093/1560 4027/5094/1560 4010/5095/1560
f 4015/5077/1561 3954/5027/1561 3945/5078/1561
f 4025/5096/1562 4002/5079/1562 4008/5085/1562
f 4020/5097/1563 4011/5098/1563 4006/5082/1563
f 3955/5064/1564 3974/5050/1564 4022/5060/1564
f 4026/5099/1565 4003/5086/1565 4009/5091/1565
f 4021/5100/1566 4012/5083/1566 4007/5088/1566
f 3972/5101/1567 4001/5102/1567 3953/5045/1567
f 4010/5095/1568 4018/5090/1568 4004/5092/1568
f 4014/5103/1569 4013/5089/1569 4001/5102/1569
f 4011/5098/1570 4019/5104/1570 4005/5093/1570
f 4036/5105/190 4014/5103/190 3972/5101/190
f 4041/5106/190 4030/5087/190 4014/5103/190
f 4046/5107/190 4021/5100/190 4030/5087/190
f 3983/5108/1571 3964/5044/1571 3984/5065/1571
f 3983/5108/1572 4036/5105/1572 3972/5101/1572
f 4037/5109/190 4041/5106/190 4036/5105/190
f 4042/5110/190 4046/5107/190 4041/5106/190
f 4047/5111/190 4029/5081/190 4046/5107/190
f 3965/5037/1573 3984/5065/1573 3974/5050/1573
f 4033/5112/1574 3983/5108/1574 3984/5065/1574
f 4032/5113/1575 4037/5109/1575 3983/5108/1575
f 4038/5114/190 4042/5110/190 4037/5109/190
f 4043/5115/190 4047/5111/190 4042/5110/190
f 4048/5116/190 4020/5097/190 4047/5111/190
f 3985/5057/1576 4033/5112/1576 3965/5037/1576
f 4035/5117/190 4032/5113/190 4033/5112/190
f 4034/5118/190 4038/5114/190 4032/5113/190
f 4039/5119/190 4043/5115/190 4038/5114/190
f 4044/5120/190 4048/5116/190 4043/5115/190
f 4049/5121/190 4028/5122/190 4048/5116/190
f 3986/5054/1577 4034/5118/1577 4035/5117/1577
f 4031/5123/190 4039/5119/190 4034/5118/190
f 4040/5124/190 4044/5120/190 4039/5119/190
f 4045/5125/190 4049/5121/190 4044/5120/190
f 4027/5094/190 4049/5121/190 4050/5126/190
f 4024/5080/1578 4031/5123/1578 3986/5054/1578
f 4016/5127/190 4040/5124/190 4031/5123/190
f 4025/5096/190 4045/5125/190 4040/5124/190
f 4017/5084/190 4050/5126/190 4045/5125/190
f 4018/5090/190 4050/5126/190 4026/5099/190
f 4051/5059/190 3987/5061/190 3986/5054/190
f 4051/5059/1579 4035/5117/1579 3985/5057/1579
f 3988/5066/190 4051/5059/190 3989/5069/190
f 4064/5128/190 4062/5129/190 4063/5130/190
f 4066/5131/190 4061/5132/190 4064/5128/190
f 4066/5131/190 4059/5133/190 4060/5134/190
f 4065/5135/190 4063/5130/190 4052/5136/190
f 4067/5137/190 4064/5128/190 4065/5135/190
f 4057/5138/190 4066/5131/190 4067/5137/190
f 4053/5139/190 4065/5135/190 4052/5136/190
f 4055/5140/190 4065/5135/190 4054/5141/190
f 4056/5142/190 4067/5137/190 4055/5140/190
f 4058/5143/1580 4075/5144/1580 4059/5133/1580
f 4056/5142/1581 4071/5145/1581 4072/5146/1581
f 4063/5130/1582 4078/5147/1582 4079/5148/1582
f 4052/5136/1583 4069/5149/1583 4053/5139/1583
f 4059/5133/1584 4076/5150/1584 4060/5134/1584
f 4057/5138/1585 4072/5146/1585 4073/5151/1585
f 4052/5136/1586 4079/5148/1586 4068/5152/1586
f 4053/5139/1587 4070/5153/1587 4054/5141/1587
f 4060/5134/1588 4077/5154/1588 4061/5132/1588
f 4058/5143/1589 4073/5151/1589 4074/5155/1589
f 4054/5141/1590 4071/5145/1590 4055/5140/1590
f 4062/5129/1591 4077/5154/1591 4078/5147/1591
f 4092/5156/190 4090/5157/190 4091/5158/190
f 4094/5159/190 4089/5160/190 4092/5156/190
f 4094/5159/190 4087/5161/190 4088/5162/190
f 4093/5163/190 4091/5158/190 4080/5164/190
f 4095/5165/190 4092/5156/190 4093/5163/190
f 4085/5166/190 4094/5159/190 4095/5165/190
f 4081/5167/190 4093/5163/190 4080/5164/190
f 4083/5168/190 4093/5163/190 4082/5169/190
f 4084/5170/190 4095/5165/190 4083/5168/190
f 4086/5171/1580 4103/5172/1580 4087/5161/1580
f 4084/5170/1581 4099/5173/1581 4100/5174/1581
f 4091/5158/1592 4106/5175/1592 4107/5176/1592
f 4080/5164/1583 4097/5177/1583 4081/5167/1583
f 4087/5161/1584 4104/5178/1584 4088/5162/1584
f 4085/5166/1585 4100/5174/1585 4101/5179/1585
f 4080/5164/1586 4107/5176/1586 4096/5180/1586
f 4081/5167/1587 4098/5181/1587 4082/5169/1587
f 4088/5162/1588 4105/5182/1588 4089/5160/1588
f 4086/5171/1589 4101/5179/1589 4102/5183/1589
f 4082/5169/1590 4099/5173/1590 4083/5168/1590
f 4090/5157/1591 4105/5182/1591 4106/5175/1591
f 3784/4736/1434 3749/4688/1434 3773/4743/1434
f 3645/4794/581 3653/4776/581 3649/4772/581
f 3752/4719/1593 3788/4866/1593 3776/4863/1593
f 3874/4955/1594 3866/4952/1594 3868/4949/1594
f 4078/5147/581 4074/5155/581 4070/5153/581
f 4106/5175/581 4102/5183/581 4098/5181/581
f 3943/5048/1595 3962/5031/1595 3957/5030/1595
f 2343/1/1 960/1512/1 952/2/1
f 356/4/2 1100/54/2 1097/5/2
f 65/7/1596 810/23/1596 803/8/1596
f 213/10/4 219/1511/4 959/11/4
f 345/13/1597 355/59/1597 1099/14/1597
f 74/16/1598 816/49/1598 813/17/1598
f 354/19/7 1108/1489/7 1107/20/7
f 73/22/8 815/56/8 810/23/8
f 2341/3/9 952/2/9 956/24/9
f 353/26/10 1106/1504/10 1105/27/10
f 70/18/1599 813/17/1599 820/29/1599
f 211/31/12 955/1606/12 954/32/12
f 350/6/1600 1097/5/1600 1104/34/1600
f 79/36/1601 71/45/1601 818/37/1601
f 209/39/1602 210/33/1602 954/32/1602
f 359/41/1603 351/47/1603 1102/42/1603
f 72/44/1604 817/1510/1604 818/37/1604
f 352/46/1605 1101/1509/1605 1102/42/1605
f 68/48/1606 809/68/1606 816/49/1606
f 207/50/20 951/1615/20 950/51/20
f 346/53/21 1092/81/21 1100/54/21
f 69/55/1607 814/1494/1607 815/56/1607
f 237/57/12 208/52/12 950/51/12
f 355/59/1608 349/1495/1608 1098/60/1608
f 2367/61/24 940/155/24 947/62/24
f 347/64/25 1095/73/25 1096/65/25
f 68/48/1609 64/93/1609 808/67/1609
f 193/69/27 205/129/27 945/70/27
f 363/72/1610 1094/1566/1610 1095/73/1610
f 66/74/29 812/83/29 806/75/29
f 2365/77/30 944/140/30 939/78/30
f 361/80/1611 1091/1552/1611 1092/81/1611
f 76/82/29 811/1488/29 812/83/29
f 203/84/32 937/156/32 942/85/32
f 343/87/1612 327/195/1612 1073/88/1612
f 344/90/34 1090/1572/34 1074/91/34
f 64/93/35 63/98/35 807/94/35
f 2372/95/36 923/289/36 943/96/36
f 67/76/29 806/75/29 807/94/29
f 201/99/37 941/143/37 924/100/37
f 62/102/38 804/108/38 805/103/38
f 342/105/39 331/182/39 1078/106/39
f 75/9/1613 803/8/1613 804/108/1613
f 2369/109/41 2363/126/41 948/110/41
f 341/112/42 340/121/42 1088/113/42
f 197/115/43 199/167/43 935/116/43
f 60/118/1614 802/134/1614 797/119/1614
f 340/121/1615 325/199/1615 1071/122/1615
f 57/123/1616 59/172/1616 799/124/1616
f 2364/63/47 947/62/47 948/110/47
f 339/127/1617 342/105/1617 1087/107/1617
f 205/129/48 197/115/48 946/117/48
f 336/130/49 1081/145/49 1086/131/49
f 58/133/1618 800/171/1618 802/134/1618
f 632/135/1619 337/141/1619 1084/136/1619
f 57/123/1620 801/125/1620 794/138/1620
f 2365/77/53 2366/97/53 943/96/53
f 337/141/54 338/304/54 1083/142/54
f 195/86/55 942/85/55 941/143/55
f 333/144/56 1076/170/56 1081/145/56
f 56/146/57 41/220/57 785/147/57
f 330/149/58 335/308/58 1082/150/58
f 45/152/1621 790/166/1621 783/153/1621
f 2368/79/1622 939/78/1622 940/155/1622
f 203/84/61 193/69/61 938/71/61
f 54/157/1623 796/184/1623 793/158/1623
f 2369/109/63 936/111/63 933/160/63
f 334/162/64 329/187/64 1075/163/64
f 45/152/1624 53/186/1624 795/165/1624
f 199/167/1625 188/201/1625 931/168/1625
f 332/169/67 1080/177/67 1076/170/67
f 50/159/1626 793/158/1626 800/171/1626
f 59/172/1627 51/178/1627 798/173/1627
f 2370/174/70 934/185/70 902/175/70
f 332/169/71 341/112/71 1079/114/71
f 52/120/1628 797/119/1628 798/173/1628
f 184/179/1629 926/218/1629 932/180/1629
f 331/182/64 334/162/64 1077/164/64
f 48/183/1630 789/192/1630 796/184/1630
f 2371/161/75 933/160/75 934/185/75
f 49/139/1631 794/138/1631 795/165/1631
f 328/92/1632 1074/91/1632 1075/163/1632
f 190/188/1633 185/204/1633 929/189/1633
f 48/183/1634 44/213/1634 788/191/1634
f 187/181/1635 932/180/1635 927/193/1635
f 330/149/1636 1072/151/1636 1073/88/1636
f 46/196/57 792/203/57 786/197/57
f 325/199/82 326/202/82 1070/200/82
f 188/201/1637 190/188/1637 930/190/1637
f 326/202/1638 339/127/1638 1069/128/1638
f 56/146/57 791/148/57 792/203/57
f 185/204/20 186/209/20 928/205/20
f 317/206/85 1061/225/85 1067/207/85
f 189/194/1639 927/193/1639 928/205/1639
f 318/210/1640 324/215/1640 1068/211/1640
f 44/213/1641 43/216/1641 787/214/1641
f 324/215/89 323/208/89 1067/207/89
f 47/198/57 786/197/57 787/214/57
f 184/179/1642 153/381/1642 897/217/1642
f 42/219/91 784/226/91 785/147/91
f 183/221/92 181/231/92 925/222/92
f 317/206/1643 696/1794/1643 1066/224/1643
f 55/154/1644 783/153/1644 784/226/1644
f 316/227/95 321/246/95 1064/228/95
f 157/230/92 901/368/92 925/222/92
f 315/232/1645 320/251/1645 1060/233/1645
f 319/235/1646 1059/259/1646 1054/236/1646
f 159/238/98 180/303/98 921/239/98
f 322/241/1647 315/232/1647 1057/234/1647
f 2380/243/100 910/338/100 920/244/100
f 321/246/1648 695/1791/1648 1063/247/1648
f 2374/248/102 919/305/102 914/249/102
f 320/251/103 311/270/103 1053/252/103
f 27/253/104 766/337/104 777/254/104
f 170/256/105 177/334/105 911/257/105
f 319/235/106 316/227/106 1058/229/106
f 39/260/107 33/318/107 776/261/107
f 176/263/108 915/316/108 912/264/108
f 2377/266/109 2378/332/109 913/267/109
f 314/269/1649 1056/281/1649 1053/252/1649
f 313/271/111 1055/288/111 1048/272/111
f 38/274/112 28/341/112 764/275/112
f 2373/277/113 2376/311/113 917/278/113
f 305/280/1650 1047/293/1650 1056/281/1650
f 32/282/115 774/323/115 769/283/115
f 167/285/116 173/342/116 909/286/116
f 312/237/117 1054/236/117 1055/288/117
f 2373/277/118 907/279/118 923/289/118
f 171/101/119 924/100/119 908/290/119
f 310/292/120 1052/307/120 1047/293/120
f 36/294/115 29/333/115 768/295/115
f 309/297/121 1049/317/121 1051/298/121
f 35/300/1651 31/330/1651 772/301/1651
f 180/303/123 170/256/123 922/258/123
f 633/132/49 1086/131/49 1083/142/49
f 2375/245/125 920/244/125 919/305/125
f 308/306/1652 1050/313/1652 1052/307/1652
f 335/308/1653 632/135/1653 1085/137/1653
f 307/299/128 1051/298/128 1043/309/128
f 2376/311/129 2377/266/129 918/268/129
f 302/312/1654 1046/336/1654 1050/313/1654
f 40/255/131 777/254/131 767/314/131
f 176/263/132 167/285/132 916/287/132
f 306/273/133 1048/272/133 1049/317/133
f 33/318/134 30/331/134 770/319/134
f 2382/320/135 906/349/135 903/321/135
f 32/282/115 36/294/115 773/296/115
f 165/324/136 905/352/136 899/325/136
f 300/327/137 1044/344/137 1045/328/137
f 38/274/138 771/276/138 772/301/138
f 37/284/115 769/283/115 770/319/115
f 2379/250/139 914/249/139 913/267/139
f 34/315/140 767/314/140 768/295/140
f 177/334/141 163/265/141 912/264/141
f 302/312/1655 297/358/1655 1041/335/1655
f 35/300/143 765/302/143 766/337/143
f 2381/322/144 903/321/144 910/338/144
f 304/329/137 1045/328/137 1042/339/137
f 28/341/145 39/260/145 763/262/145
f 173/342/146 161/291/146 908/290/146
f 300/327/1656 293/374/1656 1037/343/1656
f 24/345/1657 19/398/1657 747/346/1657
f 2383/348/1 898/362/1 906/349/1
f 303/310/148 1043/309/148 1035/350/148
f 165/324/149 159/238/149 904/240/149
f 21/353/155 755/387/155 760/354/155
f 301/340/137 1042/339/137 1038/356/137
f 297/358/1658 296/363/1658 1040/359/1658
f 23/355/1659 760/354/1659 751/360/1659
f 2384/176/153 902/175/153 898/362/153
f 296/363/154 295/369/154 1039/364/154
f 22/365/1660 24/345/1660 761/347/1660
f 157/230/92 156/373/92 900/367/92
f 298/357/137 1038/356/137 1039/364/137
f 25/370/157 762/377/157 753/371/157
f 155/326/1661 899/325/1661 900/367/1661
f 293/374/159 294/378/159 1036/375/159
f 14/376/160 759/433/160 762/377/160
f 299/351/1662 1035/350/1662 1036/375/1662
f 22/365/1663 758/366/1663 757/379/1663
f 153/381/20 154/388/20 896/382/20
f 285/383/1664 1029/410/1664 1033/384/1664
f 21/353/1665 9/1858/1665 739/386/1665
f 183/221/92 895/223/92 896/382/92
f 286/389/1666 292/397/1666 1034/390/1666
f 20/361/1667 751/360/1667 749/392/1667
f 147/394/167 894/852/167 829/395/167
f 291/385/168 1033/384/168 1034/390/168
f 19/398/1668 5/1877/1668 748/399/1668
f 2386/400/170 889/1869/170 875/401/170
f 18/403/171 741/1863/171 740/404/171
f 138/406/172 881/443/172 884/407/172
f 285/383/173 290/434/173 1032/409/173
f 17/411/174 737/1854/174 744/412/174
f 289/414/175 1031/441/175 1026/415/175
f 6/417/1669 16/448/1669 756/418/1669
f 2388/420/177 882/1847/177 886/421/177
f 283/423/1670 288/446/1670 1028/424/1670
f 139/426/179 885/1857/179 893/427/179
f 287/429/180 1027/989/180 1022/430/180
f 15/432/181 752/1888/181 759/433/181
f 290/434/1671 283/423/1671 1025/425/1671
f 13/435/1672 750/1883/1672 754/436/1672
f 2390/438/184 880/1841/184 888/439/184
f 286/389/185 1030/391/185 1031/441/185
f 148/442/186 891/1873/186 881/443/186
f 1/444/187 12/380/187 757/379/187
f 288/446/188 279/1886/188 1021/447/188
f 16/448/1673 11/1867/1673 743/449/1673
f 427/450/190 1/454/190 17/451/190
f 439/453/190 425/5184/190 1/454/190
f 1/454/190 425/5184/190 426/455/190
f 441/457/190 440/5185/190 12/456/190
f 12/456/190 440/5185/190 442/458/190
f 22/459/190 442/458/190 19/460/190
f 5/462/190 19/460/190 442/458/190
f 5/462/190 443/463/190 444/464/190
f 7/465/190 444/464/190 445/466/190
f 20/467/190 445/466/190 21/468/190
f 9/470/190 21/468/190 445/466/190
f 2/472/190 9/470/190 446/471/190
f 429/474/190 428/452/190 17/451/190
f 438/476/190 429/474/190 3/475/190
f 430/477/190 3/475/190 11/478/190
f 432/480/190 431/479/190 11/478/190
f 433/482/190 432/480/190 16/481/190
f 434/484/190 433/482/190 6/483/190
f 434/484/190 8/485/190 13/486/190
f 435/487/190 13/486/190 10/488/190
f 436/489/190 10/488/190 4/490/190
f 456/492/190 452/511/190 451/493/190
f 449/495/190 456/492/190 455/494/190
f 451/493/190 437/491/190 4/490/190
f 18/497/190 2/472/190 455/494/190
f 2/472/190 447/473/190 448/496/190
f 457/498/190 14/500/190 449/495/190
f 14/500/190 457/498/190 458/501/190
f 456/492/190 449/495/190 14/500/190
f 461/504/190 459/541/190 15/502/190
f 462/505/190 31/508/190 26/506/190
f 25/503/190 26/506/190 31/508/190
f 27/510/190 456/492/190 25/503/190
f 452/511/190 456/492/190 27/510/190
f 464/516/190 463/522/190 36/517/190
f 37/519/190 465/521/190 464/516/190
f 30/520/190 454/5186/190 465/521/190
f 463/522/190 453/5187/190 29/523/190
f 34/524/190 466/525/190 452/511/190
f 29/523/190 453/5187/190 466/525/190
f 38/526/190 31/508/190 462/505/190
f 470/527/190 469/529/190 28/528/190
f 469/529/190 468/531/190 39/530/190
f 468/531/190 467/533/190 33/532/190
f 467/533/190 454/5186/190 30/520/190
f 479/534/190 460/549/190 41/535/190
f 471/537/190 462/505/190 43/507/190
f 44/538/190 472/5188/190 473/539/190
f 475/540/190 478/543/190 15/502/190
f 475/540/190 476/547/190 477/542/190
f 26/506/190 15/502/190 47/544/190
f 15/502/190 478/543/190 46/545/190
f 478/543/190 477/542/190 56/546/190
f 479/534/190 480/536/190 477/542/190
f 56/546/190 477/542/190 480/536/190
f 482/548/190 481/551/190 41/535/190
f 42/550/190 41/535/190 481/551/190
f 42/550/190 483/552/190 487/553/190
f 484/555/190 55/557/190 42/550/190
f 485/556/190 45/5189/190 55/557/190
f 53/558/190 45/5189/190 485/556/190
f 49/560/190 53/558/190 486/559/190
f 57/562/190 49/560/190 489/561/190
f 59/564/190 57/562/190 490/563/190
f 51/566/190 59/564/190 491/565/190
f 494/568/190 495/601/190 61/569/190
f 61/569/190 76/571/190 492/567/190
f 76/571/190 66/5190/190 51/566/190
f 51/566/190 66/5190/190 67/572/190
f 63/574/190 500/586/190 52/573/190
f 502/575/190 44/538/190 48/576/190
f 474/578/190 472/5188/190 44/538/190
f 497/579/190 503/5191/190 504/580/190
f 54/577/190 50/581/190 504/580/190
f 498/582/190 497/579/190 50/581/190
f 504/580/190 503/5191/190 474/578/190
f 499/584/190 498/582/190 58/583/190
f 500/586/190 499/584/190 60/585/190
f 505/587/190 500/586/190 63/574/190
f 64/589/190 506/599/190 501/588/190
f 64/589/190 68/5192/190 74/590/190
f 510/592/190 509/595/190 80/593/190
f 509/595/190 508/597/190 78/596/190
f 508/597/190 507/598/190 70/591/190
f 64/589/190 70/591/190 507/598/190
f 496/600/190 62/678/190 61/569/190
f 123/602/190 136/650/190 538/603/190
f 102/605/190 521/649/190 527/606/190
f 120/608/190 132/628/190 536/609/190
f 87/611/190 100/654/190 72/594/190
f 105/613/190 523/625/190 529/614/190
f 96/616/190 518/633/190 510/592/190
f 149/618/190 545/658/190 540/619/190
f 148/621/190 544/668/190 541/622/190
f 115/624/190 528/664/190 523/625/190
f 133/626/190 123/602/190 532/604/190
f 132/628/190 126/641/190 533/629/190
f 97/630/190 87/611/190 71/612/190
f 96/616/190 90/643/190 515/632/190
f 114/607/190 527/606/190 524/634/190
f 142/623/190 541/622/190 542/636/190
f 152/638/190 546/670/190 539/639/190
f 126/641/190 127/662/190 534/642/190
f 90/643/190 91/657/190 516/644/190
f 108/635/190 524/634/190 525/645/190
f 143/637/190 542/636/190 531/647/190
f 118/615/190 529/614/190 521/649/190
f 136/650/190 120/608/190 530/610/190
f 86/651/190 513/667/190 543/652/190
f 82/617/190 510/592/190 72/594/190
f 109/646/190 525/645/190 512/655/190
f 91/657/190 84/656/190 512/655/190
f 147/653/190 543/652/190 545/658/190
f 104/659/190 131/665/190 535/660/190
f 127/662/190 122/648/190 531/647/190
f 113/663/190 526/669/190 528/664/190
f 131/665/190 133/626/190 537/627/190
f 86/651/190 95/671/190 517/666/190
f 138/640/190 539/639/190 544/668/190
f 104/659/190 522/661/190 526/669/190
f 139/620/190 540/619/190 546/670/190
f 95/671/190 97/630/190 519/631/190
f 79/672/190 517/666/190 519/631/190
f 517/666/190 79/672/190 77/673/190
f 73/675/190 513/667/190 517/666/190
f 65/676/190 543/652/190 513/667/190
f 75/677/190 545/658/190 543/652/190
f 62/678/190 540/619/190 545/658/190
f 520/679/190 541/622/190 544/668/190
f 514/680/190 520/679/190 539/639/190
f 546/670/190 540/619/190 511/681/190
f 511/681/190 540/619/190 62/678/190
f 547/682/190 530/610/190 536/609/190
f 548/683/190 538/603/190 530/610/190
f 549/684/190 532/604/190 538/603/190
f 549/684/190 550/688/190 185/685/190
f 190/686/190 537/627/190 532/604/190
f 551/687/190 186/783/190 185/685/190
f 171/689/190 161/5193/190 552/690/190
f 535/660/190 537/627/190 190/686/190
f 188/692/190 199/694/190 522/661/190
f 561/693/190 522/661/190 199/694/190
f 560/695/190 199/694/190 197/696/190
f 559/697/190 197/696/190 205/698/190
f 558/699/190 205/698/190 193/700/190
f 193/700/190 203/703/190 556/702/190
f 203/703/190 195/705/190 555/704/190
f 195/705/190 201/707/190 554/706/190
f 201/707/190 171/689/190 553/691/190
f 552/690/190 161/5193/190 173/708/190
f 562/709/190 173/708/190 167/710/190
f 563/711/190 167/710/190 176/712/190
f 564/713/190 176/712/190 163/714/190
f 565/715/190 163/714/190 177/716/190
f 566/717/190 177/716/190 170/718/190
f 567/719/190 170/718/190 180/720/190
f 569/722/190 568/721/190 180/720/190
f 570/724/190 569/722/190 159/723/190
f 571/726/190 570/724/190 165/725/190
f 572/728/190 571/726/190 155/727/190
f 237/730/190 235/733/190 181/731/190
f 235/733/190 211/735/190 157/734/190
f 211/735/190 210/739/190 156/729/190
f 156/729/190 576/740/190 577/736/190
f 573/737/190 574/5194/190 575/738/190
f 210/739/190 575/738/190 576/740/190
f 209/741/190 596/743/190 573/737/190
f 219/742/190 595/745/190 596/743/190
f 213/744/190 594/747/190 595/745/190
f 234/746/190 593/749/190 594/747/190
f 224/748/190 592/751/190 593/749/190
f 231/750/190 591/753/190 592/751/190
f 217/752/190 590/755/190 591/753/190
f 230/754/190 589/757/190 590/755/190
f 221/756/190 588/759/190 589/757/190
f 227/758/190 587/761/190 588/759/190
f 215/760/190 579/763/190 587/761/190
f 225/762/190 578/765/190 579/763/190
f 255/764/190 580/767/190 578/765/190
f 249/766/190 581/769/190 580/767/190
f 257/768/190 582/771/190 581/769/190
f 247/770/190 583/773/190 582/771/190
f 247/770/190 259/774/190 584/772/190
f 259/774/190 251/5195/190 585/775/190
f 585/775/190 251/5195/190 253/776/190
f 184/778/190 187/5196/190 189/779/190
f 600/781/190 598/793/190 153/780/190
f 600/781/190 599/782/190 186/783/190
f 189/779/190 186/783/190 599/782/190
f 240/784/190 605/796/190 604/785/190
f 207/787/190 208/790/190 603/788/190
f 208/790/190 237/730/190 183/732/190
f 601/792/190 154/791/190 153/780/190
f 603/788/190 208/790/190 154/791/190
f 207/787/190 602/789/190 607/794/190
f 240/784/190 606/795/190 607/794/190
f 207/787/190 243/799/190 241/797/190
f 243/799/190 207/787/190 606/795/190
f 291/800/190 292/826/190 611/801/190
f 262/803/190 261/806/190 608/804/190
f 608/804/190 261/806/190 239/786/190
f 261/806/190 597/808/190 244/807/190
f 597/808/1674 253/776/1674 242/809/1674
f 612/810/190 586/777/190 253/776/190
f 262/803/190 609/805/190 621/811/190
f 272/813/190 614/822/190 613/814/190
f 266/816/190 615/5197/190 616/817/190
f 263/819/190 618/837/190 619/820/190
f 617/821/190 615/5197/190 266/816/190
f 269/818/190 616/817/190 614/822/190
f 268/815/190 613/814/190 597/808/190
f 620/812/190 292/826/190 286/823/190
f 620/812/190 622/824/190 267/825/190
f 292/826/190 620/812/190 621/811/190
f 622/824/190 275/5198/190 271/827/190
f 277/828/190 275/5198/190 622/824/190
f 281/830/190 274/829/190 622/824/190
f 284/832/190 287/5199/190 280/831/190
f 289/833/190 284/832/190 622/824/190
f 264/834/190 625/5200/190 624/835/190
f 264/834/190 623/836/190 618/837/190
f 626/838/190 625/5200/190 264/834/190
f 265/839/190 270/5201/190 276/840/190
f 278/841/190 273/5202/190 626/838/190
f 630/842/190 629/846/190 288/843/190
f 628/845/190 279/849/190 288/843/190
f 626/838/190 273/5202/190 282/847/190
f 279/849/190 628/845/190 627/848/190
f 630/842/190 283/844/190 338/850/190
f 149/428/193 893/427/193 894/852/193
f 290/853/190 633/855/190 338/850/190
f 285/854/190 336/856/190 633/855/190
f 291/800/190 333/858/190 336/856/190
f 291/800/190 610/802/190 332/857/190
f 332/857/190 610/802/190 634/859/190
f 340/861/190 341/860/190 634/859/190
f 638/863/190 637/867/190 325/864/190
f 340/861/190 635/862/190 636/865/190
f 639/866/190 326/893/190 325/864/190
f 337/868/190 640/5203/190 631/851/190
f 641/869/190 640/5203/190 337/868/190
f 327/871/190 644/5204/190 643/872/190
f 642/874/190 335/875/190 330/873/190
f 642/874/190 641/869/190 632/870/190
f 645/876/190 343/879/190 363/877/190
f 645/876/190 644/5204/190 327/871/190
f 347/878/190 646/5205/190 647/880/190
f 648/881/190 646/5205/190 347/878/190
f 649/883/190 650/896/190 648/881/190
f 348/882/190 364/5206/190 368/884/190
f 651/885/190 652/889/190 366/886/190
f 366/886/190 295/891/190 649/883/190
f 301/888/190 298/890/190 652/889/190
f 366/886/190 652/889/190 298/890/190
f 654/892/190 339/5207/190 326/893/190
f 342/894/190 339/5207/190 654/892/190
f 295/891/190 653/5208/190 650/896/190
f 329/897/190 334/901/190 657/898/190
f 656/900/190 657/898/190 334/901/190
f 331/902/190 342/894/190 655/895/190
f 369/903/190 344/5209/190 328/904/190
f 370/905/190 369/903/190 329/897/190
f 362/906/190 370/905/190 658/899/190
f 345/907/190 658/899/190 659/908/190
f 660/910/190 349/911/190 355/909/190
f 349/911/190 660/910/190 661/912/190
f 358/913/190 661/912/190 662/914/190
f 353/915/190 662/914/190 663/916/190
f 359/917/190 663/916/190 664/918/190
f 664/918/190 665/934/190 293/920/190
f 304/921/190 301/888/190 651/885/190
f 346/922/1675 356/925/1675 367/923/1675
f 365/887/1676 367/923/1676 356/925/1676
f 293/920/1677 300/930/1677 352/927/1677
f 350/926/190 357/5210/190 354/928/190
f 360/929/1678 352/927/1678 365/887/1678
f 365/887/1679 352/927/1679 300/930/1679
f 668/931/190 667/938/190 294/932/190
f 294/932/190 293/920/190 665/934/190
f 698/935/190 667/938/190 670/936/190
f 667/938/190 303/940/190 299/939/190
f 303/940/190 667/938/190 309/941/190
f 309/941/190 667/938/190 313/943/190
f 313/943/190 667/938/190 319/945/190
f 319/945/190 667/938/190 321/947/190
f 695/949/190 321/947/190 667/938/190
f 671/950/190 323/974/190 324/951/190
f 296/953/190 673/5211/190 674/954/190
f 672/955/190 653/5208/190 295/891/190
f 675/956/190 673/5211/190 296/953/190
f 676/958/190 310/5212/190 305/959/190
f 308/961/190 310/5212/190 676/958/190
f 676/958/190 675/956/190 297/957/190
f 679/963/190 678/966/190 320/964/190
f 678/966/190 677/5213/190 311/967/190
f 311/967/190 677/5213/190 676/958/190
f 684/968/190 371/977/190 394/969/190
f 317/971/190 323/974/190 683/972/190
f 685/973/190 683/972/190 684/968/190
f 323/974/190 671/950/190 682/975/190
f 684/968/190 683/972/190 682/975/190
f 371/977/190 684/968/190 681/976/190
f 692/979/190 373/983/190 687/980/190
f 692/979/190 694/992/190 379/982/190
f 322/984/190 693/986/190 691/985/190
f 693/986/190 694/992/190 692/979/190
f 679/963/190 315/965/190 691/985/190
f 691/985/190 692/979/190 690/981/190
f 318/988/190 695/949/190 698/935/190
f 324/951/190 698/935/190 697/937/190
f 284/416/199 1026/415/199 1027/989/199
f 696/990/190 700/994/190 693/986/190
f 693/986/190 700/994/190 699/991/190
f 378/993/190 379/982/190 694/992/190
f 696/990/190 317/971/190 685/973/190
f 685/973/190 686/970/190 699/991/190
f 699/991/190 686/970/190 394/969/190
f 687/980/190 373/983/190 375/995/190
f 372/997/190 371/977/190 680/978/190
f 702/999/190 688/996/190 375/995/190
f 423/1001/190 387/1004/190 377/1002/190
f 387/1004/190 401/1006/190 381/1005/190
f 401/1006/190 389/1008/190 398/1007/190
f 389/1008/190 392/1011/190 385/1009/190
f 399/1010/190 385/1009/190 392/1011/190
f 704/1013/190 705/1017/190 372/997/190
f 395/1014/190 706/1018/190 707/1015/190
f 395/1014/190 372/997/190 705/1017/190
f 372/997/190 395/1014/190 423/1001/190
f 396/1019/190 395/1014/190 703/1016/190
f 712/1021/190 713/5214/190 411/1022/190
f 709/1024/190 710/5215/190 396/1019/190
f 714/1025/190 409/1039/190 413/1026/190
f 419/1028/190 388/1034/190 715/1027/190
f 716/1029/190 407/1033/190 415/1030/190
f 716/1029/190 717/1031/190 403/1032/190
f 407/1033/190 716/1029/190 715/1027/190
f 714/1025/190 715/1027/190 388/1034/190
f 422/1036/190 403/1032/190 717/1031/190
f 405/1038/190 417/1037/190 717/1031/190
f 396/1019/190 710/5215/190 714/1025/190
f 714/1025/190 711/1023/190 411/1022/190
f 714/1025/190 710/5215/190 718/1040/190
f 411/1022/190 713/5214/190 719/1041/190
f 412/1042/190 719/1041/190 720/1043/190
f 412/1042/190 721/1044/190 722/1045/190
f 410/1046/190 722/1045/190 723/1047/190
f 414/1048/190 723/1047/190 724/1049/190
f 408/1050/190 724/1049/190 725/1051/190
f 416/1052/190 725/1051/190 726/1053/190
f 406/1054/190 726/1053/190 727/1055/190
f 418/1056/190 727/1055/190 728/1057/190
f 421/1058/190 728/1057/190 729/1059/190
f 402/1061/190 420/5216/190 404/1060/190
f 390/1062/190 402/1061/190 729/1059/190
f 391/1064/190 390/1062/190 731/1063/190
f 733/1066/190 384/1068/190 391/1064/190
f 732/1067/190 400/1069/190 384/1068/190
f 400/1069/190 732/1067/190 735/1070/190
f 734/1072/190 397/1077/190 386/1071/190
f 382/1073/190 397/1077/190 374/1074/190
f 736/1076/190 374/1074/190 397/1077/190
f 736/1076/190 702/999/190 376/1000/190
f 755/1078/190 741/1101/190 742/1079/190
f 761/1081/190 747/1085/190 746/1082/190
f 751/1084/190 745/1091/190 746/1082/190
f 755/1078/190 754/1080/190 750/1086/190
f 758/1088/190 743/1092/190 744/1089/190
f 760/1087/190 750/1086/190 745/1091/190
f 758/1088/190 761/1081/190 756/1083/190
f 752/1093/190 753/5217/190 762/1094/190
f 757/1096/190 758/1088/190 737/1090/190
f 749/1098/190 751/1084/190 747/1085/190
f 739/1100/190 740/5218/190 741/1101/190
f 780/1102/190 776/5219/190 770/1103/190
f 779/1105/190 775/1109/190 774/1106/190
f 781/1108/190 778/1115/190 775/1109/190
f 763/1110/190 776/5219/190 780/1102/190
f 777/1112/190 781/1108/190 779/1105/190
f 767/1113/190 779/1105/190 773/1107/190
f 782/1111/190 780/1102/190 775/1109/190
f 780/1102/190 769/1104/190 774/1106/190
f 771/1116/190 782/1111/190 778/1115/190
f 766/1118/190 765/1120/190 781/1108/190
f 764/1119/190 763/1110/190 782/1111/190
f 765/1120/190 772/1117/190 778/1115/190
f 786/1121/190 789/1134/190 788/1122/190
f 783/1124/190 790/1127/190 792/1125/190
f 790/1127/190 789/1134/190 786/1121/190
f 796/1128/190 795/1135/190 794/1129/190
f 799/1131/190 798/5220/190 797/1132/190
f 789/1134/190 790/1127/190 795/1135/190
f 784/1136/190 783/1124/190 791/1126/190
f 793/1130/190 794/1129/190 801/1138/190
f 801/1138/190 799/1131/190 802/1133/190
f 806/1140/190 809/1146/190 808/1141/190
f 803/1143/190 810/5221/190 812/1144/190
f 812/1144/190 810/5221/190 809/1146/190
f 816/1147/190 815/1153/190 814/1148/190
f 819/1150/190 818/5222/190 817/1151/190
f 809/1146/190 810/5221/190 815/1153/190
f 804/1154/190 803/1143/190 811/1145/190
f 813/1149/190 814/1148/190 821/1156/190
f 821/1156/190 819/1150/190 822/1152/190
f 840/1158/190 827/5223/190 826/1159/190
f 841/1161/190 830/1176/190 829/1162/190
f 831/1164/190 832/1172/190 833/1165/190
f 837/1167/190 839/1170/190 838/1168/190
f 836/1160/190 826/1159/190 839/1170/190
f 824/1171/190 825/1173/190 832/1172/190
f 823/1169/190 838/1168/190 825/1173/190
f 835/1166/190 833/1165/190 842/1174/190
f 834/1175/190 842/1174/190 830/1176/190
f 858/1177/190 827/5223/190 840/1158/190
f 859/1179/190 846/1198/190 847/1180/190
f 849/1182/190 852/1191/190 850/1183/190
f 856/1185/190 857/1188/190 855/1186/190
f 857/1188/190 858/1177/190 854/1178/190
f 844/1189/190 849/1182/190 851/1184/190
f 845/1190/190 856/1185/190 843/1187/190
f 852/1191/190 853/1193/190 860/1192/190
f 853/1193/190 859/1179/190 848/1181/190
f 875/1194/190 865/5224/190 864/1195/190
f 878/1197/190 876/1211/190 847/1180/190
f 866/1199/190 868/1207/190 867/1200/190
f 872/1202/190 874/1205/190 873/1203/190
f 871/1196/190 864/1195/190 874/1205/190
f 862/1206/190 863/1208/190 868/1207/190
f 861/1204/190 873/1203/190 863/1208/190
f 869/1201/190 867/1200/190 877/1209/190
f 870/1210/190 877/1209/190 876/1211/190
f 892/1212/190 865/5224/190 875/1194/190
f 882/1214/190 828/1163/190 829/1162/190
f 883/1216/190 887/1225/190 885/1217/190
f 891/1219/190 890/1222/190 888/1220/190
f 890/1222/190 892/1212/190 889/1213/190
f 879/1223/190 883/1216/190 884/1218/190
f 881/1224/190 891/1219/190 880/1221/190
f 887/1225/190 886/1227/190 893/1226/190
f 886/1227/190 882/1214/190 894/1215/190
f 901/1228/190 900/5225/190 899/1229/190
f 925/1231/190 901/1228/190 898/1230/190
f 906/1233/190 905/1242/190 904/1234/190
f 917/1236/190 909/1251/190 908/1237/190
f 919/1239/190 911/1253/190 912/1240/190
f 898/1230/190 899/1229/190 905/1242/190
f 913/1243/190 915/1252/190 916/1244/190
f 910/1246/190 921/1254/190 922/1247/190
f 907/1238/190 908/1237/190 924/1249/190
f 918/1245/190 916/1244/190 909/1251/190
f 914/1241/190 912/1240/190 915/1252/190
f 920/1248/190 922/1247/190 911/1253/190
f 903/1235/190 904/1234/190 921/1254/190
f 895/1255/190 925/1231/190 902/1232/190
f 896/1257/190 895/1255/190 926/1256/190
f 927/1259/190 932/1265/190 931/1260/190
f 928/1262/190 927/1259/190 930/1261/190
f 926/1256/190 902/1232/190 934/1264/190
f 933/1266/190 931/1260/190 932/1265/190
f 936/1267/190 935/1277/190 931/1260/190
f 937/1268/190 938/1279/190 940/1269/190
f 943/1271/190 941/1278/190 942/1272/190
f 945/1274/190 946/5226/190 948/1275/190
f 948/1275/190 946/5226/190 935/1277/190
f 923/1250/190 924/1249/190 941/1278/190
f 944/1273/190 942/1272/190 937/1268/190
f 938/1279/190 945/1274/190 947/1276/190
f 953/1280/190 954/5227/190 955/1281/190
f 952/1282/190 955/1281/190 979/1283/190
f 960/1285/190 957/1305/190 958/1286/190
f 972/1288/190 961/1300/190 962/1289/190
f 974/1291/190 967/1303/190 965/1292/190
f 952/1282/190 960/1285/190 959/1287/190
f 968/1294/190 971/1302/190 969/1295/190
f 964/1297/190 973/1304/190 975/1298/190
f 961/1300/190 977/1330/190 978/1301/190
f 971/1302/190 972/1288/190 963/1290/190
f 967/1303/190 968/1294/190 970/1296/190
f 973/1304/190 974/1291/190 966/1293/190
f 957/1305/190 964/1297/190 976/1299/190
f 956/1284/190 979/1283/190 949/1306/190
f 980/1307/190 949/1306/190 950/1308/190
f 985/1310/190 986/1316/190 981/1311/190
f 984/1312/190 981/1311/190 982/1313/190
f 988/1315/190 956/1284/190 980/1307/190
f 987/1317/190 988/1315/190 986/1316/190
f 990/1318/190 987/1317/190 985/1310/190
f 994/1320/190 991/1332/190 992/1321/190
f 997/1323/190 998/1331/190 995/1324/190
f 1002/1326/190 999/1329/190 1000/1327/190
f 1002/1326/190 990/1318/190 989/1319/190
f 977/1330/190 997/1323/190 996/1325/190
f 998/1331/190 993/1322/190 992/1321/190
f 1001/1328/190 1000/1327/190 991/1332/190
f 1006/1333/190 1009/1337/190 1008/1334/190
f 1010/1336/190 1014/1342/190 1009/1337/190
f 1004/1338/190 1003/1343/190 1012/1339/190
f 1013/1341/190 1011/5228/190 1014/1342/190
f 1003/1343/190 1011/5228/190 1013/1341/190
f 1020/1344/190 1017/1349/190 1016/1345/190
f 1014/1342/190 1011/5228/190 1019/1347/190
f 1018/1348/190 1019/1347/190 1017/1349/190
f 1023/1350/190 1022/1359/190 1021/1351/190
f 1015/1346/190 1016/1345/190 1023/1350/190
f 1027/1353/190 1026/1360/190 1025/1354/190
f 1031/1356/190 1030/5229/190 1029/1357/190
f 1022/1359/190 1027/1353/190 1028/1355/190
f 1026/1360/190 1031/1356/190 1032/1358/190
f 1029/1357/190 1030/5229/190 1034/1361/190
f 1038/1363/190 1041/1367/190 1040/1364/190
f 1042/1366/190 1046/1372/190 1041/1367/190
f 1036/1368/190 1035/1373/190 1044/1369/190
f 1045/1371/190 1043/5230/190 1046/1372/190
f 1035/1373/190 1043/5230/190 1045/1371/190
f 1052/1374/190 1049/1379/190 1048/1375/190
f 1046/1372/190 1043/5230/190 1051/1377/190
f 1050/1378/190 1051/1377/190 1049/1379/190
f 1055/1380/190 1054/1389/190 1053/1381/190
f 1047/1376/190 1048/1375/190 1055/1380/190
f 1059/1383/190 1058/1390/190 1057/1384/190
f 1063/1386/190 1062/5231/190 1061/1387/190
f 1054/1389/190 1059/1383/190 1060/1385/190
f 1058/1390/190 1064/1487/190 1065/1391/190
f 1061/1387/190 1062/5231/190 1068/1392/190
f 1072/1394/190 1075/5232/190 1074/1395/190
f 1077/1397/190 1075/5232/190 1072/1394/190
f 1087/1399/190 1078/1402/190 1080/1400/190
f 1078/1402/190 1077/1397/190 1076/1398/190
f 1076/1398/190 1072/1394/190 1082/1403/190
f 1086/1405/190 1085/5233/190 1084/1406/190
f 1070/1408/190 1069/1411/190 1088/1409/190
f 1069/1411/190 1087/1399/190 1079/1401/190
f 1074/1395/190 1090/1435/190 1089/1412/190
f 1109/1413/190 1096/5234/190 1095/1414/190
f 1100/1416/190 1099/1426/190 1098/1417/190
f 1107/1419/190 1103/1428/190 1102/1420/190
f 1104/1422/190 1105/1427/190 1106/1423/190
f 1092/1425/190 1093/1430/190 1099/1426/190
f 1097/1418/190 1098/1417/190 1105/1427/190
f 1108/1424/190 1106/1423/190 1103/1428/190
f 1092/1425/190 1091/1431/190 1110/1429/190
f 1091/1431/190 1109/1413/190 1094/1415/190
f 1113/1432/190 1112/5235/190 1111/1433/190
f 1091/1431/190 1113/1432/190 1114/1434/190
f 1090/1435/190 1110/1429/190 1094/1415/190
f 1090/1435/190 1115/5236/190 1116/1436/190
f 1120/1437/190 1125/1444/190 1122/1438/190
f 1122/1438/190 1124/5237/190 1123/1440/190
f 1117/1441/190 1126/5238/190 1128/1442/190
f 1128/1442/190 1126/5238/190 1125/1444/190
f 1125/1444/190 1126/5238/190 1130/1445/190
f 1133/1447/190 1132/1459/190 1131/1448/190
f 1134/1450/190 1135/1465/190 1136/1451/190
f 1141/1453/190 1140/1486/190 1139/1454/190
f 1143/1456/190 1144/1466/190 1146/1457/190
f 1132/1459/190 1143/1456/190 1142/1458/190
f 1118/1460/190 1117/1441/190 1127/1443/190
f 1149/1462/190 1148/5239/190 1147/1463/190
f 1129/1446/190 1130/1445/190 1135/1465/190
f 1138/1452/190 1136/1451/190 1133/1447/190
f 1144/1466/190 1141/1453/190 1145/1455/190
f 1154/1467/190 1153/1484/190 1151/1468/190
f 1157/1470/190 1155/1482/190 1156/1471/190
f 1161/1473/190 1159/1481/190 1160/1474/190
f 1165/1476/190 1163/5240/190 1164/1477/190
f 1164/1477/190 1163/5240/190 1167/1479/190
f 1159/1481/190 1165/1476/190 1166/1478/190
f 1155/1482/190 1161/1473/190 1162/1475/190
f 1158/1483/190 1169/1485/190 1157/1470/190
f 1145/1455/190 1139/1454/190 1153/1484/190
f 1152/1469/190 1151/1468/190 1169/1485/190
f 1140/1486/190 1149/1462/190 1150/1464/190
f 1082/1403/190 1085/5233/190 1086/1405/190
f 1064/1487/190 1063/1386/190 1066/1388/190
f 76/82/29 61/104/29 805/103/29
f 357/35/200 1104/34/200 1108/1489/200
f 227/1490/201 963/1565/201 962/1491/201
f 77/1493/202 821/1508/202 814/1494/202
f 349/1495/203 358/28/203 1105/27/203
f 2344/1496/204 964/1594/204 957/1497/204
f 78/30/1680 820/29/1680 822/1499/1680
f 217/1501/206 231/1582/206 966/1502/206
f 359/41/207 1103/43/207 1106/1504/207
f 2346/1505/208 968/1573/208 967/1506/208
f 77/1493/1681 79/36/1681 819/38/1681
f 360/21/1682 1107/20/1682 1101/1509/1682
f 80/1500/1683 822/1499/1683 817/1510/1683
f 219/1511/212 209/39/212 953/40/212
f 2343/1/213 2345/1498/213 957/1497/213
f 2391/1513/214 823/1601/214 824/1514/214
f 362/1516/1684 345/13/1684 1093/15/1684
f 221/1518/216 230/1576/216 970/1519/216
f 84/1521/217 91/1568/217 826/1522/217
f 2348/1524/218 972/1567/218 971/1525/218
f 364/1527/219 348/66/219 1096/65/219
f 95/1529/220 86/396/220 829/395/220
f 2350/1531/221 974/1588/221 973/1532/221
f 2392/1515/222 824/1514/222 831/1534/222
f 366/1536/1685 1111/1558/1685 1112/1537/1685
f 224/1539/224 234/1600/224 976/1540/224
f 100/1542/225 87/1607/225 833/1543/225
f 367/1545/1686 365/1538/1686 1112/1537/1686
f 2394/1547/227 835/1578/227 834/1548/227
f 364/1527/115 1109/1528/115 1114/1550/115
f 361/80/228 367/1545/228 1113/1546/228
f 215/1492/229 962/1491/229 978/1553/229
f 2396/1555/230 836/1570/230 837/1556/230
f 368/1551/1687 1114/1550/1687 1111/1558/1687
f 2352/1559/232 977/1741/232 961/1560/232
f 90/1562/233 96/1595/233 838/1563/233
f 227/1490/1688 221/1518/1688 969/1520/1688
f 363/72/235 343/87/235 1089/89/235
f 2353/1561/236 961/1560/236 972/1567/236
f 91/1568/237 90/1562/237 839/1564/237
f 2398/1569/238 840/1735/238 836/1570/238
f 344/90/1689 369/1574/1689 1115/1571/1689
f 2349/1526/240 971/1525/240 968/1573/240
f 369/1574/1690 370/1577/1690 1116/1575/1690
f 230/1576/242 217/1501/242 965/1503/242
f 362/1516/1691 1110/1517/1691 1116/1575/1691
f 2393/1535/724 831/1534/724 835/1578/724
f 393/1579/1692 1117/1713/1692 1118/1580/1692
f 231/1582/246 224/1539/246 975/1541/246
f 2399/1583/247 841/1608/247 828/1584/247
f 371/1586/248 372/1581/248 1118/1580/248
f 2347/1507/249 967/1506/249 974/1588/249
f 97/1589/1693 95/1529/1693 830/1530/1693
f 373/1591/251 379/1613/251 1120/1592/251
f 2351/1533/252 973/1532/252 964/1594/252
f 96/1595/253 82/1616/253 825/1596/253
f 376/1597/1694 375/1604/1694 1123/1598/1694
f 234/1600/255 213/10/255 958/12/255
f 2397/1557/256 837/1556/256 823/1601/256
f 374/1602/1695 376/1597/1695 1124/1599/1695
f 373/1591/1696 1121/1593/1696 1123/1598/1696
f 235/1605/12 979/1612/12 955/1606/12
f 87/1607/259 97/1589/259 842/1590/259
f 2395/1549/260 834/1548/260 841/1608/260
f 378/1609/251 394/1714/251 1127/1610/251
f 237/57/12 949/58/12 979/1612/12
f 379/1613/251 378/1609/251 1128/1611/251
f 238/1614/1697 980/1669/1697 951/1615/1697
f 82/1616/262 100/1542/262 832/1544/262
f 380/1617/1698 374/1602/1698 1122/1603/1698
f 2401/1619/264 844/1639/264 843/1620/264
f 243/1622/1699 240/1626/1699 982/1623/1699
f 239/1625/20 983/1648/20 982/1623/20
f 377/1627/1700 381/1736/1700 1130/1628/1700
f 242/1630/1701 985/1680/1701 984/1631/1701
f 113/1633/268 848/1701/268 847/1634/268
f 380/1617/1702 1125/1618/1702 1129/1636/1702
f 2403/1638/270 849/1687/270 844/1639/270
f 241/1640/1703 243/1622/1703 981/1624/1703
f 118/1642/272 851/1733/272 850/1643/272
f 383/1645/1704 1132/1703/1704 1133/1646/1704
f 244/1632/1705 984/1631/1705 983/1648/1705
f 2404/1649/275 853/1722/275 852/1650/275
f 382/1637/1706 1129/1636/1706 1134/1652/1706
f 398/1654/277 385/1742/277 1136/1655/277
f 2406/1657/278 855/1712/278 854/1658/278
f 386/1660/279 1138/1734/279 1137/1661/279
f 2354/1663/75 988/1670/75 987/1664/75
f 108/1666/280 857/1672/280 856/1667/280
f 238/1614/1707 241/1640/1707 986/1641/1707
f 2354/1663/282 2342/25/282 956/24/282
f 109/1671/283 858/1681/283 857/1672/283
f 401/1673/1708 387/1885/1708 1140/1674/1708
f 391/1676/285 384/1746/285 1131/1677/285
f 253/1679/1709 989/1728/1709 985/1680/1709
f 84/1521/287 827/1523/287 858/1681/287
f 392/1682/1710 389/1754/1710 1144/1683/1710
f 2355/1665/289 987/1664/289 990/1685/289
f 2405/1651/290 852/1650/290 849/1687/290
f 402/1688/291 390/1702/291 1146/1689/291
f 257/1691/292 992/1747/292 991/1692/292
f 2408/1694/293 846/1892/293 859/1695/293
f 2357/1697/981 994/1759/981 993/1698/981
f 115/1700/295 860/1718/295 848/1701/295
f 390/1702/1711 391/1676/1711 1142/1678/1711
f 383/1645/297 392/1682/297 1143/1684/297
f 255/1704/298 996/1737/298 995/1705/298
f 114/1668/299 856/1667/299 845/1707/299
f 2359/1709/300 998/1750/300 997/1710/300
f 2402/1621/301 843/1620/301 855/1712/301
f 377/1627/302 1126/1629/302 1117/1713/302
f 394/1714/1712 371/1586/1712 1119/1587/1712
f 259/1715/303 1000/1758/303 999/1716/303
f 105/1644/304 850/1643/304 860/1718/304
f 2361/1719/305 1002/1732/305 1001/1720/305
f 2409/1696/306 859/1695/306 853/1722/306
f 395/1723/307 396/1889/307 1147/1724/307
f 423/1726/1713 395/1723/1713 1148/1725/1713
f 251/1717/1714 999/1716/1714 989/1728/1714
f 388/1729/310 1139/1864/310 1150/1730/310
f 2356/1686/311 990/1685/311 1002/1732/311
f 102/1708/312 845/1707/312 851/1733/312
f 397/1653/313 1134/1652/313 1138/1734/313
f 2407/1659/314 854/1658/314 840/1735/314
f 381/1736/315 398/1654/315 1135/1656/315
f 225/1554/316 978/1553/316 996/1737/316
f 2410/1738/317 861/1820/317 862/1739/317
f 2360/1711/318 997/1710/318 977/1741/318
f 399/1647/319 1133/1646/319 1136/1655/319
f 122/1743/320 127/1776/320 864/1744/320
f 400/1662/321 1137/1661/321 1131/1677/321
f 249/1706/322 995/1705/322 992/1747/322
f 2412/1748/323 2411/1740/323 862/1739/323
f 2358/1699/324 993/1698/324 998/1750/324
f 136/1751/325 123/1827/325 867/1752/325
f 389/1754/1708 401/1673/1708 1141/1675/1708
f 2414/1755/327 2413/1795/327 869/1756/327
f 247/1693/328 991/1692/328 1000/1758/328
f 2357/1697/329 2362/1721/329 1001/1720/329
f 2415/1760/330 871/1780/330 872/1761/330
f 126/1763/331 132/1813/331 873/1764/331
f 419/1766/1715 403/1878/1715 1151/1767/1715
f 267/1769/1716 1003/1805/1716 1004/1770/1716
f 402/1688/1717 1145/1690/1717 1154/1772/1717
f 262/1771/168 1004/1770/168 1005/1774/168
f 127/1776/335 126/1763/335 874/1765/335
f 266/1777/336 1006/1793/336 1007/1778/336
f 2415/1760/337 2385/402/337 875/401/337
f 405/1781/338 1155/1836/338 1157/1782/338
f 264/1784/339 263/1779/339 1007/1778/339
f 404/1786/1718 1152/1868/1718 1158/1787/1718
f 265/1789/1719 264/1784/1719 1008/1785/1719
f 695/1791/1648 318/210/1648 1062/212/1648
f 266/1777/336 269/1819/336 1010/1792/336
f 696/1794/1720 322/241/1720 1065/242/1720
f 2413/1795/343 2412/1748/343 866/1749/343
f 407/1796/344 1159/1832/344 1161/1797/344
f 131/1799/345 104/1635/345 847/1634/345
f 406/1801/1721 1156/1856/1721 1162/1802/1721
f 267/1769/1722 271/1845/1722 1011/1804/1722
f 133/1806/1723 131/1799/1723 876/1800/1723
f 268/1808/336 261/1775/336 1005/1774/336
f 413/1810/1724 409/1826/1724 1163/1811/1724
f 132/1813/350 120/1835/350 863/1814/350
f 408/1815/1725 1160/1842/1725 1166/1816/1725
f 272/1818/336 1013/1833/336 1010/1792/336
f 2410/1738/352 2416/1762/352 872/1761/352
f 411/1821/307 412/1829/307 1168/1822/307
f 270/1824/1726 265/1789/1726 1009/1790/1726
f 409/1826/1727 411/1821/1727 1167/1823/1727
f 123/1827/355 133/1806/355 877/1807/355
f 410/1828/1728 1164/1834/1728 1168/1822/1728
f 2414/1755/357 870/1757/357 878/1830/357
f 407/1796/1729 413/1810/1729 1165/1812/1729
f 268/1808/336 1012/1809/336 1013/1833/336
f 410/1828/359 414/1817/359 1166/1816/359
f 120/1835/360 136/1751/360 868/1753/360
f 415/1798/361 1161/1797/361 1155/1836/361
f 277/1837/362 274/1884/362 1016/1838/362
f 2418/1840/363 879/1853/363 880/1841/363
f 416/1803/1730 1162/1802/1730 1160/1842/1730
f 270/1824/1731 1014/1825/1731 1018/1843/1731
f 271/1845/1732 275/1859/1732 1019/1846/1732
f 2400/1585/367 828/1584/367 882/1847/367
f 422/1848/368 417/1783/368 1157/1782/368
f 276/1844/1733 1018/1843/1733 1020/1850/1733
f 2419/1852/370 883/1890/370 879/1853/370
f 17/411/371 1/444/371 738/445/371
f 418/1855/372 1170/1874/372 1156/1856/372
f 152/408/373 884/407/373 885/1857/373
f 2/405/187 740/404/187 739/386/187
f 275/1859/374 277/1837/374 1017/1839/374
f 2387/422/660 886/421/660 887/1860/660
f 18/403/376 4/1891/376 742/1862/376
f 388/1729/377 419/1766/377 1153/1768/377
f 278/1851/378 1020/1850/378 1015/1865/378
f 3/413/396 744/412/396 743/449/396
f 420/1773/1734 1154/1772/1734 1152/1868/1734
f 2386/400/381 2389/440/381 888/439/381
f 6/417/382 746/419/382 745/1870/382
f 142/1872/383 890/1882/383 891/1873/383
f 421/1788/384 1158/1787/384 1170/1874/384
f 280/431/385 1022/430/385 1023/1875/385
f 5/1877/187 7/393/187 749/392/187
f 403/1878/386 422/1848/386 1169/1849/386
f 273/1866/387 1015/1865/387 1024/1879/387
f 143/1881/388 892/1887/388 890/1882/388
f 8/1871/1735 745/1870/1735 750/1883/1735
f 281/1876/390 1023/1875/390 1016/1838/390
f 387/1885/308 423/1726/308 1149/1727/308
f 282/1880/391 1024/1879/391 1021/447/391
f 122/1743/392 865/1745/392 892/1887/392
f 15/432/393 26/372/393 753/371/393
f 424/1731/1736 1150/1730/1736 1147/1724/1736
f 2420/1861/395 887/1860/395 883/1890/395
f 10/437/396 754/436/396 742/1862/396
f 2408/1694/397 2417/1831/397 878/1830/397
f 2122/1893/75 2130/1894/75 1390/1894/75
f 2267/1895/398 2270/1940/398 1526/1896/398
f 1973/1898/399 1980/1913/399 1235/1899/399
f 1383/1901/400 2128/2815/400 2129/1902/400
f 1515/1904/1737 2263/2893/1737 2269/1905/1737
f 1983/1907/1738 1986/1935/1738 1244/1908/1738
f 2277/1910/403 2278/2894/403 1524/1911/403
f 1980/1913/404 1985/1942/404 1243/1914/404
f 2126/1915/153 2122/1893/153 1382/1893/153
f 2275/1916/1739 2276/2892/1739 1523/1917/1739
f 1990/1919/1740 1983/1907/1740 1240/1909/1740
f 2124/1921/407 2125/2961/407 1381/1922/407
f 2274/1924/408 2267/1895/408 1520/1897/408
f 1249/1926/1741 1989/2745/1741 1988/1927/1741
f 1379/1929/1742 2123/2813/1742 2124/1921/1742
f 1529/1930/1743 2273/2891/1743 2272/1931/1743
f 1988/1927/1744 1987/2744/1744 1242/1933/1744
f 2272/1931/1745 2271/2954/1745 1522/1934/1745
f 1986/1935/1746 1979/2741/1746 1238/1936/1746
f 2120/1937/415 2121/2836/415 1377/1938/415
f 2270/1940/416 2262/1964/416 1516/1941/416
f 1985/1942/1747 1984/2743/1747 1239/1943/1747
f 1407/1944/407 2119/2834/407 2120/1937/407
f 1525/1906/1748 2269/1905/1748 2268/1945/1748
f 2117/1947/419 2110/1948/419 1364/1948/419
f 2266/1949/420 2265/1957/420 1517/1950/420
f 1238/1936/1749 1979/2741/1749 1978/1952/1749
f 1363/1954/422 2108/2034/422 2115/1955/422
f 2265/1957/1750 2264/2890/1750 1533/1958/1750
f 1976/1959/424 1982/1966/424 1236/1960/424
f 1374/1962/425 2109/1962/425 2114/1963/425
f 2262/1964/1751 2261/2896/1751 1531/1965/1751
f 1982/1966/424 1981/2742/424 1246/1967/424
f 2112/1968/427 2107/2812/427 1373/1969/427
f 1513/1971/1752 2259/2888/1752 2243/1972/1752
f 1498/1974/429 2244/2886/429 2260/1975/429
f 1234/1953/430 1978/1952/430 1977/1977/430
f 1372/1979/431 2113/1979/431 2093/1980/431
f 1977/1977/424 1976/1959/424 1237/1961/424
f 2094/1981/432 2111/2022/432 1371/1982/432
f 1975/1984/433 1974/1990/433 1232/1985/433
f 1512/1987/434 2257/2008/434 2248/1988/434
f 1974/1990/1753 1973/1898/1753 1245/1900/1753
f 1370/1991/436 2106/1991/436 2118/1992/436
f 1511/1993/437 2249/2053/437 2258/1994/437
f 1367/1996/438 2116/2009/438 2105/1997/438
f 1967/1999/1754 1972/2013/1754 1230/2000/1754
f 1510/1995/1755 2258/1994/1755 2241/2002/1755
f 1227/2004/1756 1971/2740/1756 1969/2005/1756
f 1368/1992/442 2118/1992/442 2117/1947/442
f 1509/2007/434 2239/2073/434 2257/2008/434
f 1375/1956/443 2115/1955/443 2116/2009/443
f 2256/2010/444 2251/2023/444 1506/2011/444
f 1972/2013/1757 1970/2048/1757 1228/2014/1757
f 1802/2015/1758 2255/2168/1758 2254/2016/1758
f 1964/2018/1759 1971/2740/1759 1227/2004/1759
f 1366/1963/448 2114/1963/448 2113/1979/448
f 1507/2017/449 2254/2016/449 2253/2020/449
f 2111/2022/450 2112/1968/450 1365/1970/450
f 2251/2023/451 2246/2046/451 1503/2024/451
f 1226/2025/452 1961/2738/452 1955/2026/452
f 1500/2028/453 2242/2885/453 2252/2029/453
f 1953/2031/1760 1960/2739/1760 1215/2032/1760
f 2110/1948/1761 2109/1962/1761 1374/1962/1761
f 1373/1969/456 2107/2812/456 2108/2034/456
f 1963/2035/1762 1966/2058/1762 1224/2036/1762
f 1361/2038/458 2103/2038/458 2106/1991/458
f 1504/2039/459 2247/2057/459 2245/2040/459
f 1215/2032/1763 1960/2739/1763 1965/2042/1763
f 1369/1998/1764 2105/1997/1764 2101/2044/1764
f 2246/2046/462 2250/2887/462 1502/2047/462
f 1970/2048/1765 1963/2035/1765 1220/2037/1765
f 1229/2006/1766 1969/2005/1766 1968/2049/1766
f 2072/2051/465 2104/2052/465 1362/2052/465
f 1502/2047/466 2250/2887/466 2249/2053/466
f 1968/2049/1767 1967/1999/1767 1222/2001/1767
f 2102/2054/1768 2096/2811/1768 1354/2055/1768
f 1501/1989/459 2248/1988/459 2247/2057/459
f 1966/2058/1769 1959/2737/1769 1218/2059/1769
f 2104/2052/1 2103/2038/1 1361/2038/1
f 1965/2042/1770 1964/2018/1770 1219/2019/1770
f 2245/2040/1771 2244/2886/1771 1498/1974/1771
f 1360/2060/1772 2100/2072/1772 2099/2061/1772
f 1218/2059/1773 1959/2737/1773 1958/2063/1773
f 2097/2065/1774 2102/2054/1774 1357/2056/1774
f 2243/1972/1775 2242/2885/1775 1500/2028/1775
f 1956/2067/452 1962/2074/452 1216/2068/452
f 1495/2003/476 2241/2002/476 2240/2070/476
f 1358/2045/1776 2101/2044/1776 2100/2072/1776
f 1496/2071/1777 2240/2070/1777 2239/2073/1777
f 1962/2074/452 1961/2738/452 1226/2025/452
f 1355/2062/415 2099/2061/415 2098/2075/415
f 2237/2077/479 2231/2882/479 1487/2078/479
f 2098/2075/1778 2097/2065/1778 1359/2066/1778
f 1488/2080/1779 2232/2884/1779 2238/2081/1779
f 1214/2064/1780 1958/2063/1780 1957/2083/1780
f 1494/2082/483 2238/2081/483 2237/2077/483
f 1957/2083/452 1956/2067/452 1217/2069/452
f 1354/2055/1781 2096/2811/1781 2067/2085/1781
f 1955/2026/485 1954/2093/485 1212/2087/485
f 1353/2088/486 2065/2810/486 2095/2089/486
f 1487/2078/1782 2231/2882/1782 2236/2091/1782
f 1954/2093/1783 1953/2031/1783 1225/2033/1783
f 1486/2094/489 2228/2123/489 2234/2095/489
f 2095/2089/486 2071/2807/486 1327/2097/486
f 1485/2098/1784 2227/2108/1784 2230/2099/1784
f 2224/2101/491 2229/2881/491 1489/2102/491
f 1329/2104/492 2074/2202/492 2091/2105/492
f 1492/2107/1785 2235/2883/1785 2227/2108/1785
f 2090/2109/494 2080/2110/494 1349/2110/494
f 1491/2096/495 2234/2095/495 2233/2111/495
f 1334/2113/496 2084/2113/496 2089/2114/496
f 1490/2100/497 2230/2099/497 2223/2115/497
f 1947/2117/498 1936/2190/498 1197/2118/498
f 1340/2120/499 2092/2165/499 2081/2121/499
f 1489/2102/500 2229/2881/500 2228/2123/500
f 1209/2124/501 1933/2193/501 1946/2125/501
f 2082/2127/502 2085/2809/502 1346/2128/502
f 1338/2130/503 2088/2130/503 2083/2131/503
f 2223/2115/1786 2226/2143/1786 1484/2133/1786
f 2218/2134/505 2225/2151/505 1483/2135/505
f 1208/2137/506 1941/2735/506 1934/2138/506
f 1332/2140/507 2077/2140/507 2087/2141/507
f 2226/2143/508 2217/2154/508 1475/2144/508
f 1939/2145/509 1944/2730/509 1202/2146/509
f 1337/2148/510 2086/2175/510 2079/2149/510
f 2225/2151/511 2224/2101/511 1482/2103/511
f 1342/1980/512 2093/1980/512 2077/2140/512
f 2078/2152/513 2094/1981/513 1341/1983/513
f 2217/2154/514 2222/2166/514 1480/2155/514
f 1206/2156/509 1943/2181/509 1938/2157/509
f 2221/2159/515 2219/2176/515 1479/2160/515
f 1205/2162/516 1935/2736/516 1942/2163/516
f 1350/2106/517 2091/2105/517 2092/2165/517
f 2253/2020/444 2256/2010/444 1803/2012/444
f 2089/2114/519 2090/2109/519 1339/2109/519
f 2222/2166/1787 2220/2171/1787 1478/2167/1787
f 1505/2030/1788 2252/2029/1788 2255/2168/1788
f 2213/2169/522 2221/2159/522 1477/2161/522
f 1344/2142/523 2087/2141/523 2088/2130/523
f 2220/2171/1789 2216/2879/1789 1472/2172/1789
f 1937/2173/1790 1947/2117/1790 1210/2119/1790
f 1346/2128/526 2085/2809/526 2086/2175/526
f 2219/2176/527 2218/2134/527 1476/2136/527
f 1203/2126/528 1946/2125/528 1940/2177/528
f 2073/2179/529 2076/2180/529 1336/2180/529
f 1202/2146/509 1944/2730/509 1943/2181/509
f 2069/2182/530 2075/2808/530 1335/2183/530
f 2215/2185/531 2214/2880/531 1470/2186/531
f 1942/2163/532 1941/2735/532 1208/2137/532
f 1940/2177/509 1939/2145/509 1207/2147/509
f 1345/2132/533 2083/2131/533 2084/2113/533
f 1938/2157/534 1937/2173/534 1204/2174/534
f 1347/2122/535 2081/2121/535 2082/2127/535
f 1472/2172/536 2216/2879/536 2211/2188/536
f 1936/2190/537 1935/2736/537 1205/2162/537
f 1349/2110/538 2080/2110/538 2073/2179/538
f 2212/2191/531 2215/2185/531 1474/2187/531
f 1198/2139/539 1934/2138/539 1933/2193/539
f 1343/2150/540 2079/2149/540 2078/2152/540
f 1470/2186/531 2214/2880/531 2207/2194/531
f 1194/2196/1791 1931/2215/1791 1917/2197/1791
f 2076/2180/75 2068/2199/75 1328/2199/75
f 2205/2200/543 2213/2169/543 1473/2170/543
f 1335/2183/544 2075/2808/544 2074/2202/544
f 1930/2203/1792 1925/2718/1792 1191/2204/1792
f 2208/2206/531 2212/2191/531 1471/2192/531
f 1467/2189/1793 2211/2188/1793 2210/2208/1793
f 1921/2210/1794 1930/2203/1794 1193/2205/1794
f 2068/2199/9 2072/2051/9 1352/2051/9
f 1466/2209/548 2210/2208/548 2209/2212/548
f 1192/2214/1792 1928/2723/1792 1931/2215/1792
f 1327/2097/486 2071/2807/486 2070/2216/486
f 2209/2212/531 2208/2206/531 1468/2207/531
f 1923/2218/551 1932/2223/551 1195/2219/551
f 2070/2216/1795 2069/2182/1795 1325/2184/1795
f 1463/2195/553 2207/2194/553 2206/2221/553
f 1932/2223/554 1929/2274/554 1184/2224/554
f 2206/2221/1796 2205/2200/1796 1469/2201/1796
f 1927/2225/1797 1928/2723/1797 1192/2214/1797
f 1323/2086/415 2067/2085/415 2066/2227/415
f 2203/2229/1798 2199/2877/1798 1455/2230/1798
f 1191/2204/1799 1925/2718/1799 1909/2232/1799
f 2066/2227/486 2065/2810/486 1353/2088/486
f 1456/2234/1800 2200/2878/1800 2204/2235/1800
f 1919/2237/1801 1921/2210/1801 1190/2211/1801
f 1999/2239/561 2064/2558/561 1317/2240/561
f 2204/2235/562 2203/2229/562 1461/2231/562
f 1189/2198/1802 1917/2197/1802 1918/2242/1802
f 2045/2244/314 2059/2245/314 1314/2245/314
f 1910/2246/564 1911/2720/564 1188/2247/564
f 2054/2249/565 2051/2284/565 1308/2250/565
f 1455/2230/566 2199/2877/566 2202/2252/566
f 1914/2254/567 1907/2724/567 1187/2255/567
f 2196/2257/568 2201/2283/568 1459/2258/568
f 1176/2260/1803 1916/2721/1803 1926/2261/1803
f 2056/2263/306 2052/2264/306 1316/2264/306
f 1453/2265/1804 2195/2276/1804 2198/2266/1804
f 2063/2268/571 2055/2802/571 1309/2269/571
f 2192/2271/572 2197/2628/572 1457/2272/572
f 1929/2274/573 1922/2726/573 1185/2275/573
f 1460/2253/1805 2202/2252/1805 2195/2276/1805
f 1924/2277/1806 1920/2722/1806 1183/2278/1806
f 2058/2280/301 2050/2281/301 1321/2281/301
f 2201/2283/1807 2200/2878/1807 1456/2234/1807
f 2051/2284/577 2061/2804/577 1318/2285/577
f 1171/2286/578 1908/2727/578 1927/2225/578
f 1458/2267/579 2198/2266/579 2191/2287/579
f 1186/2262/1808 1926/2261/1808 1913/2289/1808
f 1187/2255/581 1171/2286/581 1597/2291/581
f 1609/2293/581 1597/2291/581 1171/2286/581
f 1596/2295/581 1595/2294/581 1171/2286/581
f 1611/2296/581 1596/2295/581 1182/2226/581
f 1612/2298/581 1610/2297/581 1182/2226/581
f 1192/2214/581 1194/2196/581 1189/2198/581
f 1612/2298/581 1189/2198/581 1175/2243/581
f 1614/2300/581 1613/2299/581 1175/2243/581
f 1615/2301/581 1614/2300/581 1177/2238/581
f 1190/2211/581 1193/2205/581 1191/2204/581
f 1615/2301/581 1191/2204/581 1179/2233/581
f 1172/2248/581 1617/2320/581 1616/2302/581
f 1187/2255/581 1598/2292/581 1599/2303/581
f 1173/2256/581 1599/2303/581 1608/2304/581
f 1181/2290/581 1173/2256/581 1600/2305/581
f 1602/2307/581 1186/2262/581 1181/2290/581
f 1603/2308/581 1176/2260/581 1186/2262/581
f 1604/2309/581 1178/2970/581 1176/2260/581
f 1183/2278/581 1178/2970/581 1604/2309/581
f 1180/2279/581 1183/2278/581 1605/2310/581
f 1174/2312/581 1180/2279/581 1606/2311/581
f 1626/2314/581 1625/2318/581 1621/2315/581
f 1619/2317/581 1618/2319/581 1625/2318/581
f 1174/2312/581 1607/2313/581 1621/2315/581
f 1188/2247/581 1621/2315/581 1625/2318/581
f 1172/2248/581 1625/2318/581 1618/2319/581
f 1619/2317/581 1184/2224/581 1627/2321/581
f 1628/2323/581 1627/2321/581 1184/2224/581
f 1184/2224/581 1619/2317/581 1626/2314/581
f 1185/2275/581 1629/2338/581 1631/2324/581
f 1632/2325/581 1213/2084/581 1196/2220/581
f 1195/2219/581 1205/2162/581 1201/2164/581
f 1197/2118/581 1205/2162/581 1195/2219/581
f 1197/2118/581 1626/2314/581 1622/2316/581
f 1206/2156/581 1633/515/581 1634/513/581
f 1207/2147/581 1202/2146/581 1634/513/581
f 1200/2178/581 1207/2147/581 1635/514/581
f 1199/2158/581 1623/2328/581 1633/515/581
f 1204/2174/581 1210/2119/581 1622/2316/581
f 1199/2158/581 1204/2174/581 1636/2327/581
f 1208/2137/581 1640/2329/581 1632/2325/581
f 1198/2139/581 1639/2330/581 1640/2329/581
f 1209/2124/581 1638/2331/581 1639/2330/581
f 1203/2126/581 1637/2332/581 1638/2331/581
f 1200/2178/581 1624/2326/581 1637/2332/581
f 1649/2333/581 1650/2342/581 1211/2027/581
f 1213/2084/581 1632/2325/581 1641/2335/581
f 1643/2336/581 1642/2360/581 1214/2064/581
f 1185/2275/581 1648/2341/581 1645/2337/581
f 1645/2337/581 1648/2341/581 1647/2339/581
f 1196/2220/581 1213/2084/581 1217/2069/581
f 1216/2068/581 1648/2341/581 1185/2275/581
f 1226/2025/581 1647/2339/581 1648/2341/581
f 1647/2339/581 1650/2342/581 1649/2333/581
f 1226/2025/581 1211/2027/581 1650/2342/581
f 1211/2027/581 1651/2344/581 1652/2343/581
f 1651/2344/581 1211/2027/581 1212/2087/581
f 1657/2346/581 1653/2345/581 1212/2087/581
f 1212/2087/581 1225/2033/581 1654/2348/581
f 1655/2349/581 1654/2348/581 1225/2033/581
f 1223/2043/581 1656/2350/581 1655/2349/581
f 1219/2019/581 1659/2351/581 1656/2350/581
f 1227/2004/581 1660/2352/581 1659/2351/581
f 1229/2006/581 1661/2353/581 1660/2352/581
f 1221/2050/581 1662/2356/581 1661/2353/581
f 1664/2354/581 1663/2984/581 1231/1986/581
f 1231/1986/581 1663/2984/581 1662/2356/581
f 1246/1967/581 1662/2356/581 1221/2050/581
f 1237/1961/581 1236/1960/581 1221/2050/581
f 1233/1978/581 1237/1961/581 1222/2001/581
f 1672/2358/581 1224/2036/581 1218/2059/581
f 1644/2359/581 1672/2358/581 1214/2064/581
f 1667/2361/581 1220/2037/581 1674/2362/581
f 1674/2362/581 1220/2037/581 1224/2036/581
f 1668/2364/581 1228/2014/581 1220/2037/581
f 1674/2362/581 1672/2358/581 1644/2359/581
f 1669/2365/581 1230/2000/581 1228/2014/581
f 1230/2000/581 1669/2365/581 1670/2357/581
f 1233/1978/581 1670/2357/581 1675/2366/581
f 1234/1953/581 1233/1978/581 1671/2367/581
f 1234/1953/581 1240/1909/581 1244/1908/581
f 1250/2369/581 1679/2371/581 1680/2370/581
f 1679/2371/581 1250/2369/581 1248/1920/581
f 1678/2372/581 1248/1920/581 1240/1909/581
f 1677/2373/581 1240/1909/581 1234/1953/581
f 1666/2374/581 1665/2355/581 1231/1986/581
f 1293/2375/581 1702/2397/581 1708/2376/581
f 1697/2378/581 1691/2416/581 1272/2379/581
f 1290/2381/581 1700/2417/581 1706/2382/581
f 1257/2384/581 1241/1928/581 1242/1933/581
f 1699/2386/581 1693/2394/581 1275/2387/581
f 1680/2370/581 1688/2971/581 1266/2389/581
f 1710/2391/581 1715/2421/581 1319/2270/581
f 1711/2392/581 1714/2430/581 1318/2285/581
f 1693/2394/581 1698/2425/581 1285/2395/581
f 1303/2396/581 1707/2427/581 1702/2397/581
f 1302/2383/581 1706/2382/581 1703/2398/581
f 1267/2400/581 1689/2433/581 1241/1928/581
f 1266/2389/581 1688/2971/581 1685/2401/581
f 1694/2403/581 1697/2378/581 1284/2380/581
f 1712/2405/581 1711/2392/581 1312/2393/581
f 1709/2407/581 1716/2432/581 1322/2251/581
f 1296/2399/581 1703/2398/581 1704/2408/581
f 1260/2402/581 1685/2401/581 1686/2410/581
f 1695/2412/581 1694/2403/581 1278/2404/581
f 1701/2414/581 1712/2405/581 1313/2406/581
f 1691/2416/581 1699/2386/581 1288/2388/581
f 1306/2377/581 1708/2376/581 1700/2417/581
f 1713/2418/581 1683/2435/581 1256/2241/581
f 1242/1933/581 1680/2370/581 1252/2390/581
f 1682/2419/581 1695/2412/581 1279/2413/581
f 1261/2411/581 1686/2410/581 1682/2419/581
f 1715/2421/581 1713/2418/581 1317/2240/581
f 1274/2422/581 1692/2445/581 1705/2423/581
f 1297/2409/581 1704/2408/581 1701/2414/581
f 1698/2425/581 1696/2431/581 1283/2426/581
f 1301/2424/581 1705/2423/581 1707/2427/581
f 1256/2241/581 1683/2435/581 1687/2428/581
f 1714/2430/581 1709/2407/581 1308/2250/581
f 1696/2431/581 1692/2445/581 1274/2422/581
f 1716/2432/581 1710/2391/581 1309/2269/581
f 1265/2429/581 1687/2428/581 1689/2433/581
f 1249/1926/581 1241/1928/581 1689/2433/581
f 1247/2434/581 1249/1926/581 1687/2428/581
f 1243/1914/581 1239/1943/581 1687/2428/581
f 1683/2435/581 1713/2418/581 1235/1899/581
f 1713/2418/581 1715/2421/581 1245/1900/581
f 1715/2421/581 1710/2391/581 1232/1985/581
f 1690/2436/581 1709/2407/581 1714/2430/581
f 1684/2437/581 1716/2432/581 1709/2407/581
f 1716/2432/581 1684/2437/581 1681/2438/581
f 1232/1985/581 1710/2391/581 1681/2438/581
f 1706/2382/581 1700/2417/581 1717/2439/581
f 1718/2440/581 1717/2439/581 1700/2417/581
f 1719/2441/581 1718/2440/581 1708/2376/581
f 1719/2441/581 1702/2397/581 1355/2062/581
f 1702/2397/581 1707/2427/581 1360/2060/581
f 1721/2443/581 1720/2442/581 1355/2062/581
f 1341/1983/581 1723/2454/581 1722/2444/581
f 1705/2423/581 1692/2445/581 1360/2060/581
f 1692/2445/581 1369/1998/581 1358/2045/581
f 1369/1998/581 1692/2445/581 1731/2446/581
f 1730/2447/581 1729/2448/581 1367/1996/581
f 1729/2448/581 1728/2449/581 1375/1956/581
f 1728/2449/581 1727/2451/581 1363/1954/581
f 1726/2450/581 1373/1969/581 1363/1954/581
f 1725/2452/581 1365/1970/581 1373/1969/581
f 1724/2453/581 1371/1982/581 1365/1970/581
f 1371/1982/581 1724/2453/581 1723/2454/581
f 1343/2150/581 1331/2153/581 1722/2444/581
f 1337/2148/581 1343/2150/581 1732/2455/581
f 1346/2128/581 1337/2148/581 1733/2456/581
f 1333/2129/581 1346/2128/581 1734/2457/581
f 1347/2122/581 1333/2129/581 1735/2458/581
f 1340/2120/581 1347/2122/581 1736/2459/581
f 1350/2106/581 1340/2120/581 1737/2460/581
f 1739/2462/581 1329/2104/581 1350/2106/581
f 1740/2463/581 1335/2183/581 1329/2104/581
f 1741/2464/581 1325/2184/581 1335/2183/581
f 1325/2184/581 1741/2464/581 1742/2465/581
f 1351/2090/581 1405/2466/581 1407/1944/581
f 1327/2097/581 1381/1922/581 1405/2466/581
f 1326/2217/581 1380/1923/581 1381/1922/581
f 1747/2467/581 1746/2471/581 1326/2217/581
f 1743/2468/581 1380/1923/581 1745/2469/581
f 1746/2471/581 1745/2469/581 1380/1923/581
f 1743/2468/581 1766/2472/581 1379/1929/581
f 1766/2472/581 1765/2473/581 1389/1903/581
f 1765/2473/581 1764/2474/581 1383/1901/581
f 1764/2474/581 1763/2476/581 1404/2475/581
f 1763/2476/581 1762/2478/581 1394/2477/581
f 1762/2478/581 1761/2480/581 1401/2479/581
f 1761/2480/581 1760/2482/581 1387/2481/581
f 1760/2482/581 1759/2484/581 1400/2483/581
f 1759/2484/581 1758/2486/581 1391/2485/581
f 1758/2486/581 1757/2488/581 1397/2487/581
f 1757/2488/581 1749/2490/581 1385/2489/581
f 1749/2490/581 1748/2492/581 1395/2491/581
f 1748/2492/581 1750/2494/581 1425/2493/581
f 1750/2494/581 1751/2496/581 1419/2495/581
f 1751/2496/581 1752/2498/581 1427/2497/581
f 1752/2498/581 1753/2972/581 1417/2499/581
f 1417/2499/581 1753/2972/581 1754/2500/581
f 1429/2501/581 1754/2500/581 1755/2502/581
f 1755/2502/581 1756/2525/581 1423/2504/581
f 1359/2066/581 1357/2056/581 1354/2055/581
f 1770/2505/581 1769/2507/581 1323/2086/581
f 1356/2076/581 1769/2507/581 1770/2505/581
f 1359/2066/581 1323/2086/581 1769/2507/581
f 1774/2508/581 1775/2982/581 1410/2509/581
f 1377/1938/581 1772/2983/581 1773/2511/581
f 1324/2228/581 1353/2088/581 1407/1944/581
f 1771/2512/581 1768/2506/581 1323/2086/581
f 1773/2511/581 1771/2512/581 1324/2228/581
f 1777/2513/581 1772/2983/581 1377/1938/581
f 1410/2509/581 1775/2982/581 1777/2513/581
f 1377/1938/581 1408/2962/581 1411/2515/581
f 1413/2516/581 1410/2509/581 1776/2514/581
f 1461/2231/581 1780/2980/581 1781/2517/581
f 1432/2518/581 1779/2981/581 1778/2519/581
f 1409/2510/581 1431/2520/581 1778/2519/581
f 1414/2521/581 1767/2523/581 1431/2520/581
f 1412/2522/1809 1423/2504/1809 1767/2523/1809
f 1782/2524/581 1767/2523/581 1423/2504/581
f 1791/2526/581 1779/2981/581 1432/2518/581
f 1783/2528/581 1784/2538/581 1442/2529/581
f 1786/2531/581 1785/2973/581 1436/2532/581
f 1433/2534/581 1787/2537/581 1789/2535/581
f 1436/2532/581 1785/2973/581 1787/2537/581
f 1439/2533/581 1442/2529/581 1784/2538/581
f 1438/2530/581 1431/2520/581 1767/2523/581
f 1790/2527/581 1792/2541/581 1456/2234/581
f 1437/2539/581 1792/2541/581 1790/2527/581
f 1462/2236/581 1781/2517/581 1791/2526/581
f 1441/2540/581 1445/2968/581 1792/2541/581
f 1792/2541/581 1445/2968/581 1447/2542/581
f 1792/2541/581 1444/2543/581 1451/2544/581
f 1454/2259/581 1792/2541/581 1450/2273/581
f 1792/2541/581 1454/2259/581 1459/2258/581
f 1794/2545/581 1795/2974/581 1434/2546/581
f 1434/2546/581 1433/2534/581 1788/2536/581
f 1434/2546/581 1795/2974/581 1796/2548/581
f 1435/2549/581 1796/2548/581 1446/2550/581
f 1796/2548/581 1443/2969/581 1448/2552/581
f 1800/2553/581 1453/2265/581 1458/2267/581
f 1798/2555/581 1799/2554/581 1458/2267/581
f 1452/2556/581 1443/2969/581 1796/2548/581
f 1449/2288/581 1452/2556/581 1797/2557/581
f 1800/2553/581 1801/2564/581 1508/2021/581
f 2064/2558/583 2063/2268/583 1319/2270/583
f 1460/2253/581 1453/2265/581 1508/2021/581
f 1455/2230/581 1460/2253/581 1803/2012/581
f 1461/2231/581 1455/2230/581 1506/2011/581
f 1502/2047/581 1780/2980/581 1461/2231/581
f 1804/2559/581 1780/2980/581 1502/2047/581
f 1804/2559/581 1511/1993/581 1510/1995/581
f 1495/2003/581 1807/2979/581 1808/2561/581
f 1806/2562/581 1805/2560/581 1510/1995/581
f 1809/2563/581 1807/2979/581 1495/2003/581
f 1507/2017/581 1508/2021/581 1801/2564/581
f 1811/2566/581 1802/2015/581 1507/2017/581
f 1497/1973/581 1500/2028/581 1813/2567/581
f 1812/2569/581 1813/2567/581 1500/2028/581
f 1802/2015/581 1811/2566/581 1812/2569/581
f 1533/1958/581 1513/1971/581 1815/2570/581
f 1497/1973/581 1814/2568/581 1815/2570/581
f 1817/2571/581 1816/2975/581 1517/1950/581
f 1517/1950/581 1816/2975/581 1818/2572/581
f 1819/2573/581 1518/1951/581 1818/2572/581
f 1518/1951/581 1819/2573/581 1538/2575/581
f 1821/2577/581 1535/2597/581 1536/2578/581
f 1819/2573/581 1465/2213/581 1536/2578/581
f 1471/2192/581 1821/2577/581 1822/2579/581
f 1468/2207/581 1822/2579/581 1536/2578/581
f 1824/2580/581 1809/2563/581 1496/2071/581
f 1824/2580/581 1509/2007/581 1512/1987/581
f 1465/2213/581 1819/2573/581 1820/2574/581
f 1827/2583/581 1504/2039/581 1499/2041/581
f 1826/2585/581 1501/1989/581 1504/2039/581
f 1501/1989/581 1826/2585/581 1825/2581/581
f 1498/1974/581 1514/1976/581 1539/2586/581
f 1540/2587/581 1828/2584/581 1499/2041/581
f 1828/2584/581 1540/2587/581 1532/2588/581
f 1829/2589/581 1828/2584/581 1515/1904/581
f 1830/2590/581 1829/2589/581 1525/1906/581
f 1831/2591/581 1830/2590/581 1519/1946/581
f 1832/2592/581 1831/2591/581 1528/1918/581
f 1833/2593/581 1832/2592/581 1523/1917/581
f 1834/2594/581 1833/2593/581 1529/1930/581
f 1834/2594/581 1521/1932/581 1463/2195/581
f 1474/2187/581 1535/2597/581 1821/2577/581
f 1537/2596/1810 1526/1896/1810 1516/1941/1810
f 1526/1896/1811 1537/2596/1811 1535/2597/1811
f 1463/2195/1812 1521/1932/1812 1522/1934/1812
f 1520/1897/1813 1535/2597/1813 1524/1911/1813
f 1535/2597/1814 1522/1934/1814 1530/1912/1814
f 1470/2186/1815 1522/1934/1815 1535/2597/1815
f 1464/2222/581 1837/2602/581 1838/2598/581
f 1464/2222/581 1836/2599/581 1835/2595/581
f 1868/2600/581 1867/2627/581 1840/2601/581
f 1469/2201/581 1473/2170/581 1837/2602/581
f 1473/2170/581 1477/2161/581 1479/2160/581
f 1479/2160/581 1476/2136/581 1483/2135/581
f 1483/2135/581 1482/2103/581 1489/2102/581
f 1489/2102/581 1486/2094/581 1491/2096/581
f 1865/2112/581 1868/2600/581 1837/2602/581
f 1841/2603/581 1839/2978/581 1494/2082/581
f 1844/2604/581 1843/2976/581 1466/2209/581
f 1465/2213/581 1823/2582/581 1842/2605/581
f 1466/2209/581 1843/2976/581 1845/2606/581
f 1846/2607/581 1484/2133/581 1475/2144/581
f 1846/2607/581 1480/2155/581 1478/2167/581
f 1467/2189/581 1845/2606/581 1846/2607/581
f 1490/2100/581 1848/2609/581 1849/2608/581
f 1848/2609/581 1490/2100/581 1481/2116/581
f 1481/2116/581 1484/2133/581 1846/2607/581
f 1564/2611/581 1541/2618/581 1854/2612/581
f 1487/2078/581 1855/2615/581 1853/2614/581
f 1855/2615/581 1856/2613/581 1854/2612/581
f 1493/2079/581 1853/2614/581 1852/2616/581
f 1852/2616/581 1853/2614/581 1854/2612/581
f 1541/2618/581 1850/2634/581 1851/2617/581
f 1857/2619/581 1543/2959/581 1862/2620/581
f 1862/2620/581 1543/2959/581 1549/2622/581
f 1861/2624/581 1863/2625/581 1492/2107/581
f 1862/2620/581 1864/2623/581 1863/2625/581
f 1849/2608/581 1859/2626/581 1861/2624/581
f 1860/2621/581 1862/2620/581 1861/2624/581
f 1488/2080/581 1494/2082/581 1868/2600/581
f 1494/2082/581 1839/2978/581 1867/2627/581
f 2197/2628/589 2196/2257/589 1454/2259/589
f 1863/2625/581 1870/2630/581 1866/2092/581
f 1863/2625/581 1864/2623/581 1869/2629/581
f 1548/2631/581 1869/2629/581 1864/2623/581
f 1866/2092/581 1870/2630/581 1855/2615/581
f 1855/2615/581 1870/2630/581 1869/2629/581
f 1564/2611/581 1856/2613/581 1869/2629/581
f 1545/2632/581 1543/2959/581 1857/2619/581
f 1850/2634/581 1541/2618/581 1542/2635/581
f 1545/2632/581 1858/2633/581 1872/2637/581
f 1547/2639/581 1557/2643/581 1593/2640/581
f 1551/2642/581 1571/2645/581 1557/2643/581
f 1568/2644/581 1559/2647/581 1571/2645/581
f 1555/2646/581 1562/2648/581 1559/2647/581
f 1562/2648/581 1555/2646/581 1569/2649/581
f 1874/2651/581 1871/2636/581 1542/2635/581
f 1877/2653/581 1876/2656/581 1565/2654/581
f 1875/2652/581 1542/2635/581 1565/2654/581
f 1542/2635/581 1563/2641/581 1593/2640/581
f 1873/2655/581 1565/2654/581 1566/2657/581
f 1882/2659/581 1881/2680/581 1581/2660/581
f 1879/2662/581 1878/2658/581 1566/2657/581
f 1884/2664/581 1885/2667/581 1583/2665/581
f 1885/2667/581 1558/2673/581 1589/2668/581
f 1886/2669/581 1887/2675/581 1585/2670/581
f 1573/2672/581 1887/2675/581 1886/2669/581
f 1577/2671/581 1583/2665/581 1885/2667/581
f 1558/2673/581 1885/2667/581 1884/2664/581
f 1887/2675/581 1573/2672/581 1592/2676/581
f 1575/2678/581 1585/2670/581 1887/2675/581
f 1884/2664/581 1880/2663/581 1566/2657/581
f 1581/2660/581 1881/2680/581 1884/2664/581
f 1888/2679/581 1880/2663/581 1884/2664/581
f 1889/2681/581 1883/2661/581 1581/2660/581
f 1890/2683/581 1889/2681/581 1582/2682/581
f 1892/2685/581 1891/2684/581 1582/2682/581
f 1893/2687/581 1892/2685/581 1580/2686/581
f 1894/2689/581 1893/2687/581 1584/2688/581
f 1895/2691/581 1894/2689/581 1578/2690/581
f 1896/2693/581 1895/2691/581 1586/2692/581
f 1897/2695/581 1896/2693/581 1576/2694/581
f 1898/2697/581 1897/2695/581 1588/2696/581
f 1899/2699/581 1898/2697/581 1591/2698/581
f 1572/2701/581 1899/2699/581 1574/2700/581
f 1560/2703/581 1901/2705/581 1899/2699/581
f 1561/2704/581 1900/2977/581 1901/2705/581
f 1903/2706/581 1900/2977/581 1561/2704/581
f 1902/2708/581 1903/2706/581 1554/2707/581
f 1905/2710/581 1902/2708/581 1570/2709/581
f 1904/2712/581 1905/2710/581 1556/2711/581
f 1544/2714/581 1567/2713/581 1552/2715/581
f 1567/2713/581 1544/2714/581 1906/2717/581
f 1546/2638/581 1872/2637/581 1906/2717/581
f 1925/2718/581 1924/2277/581 1912/2719/581
f 1931/2215/581 1926/2261/581 1916/2721/581
f 1916/2721/581 1915/2725/581 1921/2210/581
f 1920/2722/581 1924/2277/581 1925/2718/581
f 1914/2254/581 1913/2289/581 1928/2723/581
f 1915/2725/581 1920/2722/581 1930/2203/581
f 1928/2723/581 1913/2289/581 1926/2261/581
f 1932/2223/581 1923/2218/581 1922/2726/581
f 1907/2724/581 1928/2723/581 1927/2225/581
f 1917/2197/581 1921/2210/581 1919/2237/581
f 1909/2232/581 1925/2718/581 1911/2720/581
f 1950/2728/581 1939/2145/581 1940/2177/581
f 1949/2729/581 1943/2181/581 1944/2730/581
f 1951/2732/581 1949/2729/581 1945/2731/581
f 1950/2728/581 1946/2125/581 1933/2193/581
f 1947/2117/581 1937/2173/581 1949/2729/581
f 1937/2173/581 1938/2157/581 1943/2181/581
f 1945/2731/581 1950/2728/581 1952/2734/581
f 1944/2730/581 1939/2145/581 1950/2728/581
f 1948/2733/581 1952/2734/581 1941/2735/581
f 1936/2190/581 1947/2117/581 1951/2732/581
f 1952/2734/581 1933/2193/581 1934/2138/581
f 1935/2736/581 1951/2732/581 1948/2733/581
f 1956/2067/581 1957/2083/581 1958/2063/581
f 1962/2074/581 1960/2739/581 1953/2031/581
f 1956/2067/581 1959/2737/581 1960/2739/581
f 1966/2058/581 1963/2035/581 1964/2018/581
f 1967/1999/581 1968/2049/581 1969/2005/581
f 1959/2737/581 1966/2058/581 1965/2042/581
f 1961/2738/581 1953/2031/581 1954/2093/581
f 1963/2035/581 1970/2048/581 1971/2740/581
f 1972/2013/581 1969/2005/581 1971/2740/581
f 1976/1959/581 1977/1977/581 1978/1952/581
f 1982/1966/581 1980/1913/581 1973/1898/581
f 1982/1966/581 1976/1959/581 1979/2741/581
f 1986/1935/581 1983/1907/581 1984/2743/581
f 1987/2744/581 1988/1927/581 1989/2745/581
f 1979/2741/581 1986/1935/581 1985/1942/581
f 1981/2742/581 1973/1898/581 1974/1990/581
f 1983/1907/581 1990/1919/581 1991/2747/581
f 1992/2746/581 1989/2745/581 1991/2747/581
f 1996/2748/581 1997/5241/581 2010/2749/581
f 2011/2751/581 1998/2800/581 1999/2239/581
f 2001/2753/581 2005/2762/581 2003/2754/581
f 2008/2756/581 2009/2759/581 2007/2757/581
f 2009/2759/581 1996/2748/581 2006/2750/581
f 1994/2760/581 2001/2753/581 2002/2755/581
f 1995/2761/581 2008/2756/581 1993/2758/581
f 2005/2762/581 2004/2764/581 2012/2763/581
f 2004/2764/581 2011/2751/581 2000/2752/581
f 2010/2749/581 1997/5241/581 2028/2765/581
f 2029/2767/581 2018/2782/581 2017/2768/581
f 2019/2770/581 2021/2778/581 2020/2771/581
f 2025/2773/581 2027/2776/581 2026/2774/581
f 2024/2766/581 2028/2765/581 2027/2776/581
f 2014/2777/581 2015/2779/581 2021/2778/581
f 2013/2775/581 2026/2774/581 2015/2779/581
f 2022/2772/581 2020/2771/581 2030/2780/581
f 2023/2781/581 2030/2780/581 2018/2782/581
f 2034/2783/581 2035/5242/581 2045/2244/581
f 2048/2785/581 2016/2769/581 2017/2768/581
f 2036/2787/581 2039/2796/581 2037/2788/581
f 2043/2790/581 2044/2793/581 2042/2791/581
f 2044/2793/581 2034/2783/581 2041/2784/581
f 2032/2794/581 2036/2787/581 2038/2789/581
f 2033/2795/581 2043/2790/581 2031/2792/581
f 2039/2796/581 2040/2798/581 2047/2797/581
f 2040/2798/581 2048/2785/581 2046/2786/581
f 2045/2244/581 2035/5242/581 2062/2799/581
f 2052/2264/581 2064/2558/581 1999/2239/581
f 2053/2801/581 2054/2249/581 2055/2802/581
f 2058/2280/581 2060/2805/581 2061/2804/581
f 2059/2245/581 2062/2799/581 2060/2805/581
f 2049/2806/581 2051/2284/581 2054/2249/581
f 2050/2281/581 2061/2804/581 2051/2284/581
f 2057/2803/581 2055/2802/581 2063/2268/581
f 2056/2263/581 2063/2268/581 2064/2558/581
f 2068/2199/581 2069/2182/581 2070/2216/581
f 2068/2199/581 2071/2807/581 2095/2089/581
f 2076/2180/581 2073/2179/581 2074/2202/581
f 2077/2140/581 2078/2152/581 2079/2149/581
f 2089/2114/581 2084/2113/581 2082/2127/581
f 2068/2199/581 2076/2180/581 2075/2808/581
f 2083/2131/581 2088/2130/581 2086/2175/581
f 2080/2110/581 2090/2109/581 2092/2165/581
f 2077/2140/581 2093/1980/581 2094/1981/581
f 2088/2130/581 2087/2141/581 2079/2149/581
f 2084/2113/581 2083/2131/581 2085/2809/581
f 2090/2109/581 2089/2114/581 2081/2121/581
f 2073/2179/581 2080/2110/581 2091/2105/581
f 2072/2051/581 2095/2089/581 2065/2810/581
f 2096/2811/581 2065/2810/581 2066/2227/581
f 2101/2044/581 2102/2054/581 2097/2065/581
f 2100/2072/581 2097/2065/581 2098/2075/581
f 2104/2052/581 2072/2051/581 2096/2811/581
f 2103/2038/581 2104/2052/581 2102/2054/581
f 2106/1991/581 2103/2038/581 2101/2044/581
f 2110/1948/581 2108/2034/581 2107/2812/581
f 2113/1979/581 2114/1963/581 2112/1968/581
f 2118/1992/581 2116/2009/581 2115/1955/581
f 2118/1992/581 2106/1991/581 2105/1997/581
f 2093/1980/581 2113/1979/581 2111/2022/581
f 2114/1963/581 2109/1962/581 2107/2812/581
f 2117/1947/581 2115/1955/581 2108/2034/581
f 2122/1893/581 2125/2961/581 2124/1921/581
f 2149/2814/581 2125/2961/581 2122/1893/581
f 2130/1894/581 2129/1902/581 2128/2815/581
f 2133/2817/581 2132/2952/581 2131/2818/581
f 2144/2820/581 2136/2832/581 2135/2821/581
f 2122/1893/581 2123/2813/581 2129/1902/581
f 2138/2823/581 2140/2831/581 2139/2824/581
f 2134/2826/581 2146/2833/581 2145/2827/581
f 2131/2818/581 2132/2952/581 2148/2829/581
f 2141/2825/581 2139/2824/581 2133/2817/581
f 2137/2822/581 2135/2821/581 2140/2831/581
f 2143/2828/581 2145/2827/581 2136/2832/581
f 2127/2816/581 2128/2815/581 2146/2833/581
f 2119/2834/581 2149/2814/581 2126/1915/581
f 2120/1937/581 2119/2834/581 2150/2835/581
f 2151/2837/581 2156/2843/581 2155/2838/581
f 2152/2840/581 2151/2837/581 2154/2839/581
f 2150/2835/581 2126/1915/581 2158/2842/581
f 2157/2844/581 2155/2838/581 2156/2843/581
f 2160/2845/581 2159/2855/581 2155/2838/581
f 2162/2846/581 2161/2857/581 2164/2847/581
f 2167/2849/581 2166/2856/581 2165/2850/581
f 2170/2852/581 2169/2963/581 2172/2853/581
f 2172/2853/581 2169/2963/581 2159/2855/581
f 2147/2830/581 2148/2829/581 2166/2856/581
f 2168/2851/581 2165/2850/581 2162/2846/581
f 2161/2857/581 2170/2852/581 2171/2854/581
f 2176/2858/581 2177/2966/581 2178/2859/581
f 2180/2861/581 2176/2858/581 2179/2860/581
f 2182/2863/581 2173/2868/581 2174/2864/581
f 2183/2866/581 2180/2861/581 2184/2862/581
f 2183/2866/581 2181/2867/581 2173/2868/581
f 2190/2869/581 2185/2876/581 2186/2870/581
f 2184/2862/581 2188/2873/581 2189/2872/581
f 2188/2873/581 2190/2869/581 2187/2871/581
f 2191/2287/581 2192/2271/581 2193/2874/581
f 2185/2876/581 2194/2875/581 2193/2874/581
f 2195/2276/581 2196/2257/581 2197/2628/581
f 2199/2877/581 2200/2878/581 2201/2283/581
f 2198/2266/581 2197/2628/581 2192/2271/581
f 2202/2252/581 2201/2283/581 2196/2257/581
f 2199/2877/581 2203/2229/581 2204/2235/581
f 2208/2206/581 2209/2212/581 2210/2208/581
f 2212/2191/581 2208/2206/581 2211/2188/581
f 2214/2880/581 2205/2200/581 2206/2221/581
f 2215/2185/581 2212/2191/581 2216/2879/581
f 2215/2185/581 2213/2169/581 2205/2200/581
f 2222/2166/581 2217/2154/581 2218/2134/581
f 2216/2879/581 2220/2171/581 2221/2159/581
f 2220/2171/581 2222/2166/581 2219/2176/581
f 2223/2115/581 2224/2101/581 2225/2151/581
f 2217/2154/581 2226/2143/581 2225/2151/581
f 2227/2108/581 2228/2123/581 2229/2881/581
f 2231/2882/581 2232/2884/581 2233/2111/581
f 2230/2099/581 2229/2881/581 2224/2101/581
f 2235/2883/581 2234/2095/581 2228/2123/581
f 2231/2882/581 2237/2077/581 2238/2081/581
f 2242/2885/581 2243/1972/581 2244/2886/581
f 2242/2885/581 2245/2040/581 2247/2057/581
f 2250/2887/581 2248/1988/581 2257/2008/581
f 2246/2046/581 2247/2057/581 2248/1988/581
f 2246/2046/581 2251/2023/581 2252/2029/581
f 2256/2010/581 2253/2020/581 2254/2016/581
f 2258/1994/581 2239/2073/581 2240/2070/581
f 2249/2053/581 2257/2008/581 2239/2073/581
f 2259/2888/581 2260/1975/581 2244/2886/581
f 2265/1957/581 2266/1949/581 2279/2889/581
f 2270/1940/581 2267/1895/581 2268/1945/581
f 2277/1910/581 2271/2954/581 2272/1931/581
f 2274/1924/581 2278/2894/581 2276/2892/581
f 2262/1964/581 2270/1940/581 2269/1905/581
f 2267/1895/581 2274/1924/581 2275/1916/581
f 2278/2894/581 2277/1910/581 2273/2891/581
f 2280/2895/581 2261/2896/581 2262/1964/581
f 2264/2890/581 2279/2889/581 2261/2896/581
f 2281/2897/581 2282/2956/581 2283/2898/581
f 2284/2899/581 2283/2898/581 2261/2896/581
f 2264/2890/581 2280/2895/581 2260/1975/581
f 2286/2900/581 2285/2958/581 2260/1975/581
f 2290/2901/581 2291/2905/581 2292/2902/581
f 2293/2904/581 2294/2960/581 2292/2902/581
f 2298/2906/581 2296/2909/581 2287/2907/581
f 2298/2906/581 2290/2901/581 2295/2903/581
f 2295/2903/581 2299/2929/581 2300/2910/581
f 2301/2911/581 2302/2923/581 2303/2912/581
f 2304/2914/581 2308/2930/581 2306/2915/581
f 2309/2917/581 2310/2951/581 2311/2918/581
f 2316/2920/581 2314/2931/581 2313/2921/581
f 2312/2922/581 2313/2921/581 2302/2923/581
f 2297/2908/581 2287/2907/581 2288/2924/581
f 2317/2926/581 2318/2964/581 2319/2927/581
f 2299/2929/581 2304/2914/581 2305/2916/581
f 2308/2930/581 2307/2913/581 2303/2912/581
f 2315/2919/581 2311/2918/581 2314/2931/581
f 2324/2932/581 2322/2950/581 2321/2933/581
f 2326/2935/581 2325/2947/581 2327/2936/581
f 2330/2938/581 2329/2946/581 2331/2939/581
f 2334/2941/581 2333/2945/581 2335/2942/581
f 2334/2941/581 2338/2967/581 2337/2944/581
f 2336/2943/581 2335/2942/581 2329/2946/581
f 2332/2940/581 2331/2939/581 2325/2947/581
f 2328/2948/581 2340/2937/581 2327/2936/581
f 2315/2919/581 2324/2932/581 2323/2934/581
f 2322/2950/581 2328/2948/581 2339/2949/581
f 2320/2928/581 2319/2927/581 2310/2951/581
f 2256/2010/581 2255/2168/581 2252/2029/581
f 2236/2091/581 2233/2111/581 2234/2095/581
f 1246/1967/424 1981/2742/424 1975/1984/424
f 2278/2894/590 2274/1924/590 1527/1925/590
f 2132/2952/591 2133/2817/591 1397/2487/591
f 1984/2743/592 1991/2747/592 1247/2434/592
f 1519/1946/593 2268/1945/593 2275/1916/593
f 2127/2816/594 2134/2826/594 1403/2826/594
f 1992/2746/1816 1990/1919/1816 1248/1920/1816
f 1387/2481/596 2135/2821/596 2136/2832/596
f 2276/2892/597 2273/2891/597 1529/1930/597
f 2137/2822/598 2138/2823/598 1399/2953/598
f 1247/2434/1817 1991/2747/1817 1989/2745/1817
f 2271/2954/1818 2277/1910/1818 1530/1912/1818
f 1987/2744/1819 1992/2746/1819 1250/2369/1819
f 1389/1903/602 2129/1902/602 2123/2813/602
f 2130/1894/603 2127/2816/603 1384/2816/603
f 1994/2760/604 1993/2758/604 1269/2758/604
f 1532/2588/1820 2280/2895/1820 2263/2893/1820
f 1391/2485/606 2139/2824/606 2140/2831/606
f 1254/2420/607 1997/5241/607 1996/2748/607
f 2141/2825/608 2142/2819/608 1398/2955/608
f 1534/2576/609 2279/2889/609 2266/1949/609
f 1265/2429/610 2000/2752/610 1999/2239/610
f 2143/2828/611 2144/2820/611 1402/2820/611
f 2001/2753/612 1994/2760/612 1251/2760/612
f 2282/2956/1821 2281/2897/1821 1536/2578/1821
f 1394/2477/614 2145/2827/614 2146/2833/614
f 1270/2385/615 2002/2755/615 2003/2754/615
f 1537/2596/1822 2283/2898/1822 2282/2956/1822
f 2004/2764/617 2005/2762/617 1258/2762/617
f 2284/2899/509 2279/2889/509 1534/2576/509
f 1531/1965/618 2261/2896/618 2283/2898/618
f 2148/2829/619 2132/2952/619 1385/2489/619
f 2007/2757/620 2006/2750/620 1262/2957/620
f 2281/2897/1823 2284/2899/1823 1538/2575/1823
f 2131/2818/622 2147/2830/622 1396/2830/622
f 1260/2402/623 2009/2759/623 2008/2756/623
f 1397/2487/1824 2133/2817/1824 2139/2824/1824
f 1533/1958/625 2264/2890/625 2259/2888/625
f 2142/2819/626 2131/2818/626 1386/2818/626
f 1261/2411/627 1996/2748/627 2009/2759/627
f 2006/2750/628 2010/2749/628 1253/2749/628
f 1514/1976/1825 2260/1975/1825 2285/2958/1825
f 2138/2823/630 2141/2825/630 1392/2825/630
f 1539/2586/1826 2285/2958/1826 2286/2900/1826
f 1400/2483/632 2140/2831/632 2135/2821/632
f 2286/2900/1827 2280/2895/1827 1532/2588/1827
f 2005/2762/634 2001/2753/634 1263/2753/634
f 2288/2924/1828 2287/2907/1828 1563/2641/1828
f 1401/2479/636 2136/2832/636 2145/2827/636
f 1998/2800/397 2011/2751/397 1264/2751/397
f 2289/2925/637 2288/2924/637 1542/2635/637
f 2144/2820/638 2137/2822/638 1388/2822/638
f 1267/2400/1829 2012/2763/1829 2000/2752/1829
f 1543/2959/640 2291/2905/640 2290/2901/640
f 2134/2826/641 2143/2828/641 1393/2828/641
f 1266/2389/642 2008/2756/642 1995/2761/642
f 1546/2638/1830 2294/2960/1830 2293/2904/1830
f 1404/2475/644 2146/2833/644 2128/2815/644
f 1993/2758/352 2007/2757/352 1259/2757/352
f 1544/2714/645 2292/2902/645 2294/2960/645
f 2293/2904/1831 2291/2905/1831 1543/2959/1831
f 2125/2961/407 2149/2814/407 1405/2466/407
f 1257/2384/647 2003/2754/647 2012/2763/647
f 2011/2751/357 2004/2764/357 1268/2764/357
f 1548/2631/640 2298/2906/640 2297/2908/640
f 2149/2814/407 2119/2834/407 1407/1944/407
f 1549/2622/640 2290/2901/640 2298/2906/640
f 2121/2836/1832 2150/2835/1832 1408/2962/1832
f 1252/2390/649 1995/2761/649 2002/2755/649
f 1550/2716/1833 2295/2903/1833 2292/2902/1833
f 1287/2775/363 2013/2775/363 2014/2777/363
f 1413/2516/1834 2151/2837/1834 2152/2840/1834
f 2152/2840/415 2153/2841/415 1409/2510/415
f 1547/2639/652 2296/2909/652 2300/2910/652
f 2154/2839/1835 2155/2838/1835 1412/2522/1835
f 2017/2768/654 2018/2782/654 1283/2426/654
f 2299/2929/1836 2295/2903/1836 1550/2716/1836
f 2014/2777/370 2019/2770/370 1281/2770/370
f 1411/2515/1837 2156/2843/1837 2151/2837/1837
f 2020/2771/657 2021/2778/657 1288/2388/657
f 2303/2912/658 2302/2923/658 1553/2650/658
f 2153/2841/1838 2154/2839/1838 1414/2521/1838
f 2022/2772/375 2023/2781/375 1286/2781/375
f 2304/2914/1839 2299/2929/1839 1552/2715/1839
f 1568/2644/662 2305/2916/662 2306/2915/662
f 2024/2766/663 2025/2773/663 1277/2773/663
f 2307/2913/664 2308/2930/664 1556/2711/664
f 2157/2844/1 2158/2842/1 1416/2842/1
f 2026/2774/665 2027/2776/665 1278/2404/665
f 1408/2962/1840 2150/2835/1840 2156/2843/1840
f 1416/2842/667 2158/2842/667 2126/1915/667
f 2027/2776/668 2028/2765/668 1279/2413/668
f 1571/2645/707 2311/2918/707 2310/2951/707
f 1561/2704/670 2312/2922/670 2301/2911/670
f 2155/2838/1841 2159/2855/1841 1423/2504/1841
f 2028/2765/672 1997/5241/672 1254/2420/672
f 1562/2648/673 2313/2921/673 2314/2931/673
f 2160/2845/674 2157/2844/674 1415/2844/674
f 2019/2770/395 2022/2772/395 1276/2772/395
f 1572/2701/675 2315/2919/675 2316/2920/675
f 2161/2857/676 2162/2846/676 1427/2497/676
f 1282/2767/367 2029/2767/367 2016/2769/367
f 2163/2848/1842 2164/2847/1842 1418/2847/1842
f 2018/2782/678 2030/2780/678 1285/2395/678
f 1560/2703/1843 2316/2920/1843 2312/2922/1843
f 1553/2650/680 2302/2923/680 2313/2921/680
f 2165/2850/681 2166/2856/681 1425/2493/681
f 2015/2779/682 2026/2774/682 1284/2380/682
f 2167/2849/683 2168/2851/683 1420/2851/683
f 2025/2773/184 2013/2775/184 1287/2775/184
f 2287/2907/684 2296/2909/684 1547/2639/684
f 1564/2611/640 2297/2908/640 2289/2925/640
f 2169/2963/686 2170/2852/686 1429/2501/686
f 2030/2780/687 2020/2771/687 1275/2387/687
f 2171/2854/688 2172/2853/688 1422/2853/688
f 2023/2781/177 2029/2767/177 1282/2767/177
f 2318/2964/689 2317/2926/689 1566/2657/689
f 1593/2640/767 2319/2927/767 2318/2964/767
f 2159/2855/1844 2169/2963/1844 1421/2503/1844
f 2320/2928/692 2309/2917/692 1558/2673/692
f 2172/2853/693 2160/2845/693 1424/2845/693
f 2021/2778/1845 2015/2779/1845 1272/2379/1845
f 2308/2930/695 2304/2914/695 1567/2713/695
f 2010/2749/170 2024/2766/170 1280/2766/170
f 1551/2642/696 2300/2910/696 2305/2916/696
f 2166/2856/697 2148/2829/697 1395/2491/697
f 2032/2794/698 2031/2792/698 1305/2792/698
f 2147/2830/699 2167/2849/699 1426/2849/699
f 2306/2915/700 2303/2912/700 1569/2649/700
f 1292/2415/701 2035/5242/701 2034/2783/701
f 2301/2911/702 2307/2913/702 1570/2709/702
f 2162/2846/703 2165/2850/703 1419/2495/703
f 1299/2787/704 2036/2787/704 2032/2794/704
f 2168/2851/705 2163/2848/705 1428/2848/705
f 1306/2377/706 2038/2789/706 2037/2788/706
f 1559/2647/707 2314/2931/707 2311/2918/707
f 2040/2798/1846 2039/2796/1846 1294/2796/1846
f 2170/2852/709 2161/2857/709 1417/2499/709
f 2164/2847/710 2171/2854/710 1430/2854/710
f 2042/2791/711 2041/2784/711 1298/2784/711
f 1296/2399/712 2044/2793/712 2043/2790/712
f 1589/2668/713 2323/2934/713 2321/2933/713
f 2174/2864/1847 2173/2868/1847 1437/2539/1847
f 2324/2932/1848 2315/2919/1848 1572/2701/1848
f 2175/2865/562 2174/2864/562 1432/2518/562
f 1297/2409/716 2034/2783/716 2044/2793/716
f 2177/2966/717 2176/2858/717 1436/2532/717
f 2041/2784/718 2045/2244/718 1291/2244/718
f 2327/2936/719 2325/2947/719 1575/2678/719
f 1434/2546/720 2178/2859/720 2177/2966/720
f 2328/2948/1849 2322/2950/1849 1574/2700/1849
f 1435/2549/1850 2179/2860/1850 2178/2859/1850
f 1865/2112/1851 2233/2111/1851 2232/2884/1851
f 2176/2858/717 2180/2861/717 1439/2533/717
f 1866/2092/1852 2236/2091/1852 2235/2883/1852
f 1294/2796/724 2039/2796/724 2036/2787/724
f 2331/2939/725 2329/2946/725 1577/2671/725
f 1301/2424/726 2046/2786/726 2017/2768/726
f 2332/2940/1853 2326/2935/1853 1576/2694/1853
f 1437/2539/1854 2173/2868/1854 2181/2867/1854
f 1303/2396/1855 2047/2797/1855 2046/2786/1855
f 1438/2530/717 2182/2863/717 2175/2865/717
f 1583/2665/730 2335/2942/730 2333/2945/730
f 1302/2383/731 2043/2790/731 2033/2795/731
f 2336/2943/1856 2330/2938/1856 1578/2690/1856
f 1439/2533/717 2180/2861/717 2183/2866/717
f 2031/2792/256 2042/2791/256 1295/2965/256
f 1581/2660/689 2337/2944/689 2338/2967/689
f 1440/2551/1857 2184/2862/1857 2179/2860/1857
f 1579/2666/1858 2333/2945/1858 2337/2944/1858
f 1293/2375/735 2037/2788/735 2047/2797/735
f 2338/2967/1859 2334/2941/1859 1580/2686/1859
f 2048/2785/260 2040/2798/260 1304/2798/260
f 1577/2671/737 2329/2946/737 2335/2942/737
f 2183/2866/717 2182/2863/717 1438/2530/717
f 1580/2686/738 2334/2941/738 2336/2943/738
f 1290/2381/739 2033/2795/739 2038/2789/739
f 2325/2947/740 2331/2939/740 1585/2670/740
f 1447/2542/741 2187/2871/741 2186/2870/741
f 2050/2281/264 2049/2806/264 1307/2806/264
f 2330/2938/1860 2332/2940/1860 1586/2692/1860
f 2188/2873/1861 2184/2862/1861 1440/2551/1861
f 1441/2540/1862 2181/2867/1862 2189/2872/1862
f 2052/2264/293 1998/2800/293 1255/2800/293
f 1592/2676/745 2339/2949/745 2327/2936/745
f 2190/2869/1863 2188/2873/1863 1446/2550/1863
f 2049/2806/270 2053/2801/270 1315/2801/270
f 1187/2255/747 1907/2724/747 1908/2727/747
f 2326/2935/748 2340/2937/748 1588/2696/748
f 2055/2802/749 2054/2249/749 1322/2251/749
f 1909/2232/578 1910/2246/578 1172/2248/578
f 1445/2968/750 2189/2872/750 2187/2871/750
f 2057/2803/1864 2056/2263/1864 1320/2263/1864
f 1188/2247/752 1911/2720/752 1912/2719/752
f 1558/2673/753 2309/2917/753 2323/2934/753
f 2185/2876/754 2190/2869/754 1448/2552/754
f 1913/2289/772 1914/2254/772 1173/2256/772
f 2322/2950/1865 2324/2932/1865 1590/2702/1865
f 2059/2245/757 2058/2280/757 1311/2282/757
f 1915/2725/758 1916/2721/758 1176/2260/758
f 2061/2804/759 2060/2805/759 1312/2393/759
f 2340/2937/760 2328/2948/760 1591/2698/760
f 2193/2874/761 2192/2271/761 1450/2273/761
f 1175/2243/578 1918/2242/578 1919/2237/578
f 1573/2672/762 2321/2933/762 2339/2949/762
f 2194/2875/763 2185/2876/763 1443/2969/763
f 2060/2805/764 2062/2799/764 1313/2406/764
f 1920/2722/1866 1915/2725/1866 1178/2970/1866
f 2186/2870/766 2193/2874/766 1451/2544/766
f 1557/2643/767 2310/2951/767 2319/2927/767
f 2191/2287/768 2194/2875/768 1452/2556/768
f 2062/2799/769 2035/5242/769 1292/2415/769
f 1185/2275/770 1922/2726/770 1923/2218/770
f 2317/2926/1867 2320/2928/1867 1594/2674/1867
f 2053/2801/290 2057/2803/290 1310/2803/290
f 1912/2719/772 1924/2277/772 1180/2279/772
f 1273/2769/247 2016/2769/247 2048/2785/247
f 1599/2303/773 1598/2292/773 428/2292/773
f 1608/2304/774 1599/2303/774 429/2303/774
f 1600/2305/775 1608/2304/775 438/2304/775
f 431/2306/75 1601/2306/75 1600/2305/75
f 1602/2307/776 1601/2306/776 431/2306/776
f 433/2308/777 1603/2308/777 1602/2307/777
f 1604/2309/778 1603/2308/778 433/2308/778
f 1605/2310/779 1604/2309/779 434/2309/779
f 1606/2311/780 1605/2310/780 435/2310/780
f 1607/2313/75 1606/2311/75 436/2311/75
f 1621/2315/781 1607/2313/781 437/2313/781
f 1622/2316/75 1621/2315/75 451/2315/75
f 1636/2327/782 1622/2316/782 452/2316/782
f 1623/2328/782 1636/2327/782 466/2327/782
f 1633/515/783 1623/2328/783 453/2328/783
f 1635/514/75 1633/515/75 463/515/75
f 1624/2326/784 1635/514/784 465/514/784
f 1637/2332/1868 1624/2326/1868 454/2326/1868
f 1638/2331/786 1637/2332/786 467/2332/786
f 1639/2330/787 1638/2331/787 468/2331/787
f 470/2329/788 1640/2329/788 1639/2330/788
f 1632/2325/789 1640/2329/789 470/2329/789
f 1641/2335/790 1632/2325/790 462/2325/790
f 1643/2336/791 1641/2335/791 471/2335/791
f 1642/2360/792 1643/2336/792 473/2336/792
f 1644/2359/793 1642/2360/793 472/2360/793
f 1673/2363/794 1644/2359/794 474/2359/794
f 1667/2361/794 1673/2363/794 503/2363/794
f 1668/2364/795 1667/2361/795 497/2361/795
f 1669/2365/796 1668/2364/796 498/2364/796
f 1670/2357/797 1669/2365/797 499/2365/797
f 1675/2366/798 1670/2357/798 500/2357/798
f 1671/2367/799 1675/2366/799 505/2366/799
f 1676/2368/800 1671/2367/800 501/2367/800
f 1677/2373/801 1676/2368/801 506/2368/801
f 1678/2372/802 1677/2373/802 507/2373/802
f 1679/2371/803 1678/2372/803 508/2372/803
f 1680/2370/804 1679/2371/804 509/2371/804
f 1688/2971/805 1680/2370/805 510/2370/805
f 1685/2401/806 1688/2971/806 518/2971/806
f 516/2410/807 1686/2410/807 1685/2401/807
f 1682/2419/808 1686/2410/808 516/2410/808
f 1695/2412/809 1682/2419/809 512/2419/809
f 1694/2403/810 1695/2412/810 525/2412/810
f 1697/2378/811 1694/2403/811 524/2403/811
f 521/2416/812 1691/2416/812 1697/2378/812
f 1699/2386/813 1691/2416/813 521/2416/813
f 1693/2394/814 1699/2386/814 529/2386/814
f 1698/2425/815 1693/2394/815 523/2394/815
f 526/2431/816 1696/2431/816 1698/2425/816
f 1692/2445/817 1696/2431/817 526/2431/817
f 1731/2446/818 1692/2445/818 522/2445/818
f 1730/2447/819 1731/2446/819 561/2446/819
f 1729/2448/820 1730/2447/820 560/2447/820
f 1728/2449/821 1729/2448/821 559/2448/821
f 557/2451/822 1727/2451/822 1728/2449/822
f 1726/2450/823 1727/2451/823 557/2451/823
f 1725/2452/824 1726/2450/824 556/2450/824
f 1724/2453/825 1725/2452/825 555/2452/825
f 1723/2454/826 1724/2453/826 554/2453/826
f 1722/2444/827 1723/2454/827 553/2454/827
f 1732/2455/828 1722/2444/828 552/2444/828
f 1733/2456/829 1732/2455/829 562/2455/829
f 1734/2457/830 1733/2456/830 563/2456/830
f 1735/2458/831 1734/2457/831 564/2457/831
f 1736/2459/832 1735/2458/832 565/2458/832
f 1737/2460/833 1736/2459/833 566/2459/833
f 1738/2461/834 1737/2460/834 567/2460/834
f 1739/2462/835 1738/2461/835 568/2461/835
f 1740/2463/836 1739/2462/836 569/2462/836
f 1741/2464/75 1740/2463/75 570/2463/75
f 1742/2465/75 1741/2464/75 571/2464/75
f 1747/2467/837 1742/2465/837 572/2465/837
f 576/2471/838 1746/2471/838 1747/2467/838
f 1745/2469/75 1746/2471/75 576/2471/75
f 1744/2470/839 1745/2469/839 575/2469/839
f 1743/2468/840 1744/2470/840 574/2470/840
f 1766/2472/841 1743/2468/841 573/2468/841
f 1765/2473/75 1766/2472/75 596/2472/75
f 1764/2474/842 1765/2473/842 595/2473/842
f 1763/2476/843 1764/2474/843 594/2474/843
f 1762/2478/844 1763/2476/844 593/2476/844
f 1761/2480/845 1762/2478/845 592/2478/845
f 1760/2482/846 1761/2480/846 591/2480/846
f 1759/2484/847 1760/2482/847 590/2482/847
f 588/2486/848 1758/2486/848 1759/2484/848
f 1757/2488/1869 1758/2486/1869 588/2486/1869
f 1749/2490/850 1757/2488/850 587/2488/850
f 1748/2492/851 1749/2490/851 579/2490/851
f 1750/2494/852 1748/2492/852 578/2492/852
f 1751/2496/853 1750/2494/853 580/2494/853
f 1752/2498/854 1751/2496/854 581/2496/854
f 1753/2972/855 1752/2498/855 582/2498/855
f 1754/2500/856 1753/2972/856 583/2972/856
f 1755/2502/857 1754/2500/857 584/2500/857
f 1756/2525/858 1755/2502/858 585/2502/858
f 1782/2524/859 1756/2525/859 586/2525/859
f 1767/2523/859 1782/2524/859 612/2524/859
f 1783/2528/860 1767/2523/860 597/2523/860
f 614/2538/153 1784/2538/153 1783/2528/153
f 1786/2531/861 1784/2538/861 614/2538/861
f 1785/2973/153 1786/2531/153 616/2531/153
f 1787/2537/862 1785/2973/862 615/2973/862
f 1789/2535/863 1787/2537/863 617/2537/863
f 1788/2536/864 1789/2535/864 619/2535/864
f 1793/2547/865 1788/2536/865 618/2536/865
f 1794/2545/866 1793/2547/866 623/2547/866
f 1795/2974/867 1794/2545/867 624/2545/867
f 1796/2548/868 1795/2974/868 625/2974/868
f 1797/2557/869 1796/2548/869 626/2548/869
f 1798/2555/870 1797/2557/870 627/2557/870
f 1799/2554/871 1798/2555/871 628/2555/871
f 1800/2553/1870 1799/2554/1870 629/2554/1870
f 1801/2564/873 1800/2553/873 630/2553/873
f 1810/2565/874 1801/2564/874 631/2564/874
f 1811/2566/875 1810/2565/875 640/2565/875
f 1812/2569/876 1811/2566/876 641/2566/876
f 1813/2567/877 1812/2569/877 642/2569/877
f 1814/2568/878 1813/2567/878 643/2567/878
f 1815/2570/879 1814/2568/879 644/2568/879
f 647/2571/880 1817/2571/880 1815/2570/880
f 1816/2975/881 1817/2571/881 647/2571/881
f 1818/2572/882 1816/2975/882 646/2975/882
f 1820/2574/883 1818/2572/883 648/2572/883
f 1823/2582/884 1820/2574/884 650/2574/884
f 1842/2605/885 1823/2582/885 653/2582/885
f 1844/2604/886 1842/2605/886 672/2605/886
f 1843/2976/887 1844/2604/887 674/2604/887
f 675/2606/888 1845/2606/888 1843/2976/888
f 1846/2607/889 1845/2606/889 675/2606/889
f 1847/2610/890 1846/2607/890 676/2607/890
f 1848/2609/891 1847/2610/891 677/2610/891
f 1849/2608/892 1848/2609/892 678/2609/892
f 1859/2626/893 1849/2608/893 679/2608/893
f 1860/2621/893 1859/2626/893 689/2626/893
f 1857/2619/893 1860/2621/893 690/2621/893
f 1858/2633/894 1857/2619/894 687/2619/894
f 1872/2637/895 1858/2633/895 688/2633/895
f 1906/2717/896 1872/2637/896 702/2637/896
f 1904/2712/896 1906/2717/896 736/2717/896
f 1905/2710/897 1904/2712/897 734/2712/897
f 1902/2708/898 1905/2710/898 735/2710/898
f 1903/2706/899 1902/2708/899 732/2708/899
f 1900/2977/900 1903/2706/900 733/2706/900
f 1901/2705/901 1900/2977/901 730/2977/901
f 1899/2699/902 1901/2705/902 731/2705/902
f 1898/2697/903 1899/2699/903 729/2699/903
f 1897/2695/904 1898/2697/904 728/2697/904
f 1896/2693/905 1897/2695/905 727/2695/905
f 1895/2691/906 1896/2693/906 726/2693/906
f 724/2689/1871 1894/2689/1871 1895/2691/1871
f 1893/2687/908 1894/2689/908 724/2689/908
f 1892/2685/909 1893/2687/909 723/2687/909
f 1891/2684/910 1892/2685/910 722/2685/910
f 720/2683/911 1890/2683/911 1891/2684/911
f 1889/2681/912 1890/2683/912 720/2683/912
f 1883/2661/913 1889/2681/913 719/2681/913
f 1882/2659/914 1883/2661/914 713/2661/914
f 1881/2680/915 1882/2659/915 712/2659/915
f 1888/2679/916 1881/2680/916 711/2680/916
f 1880/2663/916 1888/2679/916 718/2679/916
f 1879/2662/917 1880/2663/917 710/2663/917
f 708/2658/918 1878/2658/918 1879/2662/918
f 1873/2655/919 1878/2658/919 708/2658/919
f 1877/2653/920 1873/2655/920 703/2655/920
f 1876/2656/921 1877/2653/921 707/2653/921
f 1875/2652/1 1876/2656/1 706/2656/1
f 1874/2651/922 1875/2652/922 705/2652/922
f 1871/2636/923 1874/2651/923 704/2651/923
f 1850/2634/924 1871/2636/924 701/2636/924
f 681/2617/925 1851/2617/925 1850/2634/925
f 1852/2616/926 1851/2617/926 681/2617/926
f 1841/2603/927 1852/2616/927 682/2616/927
f 1839/2978/928 1841/2603/928 671/2603/928
f 1867/2627/929 1839/2978/929 669/2978/929
f 1840/2601/929 1867/2627/929 697/2627/929
f 1837/2602/930 1840/2601/930 670/2601/930
f 668/2598/931 1838/2598/931 1837/2602/931
f 1836/2599/932 1838/2598/932 668/2598/932
f 1835/2595/933 1836/2599/933 666/2599/933
f 664/2594/934 1834/2594/934 1835/2595/934
f 1833/2593/935 1834/2594/935 664/2594/935
f 1832/2592/936 1833/2593/936 663/2593/936
f 1831/2591/937 1832/2592/937 662/2592/937
f 1830/2590/1872 1831/2591/1872 661/2591/1872
f 1829/2589/939 1830/2590/939 660/2590/939
f 1828/2584/940 1829/2589/940 659/2589/940
f 1827/2583/941 1828/2584/941 658/2584/941
f 1826/2585/942 1827/2583/942 657/2583/942
f 1825/2581/943 1826/2585/943 656/2585/943
f 1824/2580/1873 1825/2581/1873 655/2581/1873
f 1809/2563/945 1824/2580/945 654/2580/945
f 1807/2979/946 1809/2563/946 639/2563/946
f 1808/2561/947 1807/2979/947 637/2979/947
f 1806/2562/948 1808/2561/948 638/2561/948
f 1805/2560/949 1806/2562/949 636/2562/949
f 1804/2559/950 1805/2560/950 635/2560/950
f 1780/2980/1 1804/2559/1 634/2559/1
f 1781/2517/1 1780/2980/1 610/2980/1
f 1791/2526/1 1781/2517/1 611/2517/1
f 1779/2981/1 1791/2526/1 621/2526/1
f 1778/2519/1 1779/2981/1 609/2981/1
f 1774/2508/951 1778/2519/951 608/2519/951
f 1775/2982/1 1774/2508/1 604/2508/1
f 1777/2513/1 1775/2982/1 605/2982/1
f 1772/2983/1 1777/2513/1 607/2513/1
f 1773/2511/1 1772/2983/1 602/2983/1
f 1771/2512/1 1773/2511/1 603/2511/1
f 1768/2506/952 1771/2512/952 601/2512/952
f 1770/2505/953 1768/2506/953 598/2506/953
f 1721/2443/953 1770/2505/953 600/2505/953
f 1720/2442/954 1721/2443/954 551/2443/954
f 549/2441/955 1719/2441/955 1720/2442/955
f 1718/2440/1 1719/2441/1 549/2441/1
f 1717/2439/1 1718/2440/1 548/2440/1
f 1703/2398/1 1717/2439/1 547/2439/1
f 534/2408/1 1704/2408/1 1703/2398/1
f 1701/2414/1 1704/2408/1 534/2408/1
f 1712/2405/1 1701/2414/1 531/2414/1
f 1711/2392/1 1712/2405/1 542/2405/1
f 1690/2436/956 1711/2392/956 541/2392/956
f 1684/2437/1 1690/2436/1 520/2436/1
f 1681/2438/957 1684/2437/957 514/2437/957
f 1666/2374/957 1681/2438/957 511/2438/957
f 1665/2355/1 1666/2374/1 496/2374/1
f 1664/2354/958 1665/2355/958 495/2355/958
f 1663/2984/959 1664/2354/959 494/2354/959
f 1662/2356/153 1663/2984/153 493/2984/153
f 1661/2353/960 1662/2356/960 492/2356/960
f 1660/2352/1 1661/2353/1 491/2353/1
f 1659/2351/1 1660/2352/1 490/2352/1
f 1656/2350/961 1659/2351/961 489/2351/961
f 1655/2349/962 1656/2350/962 486/2350/962
f 1654/2348/963 1655/2349/963 485/2349/963
f 1658/2347/964 1654/2348/964 484/2348/964
f 1657/2346/965 1658/2347/965 488/2347/965
f 1653/2345/966 1657/2346/966 487/2346/966
f 1651/2344/1 1653/2345/1 483/2345/1
f 1652/2343/967 1651/2344/967 481/2344/967
f 1630/2334/968 1652/2343/968 482/2343/968
f 1649/2333/1 1630/2334/1 460/2334/1
f 1646/2340/1 1649/2333/1 479/2333/1
f 1645/2337/1 1646/2340/1 476/2340/1
f 1629/2338/1 1645/2337/1 475/2337/1
f 461/2324/969 1631/2324/969 1629/2338/969
f 1628/2323/970 1631/2324/970 461/2324/970
f 1627/2321/1 1628/2323/1 458/2323/1
f 450/2322/1 1620/2322/1 1627/2321/1
f 1619/2317/971 1620/2322/971 450/2322/971
f 1618/2319/1 1619/2317/1 449/2317/1
f 1617/2320/972 1618/2319/972 448/2319/972
f 1616/2302/1 1617/2320/1 447/2320/1
f 1615/2301/973 1616/2302/973 446/2302/973
f 1614/2300/974 1615/2301/974 445/2301/974
f 1613/2299/1 1614/2300/1 444/2300/1
f 1612/2298/975 1613/2299/975 443/2299/975
f 1610/2297/1 1612/2298/1 442/2298/1
f 1611/2296/976 1610/2297/976 440/2297/976
f 1596/2295/977 1611/2296/977 441/2296/977
f 1595/2294/1 1596/2295/1 426/2295/1
f 1609/2293/978 1595/2294/978 425/2294/978
f 1597/2291/979 1609/2293/979 439/2293/979
f 1598/2292/980 1597/2291/980 427/2291/980
f 220/2985/581 1390/1894/581 1384/2816/581
f 214/2986/581 1384/2816/581 1403/2826/581
f 233/2987/581 1403/2826/581 1393/2828/581
f 223/2988/581 1393/2828/581 1402/2820/581
f 232/2989/581 1402/2820/581 1388/2822/581
f 218/2990/581 1388/2822/581 1399/2953/581
f 229/2991/581 1399/2953/581 1392/2825/581
f 222/2992/581 1392/2825/581 1398/2955/581
f 228/2993/581 1398/2955/581 1386/2818/581
f 216/2994/581 1386/2818/581 1396/2830/581
f 1396/2830/581 1426/2849/581 256/2996/581
f 1426/2849/581 1420/2851/581 250/2997/581
f 1420/2851/581 1428/2848/581 258/2998/581
f 1428/2848/581 1418/2847/581 248/2999/581
f 1418/2847/581 1430/2854/581 260/3000/581
f 1430/2854/581 1422/2853/581 252/3001/581
f 1422/2853/581 1424/2845/581 254/3002/581
f 1424/2845/581 1415/2844/581 245/3003/581
f 1415/2844/581 1416/2842/581 246/3004/581
f 1416/2842/581 1406/1915/581 236/3005/581
f 1406/1915/581 1382/1893/581 212/3006/581
f 212/3006/581 1382/1893/581 1390/1894/581
f 1336/2180/581 1328/2199/581 158/3007/581
f 1330/2179/581 1336/2180/581 166/3008/581
f 1349/2110/581 1330/2179/581 160/3009/581
f 1339/2109/581 1349/2110/581 179/3010/581
f 1348/2114/581 1339/2109/581 169/3011/581
f 1334/2113/581 1348/2114/581 178/3012/581
f 1345/2132/581 1334/2113/581 164/3013/581
f 1338/2130/581 1345/2132/581 175/3014/581
f 1344/2142/581 1338/2130/581 168/3015/581
f 1332/2140/581 1344/2142/581 174/3016/581
f 1342/1980/581 1332/2140/581 162/3017/581
f 202/3019/581 1372/1979/581 1342/1980/581
f 196/3020/581 1366/1963/581 1372/1979/581
f 204/3021/581 1374/1962/581 1366/1963/581
f 194/3022/581 1364/1948/581 1374/1962/581
f 206/3023/581 1376/1947/581 1364/1948/581
f 198/3024/581 1368/1992/581 1376/1947/581
f 200/3025/581 1370/1991/581 1368/1992/581
f 191/3026/581 1361/2038/581 1370/1991/581
f 192/3027/581 1362/2052/581 1361/2038/581
f 182/3028/581 1352/2051/581 1362/2052/581
f 1328/2199/581 1352/2051/581 182/3028/581
f 92/3029/581 1262/2957/581 1253/2749/581
f 89/3031/581 1259/2757/581 1262/2957/581
f 99/3032/581 1269/2758/581 1259/2757/581
f 1251/2760/581 1269/2758/581 99/3032/581
f 1263/2753/581 1251/2760/581 81/3033/581
f 1258/2762/581 1263/2753/581 93/3034/581
f 1268/2764/581 1258/2762/581 88/3035/581
f 1264/2751/581 1268/2764/581 98/3036/581
f 1255/2800/581 1264/2751/581 94/3037/581
f 146/3039/581 1316/2264/581 1255/2800/581
f 150/3040/581 1320/2263/581 1316/2264/581
f 140/3041/581 1310/2803/581 1320/2263/581
f 145/3042/581 1315/2801/581 1310/2803/581
f 137/3043/581 1307/2806/581 1315/2801/581
f 151/3044/581 1321/2281/581 1307/2806/581
f 1311/2282/581 1321/2281/581 151/3044/581
f 1314/2245/581 1311/2282/581 141/3045/581
f 1291/2244/581 1314/2245/581 144/3046/581
f 128/3048/581 1298/2784/581 1291/2244/581
f 125/3049/581 1295/2965/581 1298/2784/581
f 135/3050/581 1305/2792/581 1295/2965/581
f 1289/2794/581 1305/2792/581 135/3050/581
f 1299/2787/581 1289/2794/581 119/3051/581
f 1294/2796/581 1299/2787/581 129/3052/581
f 1304/2798/581 1294/2796/581 124/3053/581
f 1300/2785/581 1304/2798/581 134/3054/581
f 1273/2769/581 1300/2785/581 130/3055/581
f 112/3057/581 1282/2767/581 1273/2769/581
f 116/3058/581 1286/2781/581 1282/2767/581
f 106/3059/581 1276/2772/581 1286/2781/581
f 111/3060/581 1281/2770/581 1276/2772/581
f 101/3061/581 1271/2777/581 1281/2770/581
f 117/3062/581 1287/2775/581 1271/2777/581
f 1277/2773/581 1287/2775/581 117/3062/581
f 1280/2766/581 1277/2773/581 107/3063/581
f 1253/2749/581 1280/2766/581 110/3064/581
f 260/3065/329 2362/1721/329 2357/1697/329
f 258/3067/324 2358/1699/324 2359/1709/324
f 256/3069/318 2360/1711/318 2352/1559/318
f 254/3071/311 2356/1686/311 2361/1719/311
f 252/3072/305 2361/1719/305 2362/1721/305
f 250/3068/300 2359/1709/300 2360/1711/300
f 248/3066/981 2357/1697/981 2358/1699/981
f 245/3073/289 2355/1665/289 2356/1686/289
f 236/3074/282 2342/25/282 2354/1663/282
f 246/3075/75 2354/1663/75 2355/1665/75
f 223/3076/252 2351/1533/252 2344/1496/252
f 218/3078/249 2347/1507/249 2350/1531/249
f 222/3080/240 2349/1526/240 2346/1505/240
f 216/3082/236 2353/1561/236 2348/1524/236
f 226/3070/232 2352/1559/232 2353/1561/232
f 232/3079/221 2350/1531/221 2351/1533/221
f 228/3083/218 2348/1524/218 2349/1526/218
f 214/3084/213 2345/1498/213 2343/1/213
f 229/3081/208 2346/1505/208 2347/1507/208
f 233/3077/204 2344/1496/204 2345/1498/204
f 212/3086/9 2341/3/9 2342/25/9
f 220/3085/1 2343/1/1 2341/3/1
f 182/3087/153 2384/176/153 2383/348/153
f 158/3088/1 2383/348/1 2382/320/1
f 160/3090/144 2381/322/144 2380/243/144
f 164/3092/139 2379/250/139 2378/332/139
f 166/3089/135 2382/320/135 2381/322/135
f 168/3094/129 2377/266/129 2376/311/129
f 169/3096/125 2375/245/125 2374/248/125
f 162/3098/118 2373/277/118 2372/95/118
f 174/3095/113 2376/311/113 2373/277/113
f 175/3093/109 2378/332/109 2377/266/109
f 178/3097/102 2374/248/102 2379/250/102
f 179/3091/100 2380/243/100 2375/245/100
f 191/3100/75 2371/161/75 2370/174/75
f 192/3101/70 2370/174/70 2384/176/70
f 200/3102/63 2369/109/63 2371/161/63
f 204/3103/60 2368/79/60 2367/61/60
f 202/3105/53 2366/97/53 2365/77/53
f 206/3107/47 2364/63/47 2363/126/47
f 198/3108/41 2363/126/41 2369/109/41
f 172/3099/36 2372/95/36 2366/97/36
f 196/3106/30 2365/77/30 2368/79/30
f 194/3104/24 2367/61/24 2364/63/24
f 130/3109/397 2417/1831/397 2408/1694/397
f 140/3111/395 2420/1861/395 2419/1852/395
f 144/3113/381 141/3143/381 2389/440/381
f 150/3114/375 2387/422/375 2420/1861/375
f 145/3112/370 2419/1852/370 2418/1840/370
f 85/3116/367 2400/1585/367 2388/420/367
f 151/3118/363 137/3115/363 2418/1840/363
f 134/3119/357 2414/1755/357 2417/1831/357
f 135/3120/352 125/3124/352 2416/1762/352
f 129/3121/343 2412/1748/343 2413/1795/343
f 128/3123/337 121/3144/337 2385/402/337
f 128/3123/330 2415/1760/330 2416/1762/330
f 124/3122/1874 2413/1795/1874 2414/1755/1874
f 119/3125/323 2411/1740/323 2412/1748/323
f 135/3120/317 2410/1738/317 2411/1740/317
f 110/3126/314 2407/1659/314 2398/1569/314
f 112/3128/306 2409/1696/306 2404/1649/306
f 117/3130/301 2402/1621/301 2406/1657/301
f 112/3128/293 103/3110/293 2408/1694/293
f 106/3132/290 2405/1651/290 2403/1638/290
f 107/3131/278 2406/1657/278 2407/1659/278
f 116/3129/751 2404/1649/751 2405/1651/751
f 111/3133/270 2403/1638/270 2401/1619/270
f 101/3134/264 2401/1619/264 2402/1621/264
f 98/3135/260 2395/1549/260 2399/1583/260
f 89/3137/256 2397/1557/256 2391/1513/256
f 94/3136/247 2399/1583/247 2400/1585/247
f 93/3139/244 2393/1535/244 2394/1547/244
f 83/3127/238 2398/1569/238 2396/1555/238
f 92/3141/230 2396/1555/230 2397/1557/230
f 88/3140/227 2394/1547/227 2395/1549/227
f 81/3142/222 2392/1515/222 2393/1535/222
f 99/3138/214 2391/1513/214 2392/1515/214
f 151/3118/184 2390/438/184 2389/440/184
f 146/3117/177 2388/420/177 2387/422/177
f 144/3113/170 2386/400/170 2385/402/170
f 2354/3145/190 2343/3149/190 2341/3146/190
f 2355/3148/190 2345/3151/190 2343/3149/190
f 2355/3148/190 2356/3153/190 2344/3150/190
f 2361/3152/190 2351/3155/190 2344/3150/190
f 2362/3154/190 2350/3157/190 2351/3155/190
f 2357/3156/190 2347/3159/190 2350/3157/190
f 2358/3158/190 2346/3161/190 2347/3159/190
f 2359/3160/190 2349/3165/190 2346/3161/190
f 2352/3162/190 2349/3165/190 2359/3160/190
f 2353/3164/191 2348/5243/191 2349/3165/191
f 212/3006/581 220/2985/581 246/3004/581
f 220/2985/581 214/2986/581 245/3003/581
f 233/2987/581 254/3002/581 245/3003/581
f 233/2987/581 223/2988/581 252/3001/581
f 223/2988/581 232/2989/581 260/3000/581
f 232/2989/581 218/2990/581 248/2999/581
f 218/2990/581 229/2991/581 258/2998/581
f 229/2991/581 222/2992/581 250/2997/581
f 250/2997/581 222/2992/581 226/2995/581
f 222/2992/581 228/2993/581 216/2994/581
f 2421/3166/581 2422/3167/581 128/3048/581
f 2422/3167/581 2423/3168/581 125/3049/581
f 2423/3168/581 2424/3169/581 135/3050/581
f 2424/3169/581 2425/3170/581 119/3051/581
f 2425/3170/581 2426/3171/581 129/3052/581
f 2426/3171/581 2427/3172/581 124/3053/581
f 2427/3172/581 2428/3173/581 134/3054/581
f 116/3058/581 2428/3173/581 2427/3172/581
f 106/3059/581 2427/3172/581 2426/3171/581
f 111/3060/581 2426/3171/581 2425/3170/581
f 101/3061/581 2425/3170/581 2424/3169/581
f 117/3062/581 2424/3169/581 2423/3168/581
f 107/3063/581 2423/3168/581 2422/3167/581
f 110/3064/581 2422/3167/581 2421/3166/581
f 130/3055/581 134/3054/581 2428/3173/581
f 103/3056/581 130/3055/581 2428/3173/581
f 2421/3166/581 103/3056/581 2428/3173/581
f 2421/3166/581 2428/3173/581 2427/3172/581
f 2424/3169/581 2423/3168/581 2422/3167/581
f 2421/3166/581 2427/3172/581 2426/3171/581
f 2425/3170/581 2424/3169/581 2422/3167/581
f 2421/3166/581 2426/3171/581 2425/3170/581
f 112/3057/581 103/3056/581 2428/3173/581
f 2421/3166/581 2430/3174/581 92/3029/581
f 2430/3174/581 2431/3175/581 89/3031/581
f 2431/3175/581 2432/3176/581 99/3032/581
f 2432/3176/581 2433/3177/581 81/3033/581
f 2433/3177/581 137/3043/581 145/3042/581
f 2434/3178/581 145/3042/581 140/3041/581
f 2435/3179/581 140/3041/581 150/3040/581
f 98/3036/581 88/3035/581 2435/3179/581
f 88/3035/581 93/3034/581 2434/3178/581
f 93/3034/581 81/3033/581 2433/3177/581
f 137/3043/581 2433/3177/581 2432/3176/581
f 151/3044/581 2432/3176/581 2431/3175/581
f 141/3045/581 2431/3175/581 2430/3174/581
f 144/3046/581 2430/3174/581 2421/3166/581
f 2436/3180/581 150/3040/581 146/3039/581
f 94/3037/581 98/3036/581 2436/3180/581
f 2437/3181/190 2429/3198/190 2386/3182/190
f 2437/3181/190 2438/3186/190 2407/3184/190
f 2438/3186/190 2439/3188/190 2406/3187/190
f 2439/3188/190 2440/3190/190 2402/3189/190
f 2440/3190/190 2441/3192/190 2401/3191/190
f 2441/3192/190 2442/3194/190 2403/3193/190
f 2442/3194/190 2443/3196/190 2405/3195/190
f 2443/3196/190 2444/3229/190 2404/3197/190
f 2429/3198/190 2396/3224/190 2397/3199/190
f 2445/3200/190 2446/3203/190 2390/3201/190
f 2446/3203/190 2391/3216/190 2392/3204/190
f 2447/3205/190 2392/3204/190 2393/3206/190
f 2448/3207/190 2393/3206/190 2394/3208/190
f 2449/3209/190 2394/3208/190 2395/3210/190
f 2387/3212/190 2420/3213/190 2449/3209/190
f 2420/3213/190 2419/3214/190 2448/3207/190
f 2419/3214/190 2418/3215/190 2447/3205/190
f 2418/3215/190 2390/3201/190 2446/3203/190
f 2391/3216/190 2446/3203/190 2445/3200/190
f 2389/3202/190 2386/3182/190 2429/3198/190
f 2414/3217/190 2444/3229/190 2443/3196/190
f 2413/3218/190 2443/3196/190 2442/3194/190
f 2412/3219/190 2442/3194/190 2441/3192/190
f 2411/3220/190 2441/3192/190 2440/3190/190
f 2410/3221/190 2440/3190/190 2439/3188/190
f 2416/3222/190 2439/3188/190 2438/3186/190
f 2415/3223/190 2438/3186/190 2437/3181/190
f 2396/3224/190 2429/3198/190 2437/3181/190
f 2388/3225/190 2387/3212/190 2450/3211/190
f 2399/3227/190 2400/3226/190 2450/3211/190
f 2409/3228/190 2404/3197/190 2444/3229/190
f 2417/3231/190 2408/3230/190 2444/3229/190
f 192/3027/581 166/3008/581 158/3007/581
f 166/3008/581 192/3027/581 191/3026/581
f 179/3010/581 160/3009/581 191/3026/581
f 179/3010/581 200/3025/581 198/3024/581
f 169/3011/581 198/3024/581 206/3023/581
f 178/3012/581 206/3023/581 194/3022/581
f 164/3013/581 194/3022/581 204/3021/581
f 175/3014/581 204/3021/581 196/3020/581
f 174/3016/581 168/3015/581 196/3020/581
f 162/3017/581 174/3016/581 202/3019/581
f 2383/3232/190 2382/3235/190 2370/3233/190
f 2382/3235/190 2381/3238/190 2371/3236/190
f 2380/3237/190 2369/3240/190 2371/3236/190
f 2380/3237/190 2375/3241/190 2363/3239/190
f 2375/3241/190 2374/3243/190 2364/3242/190
f 2374/3243/190 2379/3245/190 2367/3244/190
f 2379/3245/190 2378/3247/190 2368/3246/190
f 2378/3247/190 2377/3250/190 2365/3248/190
f 2376/3249/190 2366/3252/190 2365/3248/190
f 2373/3251/190 2372/5244/190 2366/3252/190
f 2463/3253/1875 2501/3263/1875 2496/3254/1875
f 2464/3256/983 2452/3269/983 2482/3257/983
f 2458/3259/1876 2488/3273/1876 2484/3260/1876
f 2463/3253/1877 2451/3275/1877 2481/3262/1877
f 2461/3264/1878 2462/3255/1878 2496/3254/1878
f 2457/3266/987 2487/3281/987 2486/3267/987
f 2461/3264/1879 2491/3265/1879 2482/3257/1879
f 2456/3268/987 2486/3267/987 2490/3270/987
f 2455/3272/1880 2485/3279/1880 2488/3273/1880
f 2465/3274/1881 2507/3276/1881 2481/3262/1881
f 2465/3274/991 2460/3271/991 2490/3270/991
f 2459/3277/983 2464/3256/983 2506/3258/983
f 2455/3272/983 2459/3277/983 2489/3278/983
f 2457/3266/1882 2453/3360/1882 2483/3280/1882
f 2459/3282/190 2470/3288/190 2471/3283/190
f 2452/3285/190 2464/3284/190 2471/3283/190
f 2455/3287/190 2468/3292/190 2470/3288/190
f 2454/3289/190 2467/5245/190 2469/3290/190
f 2458/3291/190 2469/3290/190 2468/3292/190
f 2452/3285/190 2466/3286/190 2473/3293/190
f 2451/3295/190 2463/3300/190 2475/3296/190
f 2462/3298/190 2461/3294/190 2473/3293/190
f 2462/3298/190 2474/3299/190 2475/3296/190
f 2456/3301/190 2476/3305/190 2477/3302/190
f 2460/3304/190 2478/3308/190 2476/3305/190
f 2451/3295/190 2472/3297/190 2479/3306/190
f 2460/3304/190 2465/3307/190 2479/3306/190
f 2453/3309/190 2457/3303/190 2477/3302/190
f 2492/3311/190 2484/5246/190 2488/3312/190
f 2495/3314/190 2493/3317/190 2485/3315/190
f 2494/3313/190 2488/3312/190 2485/3315/190
f 2508/3318/190 2495/3314/190 2489/3316/190
f 2500/3320/190 2495/3314/190 2508/3318/190
f 2499/3322/190 2494/3313/190 2493/3317/190
f 2500/3320/190 2498/3323/190 2493/3317/190
f 2497/3324/190 2492/3311/190 2494/3313/190
f 2502/3325/190 2497/3324/190 2499/3322/190
f 2505/3327/190 2503/3328/190 2498/3323/190
f 2504/3326/190 2499/3322/190 2498/3323/190
f 2510/3329/190 2505/3327/190 2500/3320/190
f 2490/3330/190 2505/3327/190 2510/3329/190
f 2487/3332/190 2504/3326/190 2503/3328/190
f 2486/3333/190 2503/3328/190 2505/3327/190
f 2487/3332/190 2483/3402/190 2502/3325/190
f 2507/3331/190 2510/3329/190 2501/3334/190
f 2501/3334/190 2510/3329/190 2509/3321/190
f 2509/3321/190 2508/3318/190 2491/3337/190
f 2491/3337/190 2508/3318/190 2506/3319/190
f 2549/3339/1883 2553/5247/1883 2521/3340/1883
f 2522/3342/983 2557/3358/983 2538/3343/983
f 2484/3260/1884 2542/3354/1884 2516/3345/1884
f 2521/3340/1885 2553/5247/1885 2537/3346/1885
f 2519/3348/1886 2545/5248/1886 2549/3339/1886
f 2540/3349/987 2541/5249/987 2515/3350/987
f 2538/3343/1887 2545/5248/1887 2519/3348/1887
f 2544/3352/987 2540/3349/987 2514/3351/987
f 2542/3354/1888 2539/5250/1888 2513/3355/1888
f 2537/3346/1889 2558/5251/1889 2523/3356/1889
f 2523/3356/1000 2558/5251/1000 2544/3352/1000
f 2517/3357/983 2543/3359/983 2557/3358/983
f 2513/3355/983 2539/5250/983 2543/3359/983
f 2515/3350/1890 2541/5249/1890 2483/3280/1890
f 2528/3361/190 2527/3365/190 2517/3362/190
f 2512/3364/190 2524/5252/190 2528/3361/190
f 2527/3365/190 2525/3369/190 2513/3366/190
f 2526/3367/190 2467/5245/190 2454/3289/190
f 2525/3369/190 2526/3367/190 2516/3368/190
f 2530/3370/190 2524/5252/190 2512/3364/190
f 2511/3372/190 2529/5253/190 2532/3373/190
f 2520/3375/190 2531/5254/190 2530/3370/190
f 2532/3373/190 2531/5254/190 2520/3375/190
f 2534/3376/190 2533/3379/190 2514/3377/190
f 2533/3379/190 2535/5255/190 2518/3380/190
f 2536/3381/190 2529/5253/190 2511/3372/190
f 2518/3380/190 2535/5255/190 2536/3381/190
f 2453/3309/190 2480/3310/190 2534/3376/190
f 2542/3383/190 2484/5246/190 2492/3311/190
f 2548/3385/190 2543/3389/190 2539/3386/190
f 2539/3386/190 2542/3383/190 2547/3384/190
f 2559/3388/190 2557/3407/190 2543/3389/190
f 2559/3388/190 2548/3385/190 2552/3390/190
f 2546/3387/190 2547/3384/190 2551/3392/190
f 2552/3390/190 2548/3385/190 2546/3387/190
f 2547/3384/190 2492/3311/190 2497/3324/190
f 2551/3392/190 2497/3324/190 2502/3325/190
f 2556/3395/190 2552/3390/190 2550/3393/190
f 2550/3393/190 2551/3392/190 2555/3394/190
f 2561/3397/190 2560/3391/190 2552/3390/190
f 2561/3397/190 2556/3395/190 2544/3398/190
f 2554/3396/190 2555/3394/190 2541/3400/190
f 2556/3395/190 2554/3396/190 2540/3401/190
f 2541/3400/190 2555/3394/190 2502/3325/190
f 2553/3403/190 2561/3397/190 2558/3399/190
f 2553/3403/190 2549/3406/190 2560/3391/190
f 2545/3405/190 2559/3388/190 2560/3391/190
f 2545/3405/190 2538/5256/190 2557/3407/190
f 2607/3408/1891 2612/3460/1891 2574/3409/1891
f 2575/3411/1003 2617/3429/1003 2593/3412/1003
f 2595/3414/1892 2599/3425/1892 2569/3415/1892
f 2574/3409/1893 2612/3460/1893 2592/3417/1893
f 2572/3419/1894 2602/3461/1894 2607/3408/1894
f 2597/3420/1007 2598/3459/1007 2568/3421/1007
f 2593/3412/1895 2602/3461/1895 2572/3419/1895
f 2601/3423/1007 2597/3420/1007 2567/3422/1007
f 2599/3425/1896 2596/3445/1896 2566/3426/1896
f 2592/3417/1897 2618/3458/1897 2576/3427/1897
f 2576/3427/1011 2618/3458/1011 2601/3423/1011
f 2570/3428/1003 2600/3430/1003 2617/3429/1003
f 2566/3426/1003 2596/3445/1003 2600/3430/1003
f 2568/3421/1898 2598/3459/1898 2594/3431/1898
f 2582/3433/581 2581/3434/581 2570/3428/581
f 2563/3413/581 2577/3514/581 2582/3433/581
f 2581/3434/581 2579/3436/581 2566/3426/581
f 2580/3435/581 2578/3515/581 2565/3416/581
f 2579/3436/581 2580/3435/581 2569/3415/581
f 2584/3437/581 2577/3514/581 2563/3413/581
f 2562/3418/581 2583/3517/581 2586/3438/581
f 2573/3410/581 2585/3518/581 2584/3437/581
f 2586/3438/581 2585/3518/581 2573/3410/581
f 2588/3439/581 2587/3440/581 2567/3422/581
f 2587/3440/581 2589/3516/581 2571/3424/581
f 2590/3441/581 2583/3517/581 2562/3418/581
f 2571/3424/581 2589/3516/581 2590/3441/581
f 2564/3432/581 2591/3501/581 2588/3439/581
f 2599/3425/581 2595/3414/581 2603/3442/581
f 2606/3444/581 2600/3430/581 2596/3445/581
f 2596/3445/581 2599/3425/581 2605/3443/581
f 2619/3447/581 2617/3429/581 2600/3430/581
f 2619/3447/581 2606/3444/581 2611/3448/581
f 2604/3446/581 2605/3443/581 2610/3450/581
f 2611/3448/581 2606/3444/581 2604/3446/581
f 2605/3443/581 2603/3442/581 2608/3452/581
f 2610/3450/581 2608/3452/581 2613/3453/581
f 2616/3455/581 2611/3448/581 2609/3451/581
f 2609/3451/581 2610/3450/581 2615/3454/581
f 2621/3457/581 2620/3449/581 2611/3448/581
f 2621/3457/581 2616/3455/581 2601/3423/581
f 2614/3456/581 2615/3454/581 2598/3459/581
f 2616/3455/581 2614/3456/581 2597/3420/581
f 2598/3459/581 2615/3454/581 2613/3453/581
f 2612/3460/581 2621/3457/581 2618/3458/581
f 2612/3460/581 2607/3408/581 2620/3449/581
f 2602/3461/581 2619/3447/581 2620/3449/581
f 2602/3461/581 2593/3412/581 2617/3429/581
f 2632/3462/1899 2664/3470/1899 2660/3463/1899
f 2633/3465/1003 2623/3476/1003 2649/3466/1003
f 2627/3468/1900 2653/3480/1900 2595/3414/1900
f 2632/3462/1901 2622/3482/1901 2648/3469/1901
f 2630/3471/1902 2631/3464/1902 2660/3463/1902
f 2626/3473/1007 2652/3487/1007 2651/3474/1007
f 2630/3471/1903 2656/3472/1903 2649/3466/1903
f 2625/3475/1007 2651/3474/1007 2655/3477/1007
f 2624/3479/1904 2650/3486/1904 2653/3480/1904
f 2634/3481/1905 2669/3483/1905 2648/3469/1905
f 2634/3481/1020 2629/3478/1020 2655/3477/1020
f 2628/3484/1003 2633/3465/1003 2668/3467/1003
f 2624/3479/1003 2628/3484/1003 2654/3485/1003
f 2626/3473/1906 2564/3432/1906 2594/3431/1906
f 2628/3484/581 2638/3490/581 2639/3488/581
f 2623/3476/581 2633/3465/581 2639/3488/581
f 2624/3479/581 2636/3492/581 2638/3490/581
f 2565/3416/581 2578/3515/581 2637/3491/581
f 2627/3468/581 2637/3491/581 2636/3492/581
f 2623/3476/581 2635/3489/581 2641/3493/581
f 2622/3482/581 2632/3462/581 2643/3494/581
f 2631/3464/581 2630/3471/581 2641/3493/581
f 2631/3464/581 2642/3496/581 2643/3494/581
f 2625/3475/581 2644/3498/581 2645/3497/581
f 2629/3478/581 2646/3500/581 2644/3498/581
f 2622/3482/581 2640/3495/581 2647/3499/581
f 2629/3478/581 2634/3481/581 2647/3499/581
f 2564/3432/581 2626/3473/581 2645/3497/581
f 2603/3442/581 2595/3414/581 2653/3480/581
f 2659/3503/581 2657/3504/581 2650/3486/581
f 2658/3502/581 2653/3480/581 2650/3486/581
f 2670/3505/581 2659/3503/581 2654/3485/581
f 2663/3506/581 2659/3503/581 2670/3505/581
f 2662/3508/581 2658/3502/581 2657/3504/581
f 2663/3506/581 2661/3509/581 2657/3504/581
f 2608/3452/581 2603/3442/581 2658/3502/581
f 2613/3453/581 2608/3452/581 2662/3508/581
f 2667/3511/581 2665/3512/581 2661/3509/581
f 2666/3510/581 2662/3508/581 2661/3509/581
f 2672/3513/581 2667/3511/581 2663/3506/581
f 2655/3477/581 2667/3511/581 2672/3513/581
f 2652/3487/581 2666/3510/581 2665/3512/581
f 2651/3474/581 2665/3512/581 2667/3511/581
f 2652/3487/581 2594/3431/581 2613/3453/581
f 2669/3483/581 2672/3513/581 2664/3470/581
f 2664/3470/581 2672/3513/581 2671/3507/581
f 2671/3507/581 2670/3505/581 2656/3472/581
f 2656/3472/581 2670/3505/581 2668/3467/581
f 2582/3433/75 2577/3514/75 2466/3514/75
f 2581/3434/75 2582/3433/75 2471/3433/75
f 2579/3436/75 2581/3434/75 2470/3434/75
f 2580/3435/1022 2579/3436/1022 2468/3436/1022
f 2578/3515/1022 2580/3435/1022 2469/3435/1022
f 2637/3491/1023 2578/3515/1023 2467/3515/1023
f 2525/3492/1023 2636/3492/1023 2637/3491/1023
f 2638/3490/75 2636/3492/75 2525/3492/75
f 2639/3488/75 2638/3490/75 2527/3490/75
f 2635/3489/75 2639/3488/75 2528/3488/75
f 2641/3493/1024 2635/3489/1024 2524/3489/1024
f 2642/3496/1025 2641/3493/1025 2530/3493/1025
f 2643/3494/1026 2642/3496/1026 2531/3496/1026
f 2640/3495/1027 2643/3494/1027 2532/3494/1027
f 2647/3499/1028 2640/3495/1028 2529/3495/1028
f 2646/3500/1029 2647/3499/1029 2536/3499/1029
f 2644/3498/1030 2646/3500/1030 2535/3500/1030
f 2645/3497/1 2644/3498/1 2533/3498/1
f 2591/3501/1031 2645/3497/1031 2534/3497/1031
f 2588/3439/1032 2591/3501/1032 2480/3501/1032
f 2587/3440/1 2588/3439/1 2477/3439/1
f 2589/3516/1033 2587/3440/1033 2476/3440/1033
f 2590/3441/1034 2589/3516/1034 2478/3516/1034
f 2583/3517/1035 2590/3441/1035 2479/3441/1035
f 2586/3438/1036 2583/3517/1036 2472/3517/1036
f 2585/3518/1037 2586/3438/1037 2475/3438/1037
f 2584/3437/1038 2585/3518/1038 2474/3518/1038
f 2577/3514/1039 2584/3437/1039 2473/3437/1039
f 2717/3519/1907 2834/3577/1907 2809/3520/1907
f 2710/3522/1908 2814/3765/1908 2813/3523/1908
f 2684/3525/1909 2785/3542/1909 2787/3526/1909
f 2690/3528/1043 2716/3597/1043 2791/3529/1043
f 2696/3531/1053 2714/3551/1053 2838/3532/1053
f 2708/3534/1045 2709/3524/1045 2813/3523/1045
f 2681/3536/1910 2683/3762/1910 2786/3537/1910
f 2707/3539/1911 2708/3534/1911 2812/3535/1911
f 2684/3525/1048 2682/3556/1048 2783/3541/1048
f 2694/3543/1912 2798/3550/1912 2796/3544/1912
f 2707/3539/1050 2811/3540/1050 2810/3546/1050
f 2681/3536/1913 2784/3538/1913 2782/3548/1913
f 2694/3543/1914 2696/3531/1914 2797/3533/1914
f 2714/3551/1053 2732/3560/1053 2836/3552/1053
f 2705/3553/1103 2706/3521/1103 2809/3520/1103
f 2680/3555/1055 2779/3579/1055 2783/3541/1055
f 2693/3545/1056 2796/3544/1056 2776/3557/1056
f 2733/3559/1057 2837/3581/1057 2836/3552/1057
f 2705/3553/1915 2808/3554/1915 2807/3561/1915
f 2679/3549/1916 2782/3548/1916 2781/3563/1916
f 2676/3565/1060 2692/3582/1060 2793/3566/1060
f 2703/3568/1109 2704/3562/1109 2807/3561/1109
f 2678/3564/1917 2781/3563/1917 2780/3570/1917
f 2689/3572/1063 2691/3585/1063 2777/3573/1063
f 2703/3568/1918 2806/3569/1918 2805/3575/1918
f 2718/3547/1050 2810/3546/1050 2834/3577/1050
f 2680/3555/1919 2677/3594/1919 2775/3578/1919
f 2733/3559/1920 2715/3768/1920 2800/3580/1920
f 2692/3582/1921 2690/3528/1921 2794/3530/1921
f 2702/3576/1068 2805/3575/1068 2804/3583/1068
f 2691/3585/1922 2675/3836/1922 2778/3586/1922
f 3010/3587/1923 3109/4094/1923 3110/3588/1923
f 2687/3590/1924 2689/3572/1924 2792/3574/1924
f 2700/3592/1925 2701/3584/1925 2804/3583/1925
f 2677/3594/1073 2674/3558/1073 2776/3557/1073
f 2713/3595/1926 2673/3571/1926 2780/3570/1926
f 2716/3597/1043 2688/3770/1043 2789/3598/1043
f 2677/3599/190 2680/3619/190 2722/3600/190
f 2686/3602/190 2725/3615/190 2724/3603/190
f 2688/3605/190 2716/3617/190 2729/3606/190
f 2676/3608/190 2720/5257/190 2728/3609/190
f 2674/3611/190 2677/3599/190 2721/3601/190
f 2682/3613/190 2684/3604/190 2724/3603/190
f 2688/3605/190 2726/3607/190 2725/3615/190
f 2690/3616/190 2727/3618/190 2729/3606/190
f 2690/3616/190 2692/3610/190 2728/3609/190
f 2682/3613/190 2723/3614/190 2722/3600/190
f 2693/3620/190 2730/3623/190 2731/3621/190
f 2674/3611/190 2719/3612/190 2730/3623/190
f 2700/3592/1927 2803/3593/1927 2802/3624/1927
f 3019/3626/1076 3138/3869/1076 3136/3627/1076
f 3002/3629/1928 3099/4071/1928 3098/3630/1928
f 3083/3632/1929 3085/4074/1929 2860/3633/1929
f 3111/3635/1079 3112/4093/1079 3012/3636/1079
f 3097/3638/1930 3099/4071/1930 3002/3629/1930
f 2738/3640/1081 3086/4096/1081 3084/3641/1081
f 2741/3643/190 2740/3646/190 2714/3644/190
f 2740/3646/190 2739/3649/190 2732/3647/190
f 2742/3648/190 2733/5258/190 2732/3647/190
f 2698/3650/190 2744/3654/190 2745/3651/190
f 2698/3650/190 2715/3655/190 2743/3653/190
f 2715/3655/190 2733/5258/190 2742/3648/190
f 2731/3621/190 2741/3643/190 2696/3645/190
f 2746/3656/190 2700/5259/190 2737/3652/190
f 2701/3657/190 2700/5259/190 2746/3656/190
f 2701/3657/190 2747/3658/190 2748/3659/190
f 2750/3661/190 2749/5260/190 2704/3662/190
f 2702/3660/190 2748/3659/190 2750/3661/190
f 2704/3662/190 2749/5260/190 2751/3664/190
f 2706/3666/190 2705/3665/190 2751/3664/190
f 2717/3668/190 2755/3671/190 2756/3669/190
f 2706/3666/190 2752/3667/190 2755/3671/190
f 2718/3670/190 2756/3669/190 2753/3672/190
f 2709/3674/190 2758/3678/190 2759/3675/190
f 2708/3677/190 2757/3679/190 2758/3678/190
f 2708/3677/190 2707/3673/190 2753/3672/190
f 2711/3681/190 2710/3676/190 2754/3680/190
f 2760/3682/190 2763/5261/190 2761/3683/190
f 2711/3681/190 2761/3683/190 2762/3684/190
f 2712/3685/190 2762/3684/190 2765/3686/190
f 2673/3688/190 2713/3687/190 2765/3686/190
f 2675/3690/190 2691/3700/190 2774/3691/190
f 2683/3693/190 2681/3702/190 2769/3694/190
f 2685/3696/190 2771/3705/190 2772/3697/190
f 2689/3699/190 2773/3706/190 2774/3691/190
f 2679/3701/190 2768/3707/190 2769/3694/190
f 2673/3688/190 2764/3689/190 2767/3703/190
f 2685/3696/190 2683/3693/190 2770/3695/190
f 2689/3699/190 2687/3698/190 2772/3697/190
f 2678/3704/190 2767/3703/190 2768/3707/190
f 2798/3708/190 2827/3735/190 2779/3709/190
f 2794/3711/190 2791/3723/190 2823/3712/190
f 2784/3714/190 2786/3717/190 2820/3715/190
f 2786/3717/190 2788/3719/190 2821/3718/190
f 2788/3719/190 2790/3721/190 2822/3720/190
f 2790/3721/190 2792/3730/190 2825/3722/190
f 2791/3723/190 2789/5262/190 2787/3724/190
f 2777/3725/190 2778/5263/190 2826/3726/190
f 2825/3722/190 2831/3727/190 2824/3728/190
f 2792/3730/190 2777/3725/190 2831/3727/190
f 2831/3727/190 2826/3726/190 2799/3731/190
f 2822/3720/190 2825/3722/190 2832/3729/190
f 2829/3733/190 2821/3718/190 2822/3720/190
f 2820/3715/190 2821/3718/190 2829/3733/190
f 2827/3735/190 2819/3716/190 2820/3715/190
f 2816/3736/190 2813/5264/190 2814/3737/190
f 2817/3739/190 2780/5265/190 2781/3740/190
f 2812/3742/190 2813/5264/190 2816/3736/190
f 2811/3743/190 2812/3742/190 2817/3739/190
f 2811/3743/190 2782/3741/190 2784/3714/190
f 2808/3744/190 2809/5266/190 2834/3745/190
f 2779/3709/190 2827/3735/190 2828/3734/190
f 2828/3734/190 2829/3733/190 2785/3748/190
f 2785/3748/190 2829/3733/190 2830/3732/190
f 2830/3732/190 2832/3729/190 2823/3712/190
f 2824/3728/190 2799/3731/190 2795/3749/190
f 2832/3729/190 2824/3728/190 2793/3713/190
f 2775/3710/190 2776/5267/190 2796/3750/190
f 2827/3735/190 2798/3708/190 2833/3751/190
f 2835/3746/190 2834/3745/190 2810/3752/190
f 2803/3753/190 2804/5268/190 2805/3754/190
f 2800/3756/190 2801/5269/190 2802/3757/190
f 2833/3751/190 2810/3752/190 2811/3743/190
f 2806/3755/190 2807/5270/190 2808/3744/190
f 2800/3756/190 2803/3753/190 2806/3755/190
f 2835/3746/190 2797/3759/190 2837/3758/190
f 2833/3751/190 2798/3708/190 2797/3759/190
f 2837/3758/190 2797/3759/190 2838/3760/190
f 2683/3762/1082 2685/3774/1082 2788/3763/1082
f 2710/3522/1931 2711/3772/1931 2815/3764/1931
f 3012/3636/1932 3112/4093/1932 3113/3766/1932
f 2715/3768/1933 2698/3773/1933 2801/3769/1933
f 2686/3527/1934 2787/3526/1934 2789/3598/1934
f 2712/3771/1935 2816/3775/1935 2815/3764/1935
f 2737/3625/1088 2802/3624/1088 2801/3769/1088
f 2687/3590/1089 2790/3591/1089 2788/3763/1089
f 2713/3595/1936 2817/3596/1936 2816/3775/1936
f 2969/3776/1937 2993/3828/1937 2882/3777/1937
f 2973/3779/1938 2974/5271/1938 2875/3780/1938
f 2949/3782/1939 2947/5272/1939 2849/3783/1939
f 2855/3785/1094 2956/3833/1094 2953/3786/1094
f 2861/3788/1940 2958/3806/1940 2997/3789/1940
f 2873/3791/1045 2972/3796/1045 2973/3779/1045
f 2846/3792/1941 2946/5273/1941 2948/3793/1941
f 2872/3795/1942 2971/5274/1942 2972/3796/1942
f 2849/3783/1098 2947/5272/1098 2945/3797/1098
f 2957/3799/1943 2959/5275/1943 2859/3800/1943
f 2970/3802/1100 2971/5274/1100 2872/3795/1100
f 2944/3804/1944 2946/5273/1944 2846/3792/1944
f 2859/3800/1945 2959/5275/1945 2958/3806/1945
f 2898/3790/1095 2997/3789/1095 2995/3807/1095
f 2870/3809/1946 2968/5276/1946 2969/3776/1946
f 2945/3797/1104 2941/5277/1104 2845/3810/1104
f 2939/3811/1105 2957/3799/1105 2858/3801/1105
f 2995/3807/1106 2996/5278/1106 2897/3813/1106
f 2967/3814/1947 2968/5276/1947 2870/3809/1947
f 2943/3816/1948 2944/3804/1948 2844/3805/1948
f 2676/3565/1108 2795/3567/1108 2955/3818/1108
f 2868/3820/1949 2966/5279/1949 2967/3814/1949
f 2942/3821/1950 2943/3816/1950 2843/3817/1950
f 2854/3823/1111 2954/3840/1111 2940/3824/1111
f 2965/3826/1951 2966/5279/1951 2868/3820/1951
f 2993/3828/1100 2970/3802/1100 2883/3803/1100
f 2845/3810/1952 2941/5277/1952 2938/3829/1952
f 2897/3813/1953 2996/5278/1953 2960/3831/1953
f 2857/3819/1954 2955/3818/1954 2956/3833/1954
f 2964/3834/1116 2965/3826/1116 2867/3827/1116
f 2856/3825/1955 2940/3824/1955 2778/3586/1955
f 2860/3633/1956 3085/4074/1956 3087/3837/1956
f 2852/3839/1957 2952/5280/1957 2954/3840/1957
f 2865/3841/1958 2963/5281/1958 2964/3834/1958
f 2842/3830/1073 2938/3829/1073 2939/3811/1073
f 2878/3842/1959 2977/5282/1959 2942/3821/1959
f 2881/3787/1094 2953/3786/1094 2951/3843/1094
f 2842/3845/190 2885/3857/190 2886/3846/190
f 2888/3848/190 2889/3859/190 2851/3849/190
f 2853/3851/190 2890/5283/190 2893/3852/190
f 2892/3854/190 2720/5257/190 2676/3608/190
f 2841/3856/190 2884/5284/190 2885/3857/190
f 2847/3858/190 2887/5285/190 2888/3848/190
f 2889/3859/190 2890/5283/190 2853/3851/190
f 2893/3852/190 2891/5286/190 2855/3860/190
f 2855/3860/190 2891/5286/190 2892/3854/190
f 2886/3846/190 2887/5285/190 2847/3858/190
f 2895/3861/190 2894/3864/190 2858/3862/190
f 2894/3864/190 2884/5284/190 2841/3856/190
f 2962/3865/1960 2963/5281/1960 2865/3841/1960
f 3013/3767/1123 3113/3766/1123 3114/3867/1123
f 3003/3631/1961 3098/3630/1961 3138/3869/1961
f 2695/3870/1124 3095/4018/1124 3092/3871/1124
f 3088/3873/1962 3086/4096/1962 2738/3640/1962
f 3114/3867/1963 3115/4091/1963 3015/3875/1963
f 2898/3876/190 2904/3880/190 2905/3877/190
f 2896/3879/190 2903/3882/190 2904/3880/190
f 2896/3879/190 2897/3888/190 2906/3881/190
f 2909/3883/190 2908/5287/190 2863/3884/190
f 2863/3884/190 2908/5287/190 2907/3886/190
f 2880/3887/190 2907/3886/190 2906/3881/190
f 2861/3878/190 2905/3877/190 2895/3861/190
f 2910/3889/190 2909/3883/190 2864/3885/190
f 2866/3891/190 2911/5288/190 2910/3889/190
f 2912/3892/190 2911/5288/190 2866/3891/190
f 2914/3894/190 2868/3897/190 2869/3895/190
f 2914/3894/190 2912/3892/190 2867/3893/190
f 2915/3898/190 2913/3896/190 2869/3895/190
f 2871/3900/190 2916/5289/190 2915/3898/190
f 2920/3901/190 2919/3904/190 2882/3902/190
f 2919/3904/190 2916/5289/190 2871/3900/190
f 2917/3905/190 2920/3901/190 2883/3903/190
f 2923/3907/190 2922/3910/190 2874/3908/190
f 2922/3910/190 2921/5290/190 2873/3911/190
f 2873/3911/190 2921/5290/190 2917/3905/190
f 2876/3913/190 2924/3915/190 2918/3912/190
f 2925/3914/190 2927/5291/190 2924/3915/190
f 2926/3916/190 2925/3914/190 2876/3913/190
f 2929/3918/190 2926/3916/190 2877/3917/190
f 2840/3920/190 2928/5292/190 2929/3918/190
f 2675/3690/190 2766/3692/190 2937/3921/190
f 2848/3923/190 2933/3933/190 2932/3924/190
f 2935/3926/190 2934/5293/190 2850/3927/190
f 2937/3921/190 2936/5294/190 2854/3929/190
f 2932/3924/190 2931/3934/190 2844/3930/190
f 2930/3931/190 2928/5292/190 2840/3920/190
f 2850/3927/190 2934/5293/190 2933/3933/190
f 2854/3929/190 2936/5294/190 2935/3926/190
f 2931/3934/190 2930/3931/190 2843/3932/190
f 2941/3935/190 2986/3960/190 2959/3936/190
f 2983/3938/190 2953/3951/190 2956/3939/190
f 2980/3941/190 2948/3945/190 2946/3942/190
f 2981/3944/190 2950/3947/190 2948/3945/190
f 2982/3946/190 2952/3949/190 2950/3947/190
f 2985/3948/190 2954/3956/190 2952/3949/190
f 2949/3950/190 2951/5295/190 2953/3951/190
f 2826/3726/190 2778/5263/190 2940/3952/190
f 2984/3954/190 2990/3953/190 2985/3948/190
f 2990/3953/190 2940/3952/190 2954/3956/190
f 2799/3731/190 2826/3726/190 2990/3953/190
f 2991/3955/190 2985/3948/190 2982/3946/190
f 2988/3958/190 2989/3957/190 2982/3946/190
f 2988/3958/190 2981/3944/190 2980/3941/190
f 2986/3960/190 2987/3959/190 2980/3941/190
f 2976/3961/190 2975/5296/190 2974/3962/190
f 2943/3964/190 2942/5297/190 2977/3965/190
f 2976/3961/190 2973/3963/190 2972/3967/190
f 2977/3965/190 2972/3967/190 2971/3968/190
f 2946/3942/190 2944/3966/190 2971/3968/190
f 2993/3969/190 2969/5298/190 2968/3970/190
f 2941/3935/190 2945/3973/190 2987/3959/190
f 2947/3972/190 2988/3958/190 2987/3959/190
f 2947/3972/190 2949/3950/190 2989/3957/190
f 2983/3938/190 2991/3955/190 2989/3957/190
f 2795/3749/190 2799/3731/190 2984/3954/190
f 2955/3940/190 2984/3954/190 2991/3955/190
f 2957/3974/190 2939/5299/190 2938/3937/190
f 2986/3960/190 2979/3943/190 2992/3975/190
f 2970/3976/190 2993/3969/190 2994/3971/190
f 2965/3977/190 2964/5300/190 2963/3978/190
f 2962/3980/190 2961/5301/190 2960/3981/190
f 2971/3968/190 2970/3976/190 2992/3975/190
f 2968/3970/190 2967/5302/190 2966/3979/190
f 2966/3979/190 2963/3978/190 2960/3981/190
f 2994/3971/190 2960/3981/190 2996/3982/190
f 2992/3975/190 2994/3971/190 2958/3983/190
f 2996/3982/190 2995/5303/190 2997/3984/190
f 2848/3794/1127 2948/3793/1127 2950/3985/1127
f 2875/3780/1964 2974/5271/1964 2975/3987/1964
f 3110/3588/1965 3134/4013/1965 3022/3989/1965
f 2880/3832/1966 2960/3831/1966 2961/3990/1966
f 2951/3843/1967 2949/3782/1967 2851/3784/1967
f 2975/3987/1968 2976/3993/1968 2877/3992/1968
f 2961/3990/1133 2962/3865/1133 2864/3866/1133
f 2950/3985/1134 2952/5280/1134 2852/3839/1134
f 2976/3993/1969 2977/5282/1969 2878/3842/1969
f 3084/3641/1136 3080/4070/1136 2862/3994/1136
f 3077/3995/1137 3097/3638/1137 3001/3639/1137
f 3136/3627/1138 3137/4101/1138 3038/3997/1138
f 3108/3998/1970 3109/4094/1970 3010/3587/1970
f 3082/4000/1971 3083/3632/1971 2879/3634/1971
f 2901/4002/1141 3096/4097/1141 3094/4003/1141
f 3008/4005/1972 3107/4100/1972 3108/3998/1972
f 3081/4006/1973 3082/4000/1973 2899/4001/1973
f 2697/4008/1144 3093/4024/1144 3078/4009/1144
f 3106/4011/1974 3107/4100/1974 3008/4005/1974
f 3134/4013/1079 3111/3635/1079 3023/3637/1079
f 2862/3994/1975 3080/4070/1975 3076/4014/1975
f 3038/3997/1976 3137/4101/1976 3101/4016/1976
f 3000/4004/1977 3094/4003/1977 3095/4018/1977
f 3105/4019/1149 3106/4011/1149 3007/4012/1149
f 2999/4010/1978 3078/4009/1978 3079/4021/1978
f 2734/4023/1979 3091/4080/1979 3093/4024/1979
f 3005/4025/1980 3104/4099/1980 3105/4019/1980
f 2900/4015/1153 3076/4014/1153 3077/3995/1153
f 3018/4026/1981 3118/4092/1981 3081/4006/1981
f 3021/3872/1124 3092/3871/1124 3090/4027/1124
f 2900/4015/581 3026/4033/581 3027/4029/581
f 3029/4030/581 3030/4034/581 2735/3874/581
f 2699/4028/581 3031/4278/581 3034/4031/581
f 3033/4032/581 3025/4284/581 2901/4002/581
f 2978/3996/581 3024/5304/581 3026/4033/581
f 2839/3642/581 3028/4274/581 3029/4030/581
f 3030/4034/581 3031/4278/581 2699/4028/581
f 3034/4031/581 3032/4281/581 2695/3870/581
f 2695/3870/581 3032/4281/581 3033/4032/581
f 3027/4029/581 3028/4274/581 2839/3642/581
f 3036/4035/581 3035/4036/581 3001/3639/581
f 3035/4036/581 3024/5304/581 2978/3996/581
f 3103/4037/1982 3104/4099/1982 3005/4025/1982
f 3019/3626/581 3041/4040/581 3042/4039/581
f 3037/3628/581 3040/4042/581 3041/4040/581
f 3037/3628/581 3038/3997/581 3043/4041/581
f 3046/4043/581 3045/4262/581 3004/4044/581
f 3004/4044/581 3045/4262/581 3044/4045/581
f 3020/4017/581 3044/4045/581 3043/4041/581
f 3003/3631/581 3042/4039/581 3036/4035/581
f 3047/4046/581 3046/4043/581 3039/4038/581
f 3006/4020/581 3048/4258/581 3047/4046/581
f 3049/4047/581 3048/4258/581 3006/4020/581
f 3051/4048/581 3008/4005/581 3009/3999/581
f 3051/4048/581 3049/4047/581 3007/4012/581
f 3052/4050/581 3050/4049/581 3009/3999/581
f 3011/3589/581 3053/4362/581 3052/4050/581
f 3057/4051/581 3056/4052/581 3022/3989/581
f 3056/4052/581 3053/4362/581 3011/3589/581
f 3054/4053/581 3057/4051/581 3023/3637/581
f 3060/4054/581 3059/4055/581 3014/3868/581
f 3059/4055/581 3058/4357/581 3013/3767/581
f 3013/3767/581 3058/4357/581 3054/4053/581
f 3016/4057/581 3061/4059/581 3055/4056/581
f 3062/4058/581 3064/4353/581 3061/4059/581
f 3063/4060/581 3062/4058/581 3016/4057/581
f 3066/4062/581 3063/4060/581 3017/4061/581
f 2998/4007/581 3065/4346/581 3066/4062/581
f 2902/4022/581 3067/4223/581 3075/4063/581
f 2818/3838/581 3071/4068/581 3070/4064/581
f 3073/4065/581 3072/4340/581 2736/4066/581
f 3075/4063/581 3074/4337/581 2697/4008/581
f 3070/4064/581 3069/4069/581 2879/3634/581
f 3068/4067/581 3065/4346/581 2998/4007/581
f 2736/4066/581 3072/4340/581 3071/4068/581
f 2697/4008/581 3074/4337/581 3073/4065/581
f 3069/4069/581 3068/4067/581 2899/4001/581
f 3080/4070/581 3127/4089/581 3099/4071/581
f 3123/4072/581 3092/3871/581 3095/4018/581
f 3120/4073/581 3087/3837/581 3085/4074/581
f 3121/4076/581 3089/4078/581 3087/3837/581
f 3122/4077/581 3091/4080/581 3089/4078/581
f 3125/4079/581 3093/4024/581 3091/4080/581
f 3088/3873/581 3090/4027/581 3092/3871/581
f 3126/4081/581 3079/4021/581 3078/4009/581
f 3124/4083/581 3131/4082/581 3125/4079/581
f 3131/4082/581 3078/4009/581 3093/4024/581
f 3100/4085/581 3126/4081/581 3131/4082/581
f 3132/4084/581 3125/4079/581 3122/4077/581
f 3129/4087/581 3130/4086/581 3122/4077/581
f 3129/4087/581 3121/4076/581 3120/4073/581
f 3127/4089/581 3128/4088/581 3120/4073/581
f 3117/4090/581 3116/4102/581 3115/4091/581
f 3082/4000/581 3081/4006/581 3118/4092/581
f 3117/4090/581 3114/3867/581 3113/3766/581
f 3118/4092/581 3113/3766/581 3112/4093/581
f 3085/4074/581 3083/3632/581 3112/4093/581
f 3134/4013/581 3110/3588/581 3109/4094/581
f 3080/4070/581 3084/3641/581 3128/4088/581
f 3086/4096/581 3129/4087/581 3128/4088/581
f 3086/4096/581 3088/3873/581 3130/4086/581
f 3123/4072/581 3132/4084/581 3130/4086/581
f 3096/4097/581 3100/4085/581 3124/4083/581
f 3094/4003/581 3124/4083/581 3132/4084/581
f 3097/3638/581 3077/3995/581 3076/4014/581
f 3127/4089/581 3119/4075/581 3133/4098/581
f 3111/3635/581 3134/4013/581 3135/4095/581
f 3106/4011/581 3105/4019/581 3104/4099/581
f 3103/4037/581 3102/4103/581 3101/4016/581
f 3112/4093/581 3111/3635/581 3133/4098/581
f 3109/4094/581 3108/3998/581 3107/4100/581
f 3107/4100/581 3104/4099/581 3101/4016/581
f 3135/4095/581 3101/4016/581 3137/4101/581
f 3133/4098/581 3135/4095/581 3098/3630/581
f 3137/4101/581 3136/3627/581 3138/3869/581
f 2818/3838/1156 3087/3837/1156 3089/4078/1156
f 3015/3875/1983 3115/4091/1983 3116/4102/1983
f 3020/4017/1984 3101/4016/1984 3102/4103/1984
f 3090/4027/1985 3088/3873/1985 2735/3874/1985
f 3116/4102/1986 3117/4090/1986 3017/4061/1986
f 3102/4103/1161 3103/4037/1161 3039/4038/1161
f 3089/4078/1162 3091/4080/1162 2734/4023/1162
f 3117/4090/1987 3118/4092/1987 3018/4026/1987
f 3178/4104/1988 3284/4160/1988 3261/4105/1988
f 3172/4107/1989 3266/4248/1989 3265/4108/1989
f 3148/4110/1990 3239/4127/1990 3241/4111/1990
f 3154/4113/1167 3177/4176/1167 3245/4114/1167
f 3159/4116/1176 3194/4136/1176 3288/4117/1176
f 3170/4119/1123 3171/4109/1123 3265/4108/1123
f 3145/4121/1991 3147/4224/1991 3240/4122/1991
f 3169/4124/1992 3170/4119/1992 3264/4120/1992
f 3148/4110/1171 3146/4141/1171 3237/4126/1171
f 3158/4128/1993 3251/4135/1993 3249/4129/1993
f 3169/4124/1173 3263/4125/1173 3262/4131/1173
f 3145/4121/1994 3238/4123/1994 3236/4133/1994
f 3158/4128/1995 3159/4116/1995 3250/4118/1995
f 3194/4136/1176 3192/4145/1176 3286/4137/1176
f 3167/4138/1070 3168/4106/1070 3261/4105/1070
f 3144/4140/1178 3233/4162/1178 3237/4126/1178
f 3157/4130/1179 3249/4129/1179 3231/4142/1179
f 3193/4144/1180 3287/4164/1180 3286/4137/1180
f 3167/4138/1996 3260/4139/1996 3259/4146/1996
f 3143/4134/1997 3236/4133/1997 3235/4148/1997
f 2901/4002/1182 3156/4165/1182 3247/4150/1182
f 3165/4151/1142 3166/4147/1142 3259/4146/1142
f 3142/4149/1998 3235/4148/1998 3234/4153/1998
f 3153/4155/1185 3155/4168/1185 3232/4156/1185
f 3165/4151/1999 3258/4152/1999 3257/4158/1999
f 3179/4132/1173 3262/4131/1173 3284/4160/1173
f 3144/4140/2000 3141/4173/2000 3230/4161/2000
f 3193/4144/2001 3176/4201/2001 3252/4163/2001
f 3156/4165/2002 3154/4113/2002 3248/4115/2002
f 3164/4159/1190 3257/4158/1190 3256/4166/1190
f 3155/4168/2003 2902/4022/2003 3079/4021/2003
f 3151/4169/2004 3153/4155/2004 3246/4157/2004
f 3162/4171/2005 3163/4167/2005 3256/4166/2005
f 3141/4173/1153 3140/4143/1153 3231/4142/1153
f 3175/4174/2006 3139/4154/2006 3234/4153/2006
f 3177/4176/1167 3152/4181/1167 3243/4177/1167
f 3141/4173/581 3144/4140/581 3182/4178/581
f 3150/4112/581 3185/4187/581 3184/4180/581
f 3152/4181/581 3177/4176/581 3189/4182/581
f 2901/4002/581 3025/4284/581 3188/4184/581
f 3140/4143/581 3141/4173/581 3181/4179/581
f 3146/4141/581 3148/4110/581 3184/4180/581
f 3152/4181/581 3186/4183/581 3185/4187/581
f 3154/4113/581 3187/4188/581 3189/4182/581
f 3154/4113/581 3156/4165/581 3188/4184/581
f 3146/4141/581 3183/4186/581 3182/4178/581
f 3157/4130/581 3190/4190/581 3191/4189/581
f 3140/4143/581 3180/4185/581 3190/4190/581
f 3162/4171/2007 3255/4172/2007 3254/4191/2007
f 3197/4193/581 3196/4194/581 3194/4136/581
f 3196/4194/581 3195/4196/581 3192/4145/581
f 3198/4195/581 3193/4144/581 3192/4145/581
f 3160/4197/581 3200/4200/581 3201/4198/581
f 3160/4197/581 3176/4201/581 3199/4199/581
f 3176/4201/581 3193/4144/581 3198/4195/581
f 3191/4189/581 3197/4193/581 3159/4116/581
f 3202/4202/581 3162/4171/581 3161/4192/581
f 3163/4167/581 3162/4171/581 3202/4202/581
f 3163/4167/581 3203/4203/581 3204/4204/581
f 3206/4205/581 3205/4309/581 3166/4147/581
f 3164/4159/581 3204/4204/581 3206/4205/581
f 3166/4147/581 3205/4309/581 3207/4206/581
f 3168/4106/581 3167/4138/581 3207/4206/581
f 3178/4104/581 3211/4209/581 3212/4208/581
f 3168/4106/581 3208/4207/581 3211/4209/581
f 3179/4132/581 3212/4208/581 3209/4210/581
f 3171/4109/581 3214/4212/581 3215/4211/581
f 3170/4119/581 3213/4213/581 3214/4212/581
f 3170/4119/581 3169/4124/581 3209/4210/581
f 3173/4215/581 3172/4107/581 3210/4214/581
f 3216/4216/581 3219/4321/581 3217/4217/581
f 3173/4215/581 3217/4217/581 3218/4218/581
f 3174/4219/581 3218/4218/581 3221/4220/581
f 3139/4154/581 3175/4174/581 3221/4220/581
f 2902/4022/581 3155/4168/581 3229/4222/581
f 3147/4224/581 3145/4121/581 3224/4225/581
f 3149/4227/581 3226/4230/581 3227/4228/581
f 3153/4155/581 3228/4231/581 3229/4222/581
f 3143/4134/581 3223/4232/581 3224/4225/581
f 3139/4154/581 3220/4221/581 3222/4229/581
f 3149/4227/581 3147/4224/581 3225/4226/581
f 3153/4155/581 3151/4169/581 3227/4228/581
f 3142/4149/581 3222/4229/581 3223/4232/581
f 3251/4135/581 3277/4246/581 3233/4162/581
f 3248/4115/581 3245/4114/581 3274/4233/581
f 3238/4123/581 3240/4122/581 3271/4234/581
f 3240/4122/581 3242/4237/581 3272/4236/581
f 3242/4237/581 3244/4170/581 3273/4238/581
f 3244/4170/581 3246/4157/581 3276/4239/581
f 3245/4114/581 3243/4177/581 3241/4111/581
f 3232/4156/581 3079/4021/581 3126/4081/581
f 3276/4239/581 3281/4240/581 3275/4241/581
f 3246/4157/581 3232/4156/581 3281/4240/581
f 3281/4240/581 3126/4081/581 3100/4085/581
f 3273/4238/581 3276/4239/581 3282/4242/581
f 3279/4244/581 3272/4236/581 3273/4238/581
f 3271/4234/581 3272/4236/581 3279/4244/581
f 3277/4246/581 3270/4235/581 3271/4234/581
f 3268/4247/581 3265/4108/581 3266/4248/581
f 3269/4175/581 3234/4153/581 3235/4148/581
f 3264/4120/581 3265/4108/581 3268/4247/581
f 3263/4125/581 3264/4120/581 3269/4175/581
f 3263/4125/581 3236/4133/581 3238/4123/581
f 3260/4139/581 3261/4105/581 3284/4160/581
f 3233/4162/581 3277/4246/581 3278/4245/581
f 3278/4245/581 3279/4244/581 3239/4127/581
f 3239/4127/581 3279/4244/581 3280/4243/581
f 3280/4243/581 3282/4242/581 3274/4233/581
f 3275/4241/581 3100/4085/581 3096/4097/581
f 3282/4242/581 3275/4241/581 3247/4150/581
f 3230/4161/581 3231/4142/581 3249/4129/581
f 3277/4246/581 3251/4135/581 3283/4251/581
f 3285/4250/581 3284/4160/581 3262/4131/581
f 3255/4172/581 3256/4166/581 3257/4158/581
f 3252/4163/581 3253/4252/581 3254/4191/581
f 3283/4251/581 3262/4131/581 3263/4125/581
f 3258/4152/581 3259/4146/581 3260/4139/581
f 3252/4163/581 3255/4172/581 3258/4152/581
f 3285/4250/581 3250/4118/581 3287/4164/581
f 3283/4251/581 3251/4135/581 3250/4118/581
f 3287/4164/581 3250/4118/581 3288/4117/581
f 3147/4224/1196 3149/4227/1196 3242/4237/1196
f 3172/4107/2008 3173/4215/2008 3267/4249/2008
f 3176/4201/2009 3160/4197/2009 3253/4252/2009
f 3150/4112/2010 3241/4111/2010 3243/4177/2010
f 3174/4219/2011 3268/4247/2011 3267/4249/2011
f 3161/4192/1201 3254/4191/1201 3253/4252/1201
f 3151/4169/1202 3244/4170/1202 3242/4237/1202
f 3175/4174/2012 3269/4175/2012 3268/4247/2012
f 3052/4050/1204 3053/4362/1204 2752/4253/1204
f 3050/4049/1205 3052/4050/1205 2751/4254/1205
f 2750/4256/1206 3051/4048/1206 3050/4049/1206
f 3049/4047/1207 3051/4048/1207 2750/4256/1207
f 3048/4258/153 3049/4047/153 2748/4257/153
f 3047/4046/1208 3048/4258/1208 2747/4259/1208
f 3046/4043/1209 3047/4046/1209 2746/4260/1209
f 3045/4262/1210 3046/4043/1210 2745/4261/1210
f 3044/4045/1211 3045/4262/1211 2744/4263/1211
f 3043/4041/1212 3044/4045/1212 2743/4264/1212
f 3040/4042/1213 3043/4041/1213 2742/4265/1213
f 3041/4040/1214 3040/4042/1214 2739/4266/1214
f 3042/4039/1215 3041/4040/1215 2740/4267/1215
f 2731/4269/1216 3036/4035/1216 3042/4039/1216
f 3035/4036/1217 3036/4035/1217 2731/4269/1217
f 2719/4271/153 3024/5304/153 3035/4036/153
f 3026/4033/75 3024/5304/75 2719/4271/75
f 3027/4029/1218 3026/4033/1218 2721/4272/1218
f 3028/4274/1219 3027/4029/1219 2722/4273/1219
f 3029/4030/1220 3028/4274/1220 2723/4275/1220
f 3030/4034/1221 3029/4030/1221 2724/4276/1221
f 3031/4278/1222 3030/4034/1222 2725/4277/1222
f 3034/4031/1223 3031/4278/1223 2726/4279/1223
f 3032/4281/1224 3034/4031/1224 2729/4280/1224
f 2728/4283/1225 3033/4032/1225 3032/4281/1225
f 3025/4284/1226 3033/4032/1226 2728/4283/1226
f 3188/4184/1227 3025/4284/1227 2720/4285/1227
f 3187/4188/1228 3188/4184/1228 2892/4286/1228
f 3189/4182/1229 3187/4188/1229 2891/4287/1229
f 3186/4183/1230 3189/4182/1230 2893/4288/1230
f 3185/4187/1231 3186/4183/1231 2890/4289/1231
f 3184/4180/1232 3185/4187/1232 2889/4290/1232
f 2887/4292/1233 3183/4186/1233 3184/4180/1233
f 3182/4178/1234 3183/4186/1234 2887/4292/1234
f 3181/4179/1235 3182/4178/1235 2886/4293/1235
f 2884/4295/75 3180/4185/75 3181/4179/75
f 3190/4190/9 3180/4185/9 2884/4295/9
f 3191/4189/1236 3190/4190/1236 2894/4296/1236
f 3197/4193/1237 3191/4189/1237 2895/4297/1237
f 2904/4299/1238 3196/4194/1238 3197/4193/1238
f 2903/4300/1239 3195/4196/1239 3196/4194/1239
f 3198/4195/1240 3195/4196/1240 2903/4300/1240
f 3199/4199/1241 3198/4195/1241 2906/4301/1241
f 3200/4200/1242 3199/4199/1242 2907/4302/1242
f 3201/4198/1243 3200/4200/1243 2908/4303/1243
f 3202/4202/1244 3201/4198/1244 2909/4304/1244
f 3203/4203/1245 3202/4202/1245 2910/4305/1245
f 3204/4204/9 3203/4203/9 2911/4306/9
f 3206/4205/1246 3204/4204/1246 2912/4307/1246
f 3205/4309/1247 3206/4205/1247 2914/4308/1247
f 3207/4206/1248 3205/4309/1248 2913/4310/1248
f 2916/4312/1249 3208/4207/1249 3207/4206/1249
f 3211/4209/1250 3208/4207/1250 2916/4312/1250
f 2920/4314/1250 3212/4208/1250 3211/4209/1250
f 2917/4315/1250 3209/4210/1250 3212/4208/1250
f 2921/4316/1251 3213/4213/1251 3209/4210/1251
f 3214/4212/75 3213/4213/75 2921/4316/75
f 3215/4211/1252 3214/4212/1252 2922/4317/1252
f 2918/4319/1253 3210/4214/1253 3215/4211/1253
f 3216/4216/9 3210/4214/9 2918/4319/9
f 3219/4321/9 3216/4216/9 2924/4320/9
f 3217/4217/2013 3219/4321/2013 2927/4322/2013
f 3218/4218/1255 3217/4217/1255 2925/4323/1255
f 2929/4325/1256 3221/4220/1256 3218/4218/1256
f 3220/4221/1257 3221/4220/1257 2929/4325/1257
f 2930/4327/1258 3222/4229/1258 3220/4221/1258
f 3223/4232/1 3222/4229/1 2930/4327/1
f 3224/4225/1259 3223/4232/1259 2931/4328/1259
f 2933/4330/1260 3225/4226/1260 3224/4225/1260
f 3226/4230/1261 3225/4226/1261 2933/4330/1261
f 2935/4332/1262 3227/4228/1262 3226/4230/1262
f 2936/4333/1263 3228/4231/1263 3227/4228/1263
f 3229/4222/1264 3228/4231/1264 2936/4333/1264
f 2766/4335/1265 3067/4223/1265 3229/4222/1265
f 3075/4063/1266 3067/4223/1266 2766/4335/1266
f 3074/4337/1267 3075/4063/1267 2774/4336/1267
f 3073/4065/1268 3074/4337/1268 2773/4338/1268
f 3072/4340/1269 3073/4065/1269 2772/4339/1269
f 3071/4068/1270 3072/4340/1270 2771/4341/1270
f 3070/4064/1271 3071/4068/1271 2770/4342/1271
f 3069/4069/1272 3070/4064/1272 2769/4343/1272
f 3068/4067/1 3069/4069/1 2768/4344/1
f 3065/4346/1273 3068/4067/1273 2767/4345/1273
f 3066/4062/1274 3065/4346/1274 2764/4347/1274
f 3063/4060/1275 3066/4062/1275 2765/4348/1275
f 3062/4058/1276 3063/4060/1276 2762/4349/1276
f 2763/4351/1277 3064/4353/1277 3062/4058/1277
f 2760/4352/153 3061/4059/153 3064/4353/153
f 3055/4056/153 3061/4059/153 2760/4352/153
f 3060/4054/1278 3055/4056/1278 2754/4354/1278
f 3059/4055/1279 3060/4054/1279 2759/4355/1279
f 3058/4357/75 3059/4055/75 2758/4356/75
f 3054/4053/1280 3058/4357/1280 2757/4358/1280
f 3057/4051/1281 3054/4053/1281 2753/4359/1281
f 3056/4052/1281 3057/4051/1281 2756/4360/1281
f 3053/4362/1281 3056/4052/1281 2755/4361/1281
f 3290/4363/581 3289/5305/581 3291/4364/581
f 3295/4366/190 3293/4372/190 3294/4367/190
f 3291/4369/1282 3295/4366/1282 3296/4368/1282
f 3290/4371/1283 3294/4367/1283 3293/4372/1283
f 3292/4370/2014 3296/4368/2014 3294/4367/2014
f 3291/4369/2015 3289/4373/2015 3293/4372/2015
f 3334/4446/581 3369/4449/581 3364/4440/581
f 3364/4440/581 3341/4398/581 3335/4397/581
f 3342/4442/581 3328/4441/581 3336/4444/581
f 3334/4446/581 3364/4440/581 3335/4397/581
f 3342/4442/581 3336/4444/581 3329/4374/581
f 3334/4446/581 3335/4397/581 3342/4442/581
f 3333/4393/581 3368/4447/581 3334/4446/581
f 3363/4376/581 3340/4394/581 3333/4393/581
f 3332/4402/581 3367/4439/581 3363/4376/581
f 3331/4396/581 3339/4395/581 3332/4402/581
f 3362/4445/581 3338/4400/581 3331/4396/581
f 3361/4375/581 3337/4443/581 3362/4445/581
f 3330/4438/581 3366/4437/581 3361/4375/581
f 3329/4374/581 3365/4448/581 3330/4438/581
f 3334/4446/581 3342/4442/581 3329/4374/581
f 3363/4376/581 3333/4393/581 3334/4446/581
f 3331/4396/581 3332/4402/581 3363/4376/581
f 3361/4375/581 3362/4445/581 3331/4396/581
f 3329/4374/581 3330/4438/581 3361/4375/581
f 3363/4376/581 3334/4446/581 3329/4374/581
f 3361/4375/581 3331/4396/581 3363/4376/581
f 3509/4379/581 3498/4580/581 3510/4574/581
f 3510/4574/581 3487/4575/581 3499/4581/581
f 3499/4581/581 3488/4582/581 3500/4585/581
f 3500/4585/581 3489/4571/581 3501/4570/581
f 3501/4570/581 3490/4577/581 3502/4576/581
f 3502/4576/581 3491/4583/581 3503/4377/581
f 3503/4377/581 3419/4512/581 3429/4517/581
f 3429/4517/581 3420/4500/581 3430/4499/581
f 3430/4499/581 3421/4507/581 3431/4508/581
f 3431/4508/2016 3422/4514/2016 3432/4513/2016
f 3432/4513/2017 3423/4519/2017 3433/4518/2017
f 3424/4521/581 3434/4501/581 3425/4502/581
f 3431/4508/2018 3432/4513/2018 3433/4518/2018
f 3433/4518/581 3424/4521/581 3425/4502/581
f 3425/4502/581 3435/4509/581 3426/4510/581
f 3426/4510/581 3436/4516/581 3427/4515/581
f 3427/4515/581 3437/4520/581 3428/4504/581
f 3505/4503/581 3494/4572/581 3506/4578/581
f 3427/4515/581 3428/4504/581 3505/4503/581
f 3425/4502/581 3426/4510/581 3427/4515/581
f 3431/4508/581 3433/4518/581 3425/4502/581
f 3429/4517/581 3430/4499/581 3431/4508/581
f 3501/4570/581 3502/4576/581 3503/4377/581
f 3503/4377/581 3429/4517/581 3431/4508/581
f 3431/4508/581 3425/4502/581 3427/4515/581
f 3505/4503/581 3506/4578/581 3495/4579/581
f 3431/4508/581 3427/4515/581 3505/4503/581
f 3500/4585/581 3501/4570/581 3503/4377/581
f 3503/4377/581 3431/4508/581 3505/4503/581
f 3505/4503/581 3495/4579/581 3507/4378/581
f 3507/4378/581 3496/4584/581 3508/4586/581
f 3508/4586/581 3497/4573/581 3509/4379/581
f 3509/4379/581 3510/4574/581 3499/4581/581
f 3499/4581/581 3500/4585/581 3503/4377/581
f 3503/4377/581 3505/4503/581 3507/4378/581
f 3507/4378/581 3508/4586/581 3509/4379/581
f 3509/4379/581 3499/4581/581 3503/4377/581
f 3314/4380/190 3322/4399/190 3300/4381/190
f 3305/4383/190 3301/4426/190 3302/4384/190
f 3307/4386/190 3305/4383/190 3306/4385/190
f 3309/4387/190 3306/4385/190 3319/4388/190
f 3310/4390/190 3309/4387/190 3327/4389/190
f 3325/4392/2019 3317/4423/2019 3333/4393/2019
f 3314/4380/2020 3323/4401/2020 3339/4395/2020
f 3327/4389/2021 3319/4388/2021 3335/4397/2021
f 3322/4399/2022 3314/4380/2022 3331/4396/2022
f 3323/4401/2023 3315/4407/2023 3332/4402/2023
f 3321/4403/190 3355/4411/190 3343/4404/190
f 3322/4399/190 3313/4405/190 3343/4404/190
f 3323/4401/190 3314/4380/190 3303/4382/190
f 3315/4407/190 3323/4401/190 3353/4406/190
f 3324/4409/190 3315/4407/190 3350/4408/190
f 3355/4411/190 3358/4417/190 3297/4412/190
f 3300/4381/190 3343/4404/190 3297/4412/190
f 3303/4382/190 3300/4381/190 3345/4413/190
f 3353/4406/190 3303/4382/190 3347/4414/190
f 3350/4408/190 3353/4406/190 3349/4415/190
f 3316/4410/190 3350/4408/190 3308/4416/190
f 3358/4417/190 3354/4436/190 3298/4418/190
f 3345/4413/190 3297/4412/190 3298/4418/190
f 3347/4414/190 3345/4413/190 3346/4419/190
f 3349/4415/190 3347/4414/190 3304/4420/190
f 3308/4416/190 3349/4415/190 3352/4421/190
f 3308/4416/190 3351/4422/190 3317/4423/190
f 3298/4418/190 3354/4436/190 3320/4424/190
f 3346/4419/190 3298/4418/190 3299/4425/190
f 3304/4420/190 3346/4419/190 3301/4426/190
f 3352/4421/190 3304/4420/190 3305/4383/190
f 3351/4422/190 3352/4421/190 3307/4386/190
f 3351/4422/190 3348/4427/190 3359/4428/190
f 3299/4425/190 3320/4424/190 3312/4429/190
f 3301/4426/190 3299/4425/190 3344/4430/190
f 3348/4427/190 3307/4386/190 3309/4387/190
f 3348/4427/190 3310/4390/190 3356/4431/190
f 3344/4430/190 3312/4429/190 3357/4432/190
f 3302/4384/190 3344/4430/190 3311/4433/190
f 3306/4385/190 3302/4384/190 3360/4434/190
f 3310/4390/190 3318/4391/190 3326/4435/190
f 3354/4436/2024 3358/4417/2024 3366/4437/2024
f 3324/4409/2025 3316/4410/2025 3363/4376/2025
f 3318/4391/2026 3327/4389/2026 3341/4398/2026
f 3360/4434/2027 3311/4433/2027 3328/4441/2027
f 3361/4375/2028 3355/4411/2028 3321/4403/2028
f 3319/4388/2029 3360/4434/2029 3342/4442/2029
f 3336/4444/2030 3357/4432/2030 3312/4429/2030
f 3313/4405/2031 3322/4399/2031 3338/4400/2031
f 3359/4428/2032 3356/4431/2032 3334/4446/2032
f 3320/4424/2033 3354/4436/2033 3330/4438/2033
f 3326/4435/2034 3318/4391/2034 3364/4440/2034
f 3366/4437/2035 3358/4417/2035 3355/4411/2035
f 3315/4407/2036 3324/4409/2036 3367/4439/2036
f 3321/4403/2037 3313/4405/2037 3362/4445/2037
f 3316/4410/2038 3325/4392/2038 3340/4394/2038
f 3311/4433/2039 3357/4432/2039 3336/4444/2039
f 3317/4423/2040 3359/4428/2040 3368/4447/2040
f 3329/4374/2041 3312/4429/2041 3320/4424/2041
f 3356/4431/2042 3326/4435/2042 3369/4449/2042
f 3410/4450/190 3398/4463/190 3370/4451/190
f 3411/4453/2043 3399/4452/2043 3370/4451/2043
f 3411/4453/2044 3375/4454/2044 3380/4455/2044
f 3412/4457/2045 3400/4456/2045 3380/4455/2045
f 3401/4459/190 3412/4457/190 3394/4458/190
f 3413/4461/190 3401/4459/190 3390/4460/190
f 3398/4463/190 3409/4470/190 3371/4464/190
f 3370/4451/190 3371/4464/190 3376/4465/190
f 3380/4455/190 3375/4454/190 3376/4465/190
f 3394/4458/190 3380/4455/190 3381/4466/190
f 3390/4460/190 3394/4458/190 3388/4467/190
f 3402/4462/190 3390/4460/190 3386/4468/190
f 3409/4470/190 3397/4498/190 3372/4471/190
f 3376/4465/190 3371/4464/190 3372/4471/190
f 3381/4466/190 3376/4465/190 3377/4472/190
f 3388/4467/190 3381/4466/190 3382/4473/190
f 3386/4468/190 3388/4467/190 3393/4474/190
f 3414/4469/190 3386/4468/190 3391/4475/190
f 3372/4471/190 3397/4498/190 3408/4477/190
f 3377/4472/190 3372/4471/190 3373/4478/190
f 3382/4473/190 3377/4472/190 3378/4479/190
f 3393/4474/190 3382/4473/190 3383/4480/190
f 3393/4474/190 3385/4481/190 3387/4482/190
f 3391/4475/190 3387/4482/190 3415/4483/190
f 3373/4478/190 3408/4477/190 3396/4484/190
f 3378/4479/190 3373/4478/190 3374/4485/190
f 3383/4480/190 3378/4479/190 3379/4486/190
f 3385/4481/190 3383/4480/190 3384/4487/190
f 3385/4481/190 3389/4488/190 3392/4489/190
f 3387/4482/190 3392/4489/190 3404/4490/190
f 3374/4485/190 3396/4484/190 3407/4491/190
f 3379/4486/190 3374/4485/190 3395/4492/190
f 3384/4487/190 3379/4486/190 3418/4493/190
f 3389/4488/190 3384/4487/190 3406/4494/190
f 3389/4488/190 3417/4495/190 3405/4496/190
f 3392/4489/190 3405/4496/190 3416/4497/190
f 3397/4498/2046 3409/4470/2046 3430/4499/2046
f 3434/4501/2047 3413/4461/2047 3402/4462/2047
f 3405/4496/2048 3417/4495/2048 3505/4503/2048
f 3504/4505/2049 3418/4493/2049 3395/4492/2049
f 3421/4507/2050 3398/4463/2050 3410/4450/2050
f 3435/4509/2051 3414/4469/2051 3403/4476/2051
f 3406/4494/2052 3418/4493/2052 3504/4505/2052
f 3503/4377/2053 3407/4491/2053 3396/4484/2053
f 3399/4452/2054 3411/4453/2054 3432/4513/2054
f 3415/4483/2055 3404/4490/2055 3427/4515/2055
f 3408/4477/2056 3397/4498/2056 3420/4500/2056
f 3400/4456/2057 3412/4457/2057 3433/4518/2057
f 3416/4497/2058 3405/4496/2058 3428/4504/2058
f 3430/4499/2059 3409/4470/2059 3398/4463/2059
f 3424/4521/2060 3401/4459/2060 3413/4461/2060
f 3417/4495/2061 3406/4494/2061 3493/4511/2061
f 3431/4508/2062 3410/4450/2062 3399/4452/2062
f 3425/4502/2063 3402/4462/2063 3414/4469/2063
f 3492/4506/2064 3395/4492/2064 3407/4491/2064
f 3432/4513/2065 3411/4453/2065 3400/4456/2065
f 3403/4476/2066 3415/4483/2066 3436/4516/2066
f 3419/4512/2067 3396/4484/2067 3408/4477/2067
f 3433/4518/2068 3412/4457/2068 3401/4459/2068
f 3404/4490/2069 3416/4497/2069 3437/4520/2069
f 3478/4522/190 3466/4535/190 3438/4523/190
f 3479/4525/190 3467/4524/190 3438/4523/190
f 3468/4527/190 3479/4525/190 3443/4526/190
f 3480/4529/190 3468/4527/190 3448/4528/190
f 3469/4531/190 3480/4529/190 3462/4530/190
f 3481/4533/190 3469/4531/190 3458/4532/190
f 3466/4535/190 3477/5306/190 3439/4536/190
f 3443/4526/190 3438/4523/190 3439/4536/190
f 3448/4528/190 3443/4526/190 3444/4537/190
f 3462/4530/190 3448/4528/190 3449/4538/190
f 3458/4532/190 3462/4530/190 3456/4539/190
f 3470/4534/190 3458/4532/190 3454/4540/190
f 3439/4536/190 3477/5306/190 3465/4542/190
f 3444/4537/190 3439/4536/190 3440/4543/190
f 3449/4538/190 3444/4537/190 3445/4544/190
f 3456/4539/190 3449/4538/190 3450/4545/190
f 3454/4540/190 3456/4539/190 3461/4546/190
f 3482/4541/190 3454/4540/190 3459/4547/190
f 3440/4543/190 3465/4542/190 3476/4549/190
f 3445/4544/190 3440/4543/190 3441/4550/190
f 3450/4545/190 3445/4544/190 3446/4551/190
f 3461/4546/190 3450/4545/190 3451/4552/190
f 3461/4546/190 3453/4553/190 3455/4554/190
f 3459/4547/190 3455/4554/190 3483/4555/190
f 3441/4550/190 3476/4549/190 3464/4556/190
f 3446/4551/190 3441/4550/190 3442/4557/190
f 3451/4552/190 3446/4551/190 3447/4558/190
f 3453/4553/190 3451/4552/190 3452/4559/190
f 3453/4553/190 3457/4560/190 3460/4561/190
f 3455/4554/190 3460/4561/190 3472/4562/190
f 3442/4557/190 3464/4556/190 3475/4563/190
f 3447/4558/190 3442/4557/190 3463/4564/190
f 3452/4559/190 3447/4558/190 3486/4565/190
f 3457/4560/190 3452/4559/190 3474/4566/190
f 3457/4560/190 3485/4567/190 3473/4568/190
f 3460/4561/190 3473/4568/190 3484/4569/190
f 3465/4542/2070 3477/5306/2070 3501/4570/2070
f 3505/4503/2071 3481/4533/2071 3470/4534/2071
f 3473/4568/2072 3485/4567/2072 3509/4379/2072
f 3510/4574/1340 3486/4565/1340 3463/4564/1340
f 3466/4535/2073 3478/4522/2073 3502/4576/2073
f 3506/4578/2074 3482/4541/2074 3471/4548/2074
f 3474/4566/1340 3486/4565/1340 3510/4574/1340
f 3499/4581/2075 3475/4563/2075 3464/4556/2075
f 3467/4524/2076 3479/4525/2076 3503/4377/2076
f 3483/4555/2077 3472/4562/2077 3496/4584/2077
f 3500/4585/2078 3476/4549/2078 3465/4542/2078
f 3492/4506/2079 3468/4527/2079 3480/4529/2079
f 3484/4569/2080 3473/4568/2080 3497/4573/2080
f 3501/4570/2081 3477/5306/2081 3466/4535/2081
f 3493/4511/2082 3469/4531/2082 3481/4533/2082
f 3485/4567/2083 3474/4566/2083 3498/4580/2083
f 3478/4522/2084 3467/4524/2084 3491/4583/2084
f 3494/4572/2085 3470/4534/2085 3482/4541/2085
f 3487/4575/2086 3463/4564/2086 3475/4563/2086
f 3479/4525/2087 3468/4527/2087 3492/4506/2087
f 3471/4548/2088 3483/4555/2088 3507/4378/2088
f 3488/4582/2089 3464/4556/2089 3476/4549/2089
f 3504/4505/2090 3480/4529/2090 3469/4531/2090
f 3472/4562/2091 3484/4569/2091 3508/4586/2091
f 3642/4587/190 3630/4598/190 3511/4588/190
f 3643/4590/190 3631/4589/190 3511/4588/190
f 3632/4592/190 3643/4590/190 3517/4591/190
f 3644/4594/190 3632/4592/190 3523/4593/190
f 3633/4596/190 3644/4594/190 3529/4595/190
f 3630/4598/190 3641/4846/190 3512/4599/190
f 3517/4591/190 3511/4588/190 3512/4599/190
f 3523/4593/190 3517/4591/190 3518/4600/190
f 3529/4595/190 3523/4593/190 3524/4601/190
f 3718/4597/190 3529/4595/190 3530/4602/190
f 3512/4599/190 3641/4846/190 3629/4604/190
f 3518/4600/190 3512/4599/190 3513/4605/190
f 3524/4601/190 3518/4600/190 3519/4606/190
f 3530/4602/190 3524/4601/190 3525/4607/190
f 3622/4603/190 3530/4602/190 3531/4608/190
f 3513/4605/190 3629/4604/190 3640/4610/190
f 3519/4606/190 3513/4605/190 3514/4611/190
f 3525/4607/190 3519/4606/190 3520/4612/190
f 3531/4608/190 3525/4607/190 3526/4613/190
f 3634/4609/190 3531/4608/190 3532/4614/190
f 3514/4611/190 3640/4610/190 3628/4616/190
f 3520/4612/190 3514/4611/190 3515/4617/190
f 3526/4613/190 3520/4612/190 3521/4618/190
f 3532/4614/190 3526/4613/190 3527/4619/190
f 3623/4615/190 3532/4614/190 3533/4620/190
f 3515/4617/190 3628/4616/190 3639/4622/190
f 3521/4618/190 3515/4617/190 3516/4623/190
f 3527/4619/190 3521/4618/190 3522/4624/190
f 3533/4620/190 3527/4619/190 3528/4625/190
f 3533/4620/190 3534/4626/190 3624/4627/190
f 3516/4623/190 3639/4622/190 3627/4628/190
f 3522/4624/190 3516/4623/190 3638/4629/190
f 3528/4625/190 3522/4624/190 3626/4630/190
f 3534/4626/190 3528/4625/190 3637/4631/190
f 3534/4626/190 3625/4632/190 3636/4633/190
f 3589/4634/190 3577/4738/190 3535/4635/190
f 3590/4637/190 3578/4636/190 3535/4635/190
f 3579/4639/190 3590/4637/190 3541/4638/190
f 3591/4641/190 3579/4639/190 3547/4640/190
f 3580/4643/190 3591/4641/190 3553/4642/190
f 3535/4635/190 3577/4738/190 3588/4645/190
f 3541/4638/190 3535/4635/190 3536/4646/190
f 3547/4640/190 3541/4638/190 3542/4647/190
f 3553/4642/190 3547/4640/190 3548/4648/190
f 3592/4644/190 3553/4642/190 3554/4649/190
f 3536/4646/190 3588/4645/190 3576/4651/190
f 3542/4647/190 3536/4646/190 3537/4652/190
f 3548/4648/190 3542/4647/190 3543/4653/190
f 3554/4649/190 3548/4648/190 3549/4654/190
f 3581/4650/190 3554/4649/190 3555/4655/190
f 3537/4652/190 3576/4651/190 3587/4657/190
f 3543/4653/190 3537/4652/190 3538/4658/190
f 3549/4654/190 3543/4653/190 3544/4659/190
f 3555/4655/190 3549/4654/190 3550/4660/190
f 3593/4656/190 3555/4655/190 3556/4661/190
f 3538/4658/190 3587/4657/190 3575/4663/190
f 3544/4659/190 3538/4658/190 3539/4664/190
f 3550/4660/190 3544/4659/190 3545/4665/190
f 3556/4661/190 3550/4660/190 3551/4666/190
f 3556/4661/190 3557/4667/190 3594/4668/190
f 3539/4664/190 3575/4663/190 3586/4669/190
f 3545/4665/190 3539/4664/190 3540/4670/190
f 3551/4666/190 3545/4665/190 3546/4671/190
f 3557/4667/190 3551/4666/190 3552/4672/190
f 3557/4667/190 3558/4673/190 3583/4674/190
f 3540/4670/190 3586/4669/190 3574/4675/190
f 3546/4671/190 3540/4670/190 3597/4676/190
f 3552/4672/190 3546/4671/190 3585/4677/190
f 3758/4679/190 3746/4692/190 3559/4680/190
f 3759/4682/190 3747/4681/190 3559/4680/190
f 3748/4684/190 3759/4682/190 3564/4683/190
f 3760/4686/190 3748/4684/190 3569/4685/190
f 3749/4688/190 3760/4686/190 3621/4687/190
f 3761/4690/190 3749/4688/190 3614/4689/190
f 3746/4692/190 3757/4849/190 3560/4693/190
f 3564/4683/190 3559/4680/190 3560/4693/190
f 3569/4685/190 3564/4683/190 3565/4694/190
f 3621/4687/190 3569/4685/190 3570/4695/190
f 3614/4689/190 3621/4687/190 3609/4696/190
f 3750/4691/190 3614/4689/190 3603/4697/190
f 3560/4693/190 3757/4849/190 3745/4699/190
f 3565/4694/190 3560/4693/190 3561/4700/190
f 3570/4695/190 3565/4694/190 3566/4701/190
f 3609/4696/190 3570/4695/190 3571/4702/190
f 3603/4697/190 3609/4696/190 3620/4703/190
f 3762/4698/190 3603/4697/190 3615/4704/190
f 3561/4700/190 3745/4699/190 3756/4706/190
f 3566/4701/190 3561/4700/190 3562/4707/190
f 3571/4702/190 3566/4701/190 3567/4708/190
f 3620/4703/190 3571/4702/190 3572/4709/190
f 3620/4703/190 3598/4710/190 3604/4711/190
f 3615/4704/190 3604/4711/190 3763/4712/190
f 3562/4707/190 3756/4706/190 3744/4713/190
f 3567/4708/190 3562/4707/190 3563/4714/190
f 3572/4709/190 3567/4708/190 3568/4715/190
f 3598/4710/190 3572/4709/190 3573/4716/190
f 3598/4710/190 3610/4717/190 3616/4718/190
f 3604/4711/190 3616/4718/190 3752/4719/190
f 3563/4714/190 3744/4713/190 3755/4720/190
f 3568/4715/190 3563/4714/190 3743/4721/190
f 3573/4716/190 3568/4715/190 3766/4722/190
f 3610/4717/190 3573/4716/190 3754/4723/190
f 3610/4717/190 3765/4724/190 3753/4725/190
f 3789/4728/581 3778/4859/581 3790/4853/581
f 3790/4853/581 3767/4854/581 3779/4860/581
f 3779/4860/581 3768/4861/581 3780/4865/581
f 3780/4865/581 3769/4848/581 3781/4850/581
f 3781/4850/581 3770/4856/581 3782/4855/581
f 3782/4855/581 3771/4862/581 3783/4744/581
f 3783/4744/581 3599/4745/581 3611/4750/581
f 3611/4750/581 3600/4730/581 3612/4731/581
f 3612/4731/581 3601/4740/581 3613/4739/581
f 3613/4739/581 3602/4747/581 3731/4746/581
f 3731/4746/581 3720/4837/581 3732/4842/581
f 3732/4842/581 3721/4828/581 3733/4829/581
f 3733/4829/581 3722/4834/581 3734/4833/581
f 3734/4833/581 3723/4839/581 3735/4838/581
f 3735/4838/581 3724/4844/581 3736/4843/581
f 3725/4726/581 3737/4830/581 3726/4831/581
f 3735/4838/581 3736/4843/581 3725/4726/581
f 3733/4829/581 3734/4833/581 3735/4838/581
f 3731/4746/581 3732/4842/581 3733/4829/581
f 3612/4731/581 3613/4739/581 3731/4746/581
f 3783/4744/581 3611/4750/581 3612/4731/581
f 3781/4850/581 3782/4855/581 3783/4744/581
f 3779/4860/581 3780/4865/581 3781/4850/581
f 3789/4728/581 3790/4853/581 3779/4860/581
f 3788/4866/581 3777/4852/581 3789/4728/581
f 3787/4864/581 3776/4863/581 3788/4866/581
f 3786/4857/581 3775/4858/581 3787/4864/581
f 3785/4727/581 3774/4851/581 3786/4857/581
f 3619/4826/581 3608/4735/581 3785/4727/581
f 3618/4749/581 3607/4748/581 3619/4826/581
f 3617/4741/581 3606/4742/581 3618/4749/581
f 3741/4732/581 3605/4733/581 3617/4741/581
f 3740/4845/581 3729/4832/581 3741/4732/581
f 3739/4841/581 3728/4840/581 3740/4845/581
f 3738/4835/581 3727/4836/581 3739/4841/581
f 3725/4726/581 3726/4831/581 3738/4835/581
f 3733/4829/581 3735/4838/581 3725/4726/581
f 3783/4744/581 3612/4731/581 3731/4746/581
f 3731/4746/581 3733/4829/581 3725/4726/581
f 3725/4726/581 3738/4835/581 3739/4841/581
f 3739/4841/581 3740/4845/581 3741/4732/581
f 3741/4732/581 3617/4741/581 3618/4749/581
f 3618/4749/581 3619/4826/581 3785/4727/581
f 3785/4727/581 3786/4857/581 3787/4864/581
f 3787/4864/581 3788/4866/581 3789/4728/581
f 3789/4728/581 3779/4860/581 3781/4850/581
f 3783/4744/581 3731/4746/581 3725/4726/581
f 3789/4728/581 3781/4850/581 3783/4744/581
f 3785/4727/581 3787/4864/581 3789/4728/581
f 3741/4732/581 3618/4749/581 3785/4727/581
f 3725/4726/581 3739/4841/581 3741/4732/581
f 3789/4728/581 3783/4744/581 3725/4726/581
f 3725/4726/581 3741/4732/581 3785/4727/581
f 3558/4673/190 3584/4734/190 3595/4729/190
f 3600/4730/2092 3576/4651/2092 3588/4645/2092
f 3741/4732/2093 3592/4644/2093 3581/4650/2093
f 3584/4734/2094 3596/4678/2094 3785/4727/2094
f 3784/4736/1363 3597/4676/1363 3574/4675/1363
f 3577/4738/2095 3589/4634/2095 3613/4739/2095
f 3617/4741/2096 3593/4656/2096 3582/4662/2096
f 3773/4743/1363 3585/4677/1363 3597/4676/1363
f 3783/4744/2097 3586/4669/2097 3575/4663/2097
f 3578/4636/2098 3590/4637/2098 3731/4746/2098
f 3594/4668/2099 3583/4674/2099 3607/4748/2099
f 3611/4750/2100 3587/4657/2100 3576/4651/2100
f 3719/4751/1370 3579/4639/1370 3591/4641/1370
f 3683/4753/2101 3671/4785/2101 3647/4754/2101
f 3675/4756/2102 3686/4780/2102 3662/4757/2102
f 3667/4759/2103 3691/4792/2103 3679/4760/2103
f 3684/4762/2104 3672/4790/2104 3648/4763/2104
f 3676/4765/2105 3687/4787/2105 3663/4766/2105
f 3692/4768/2106 3680/4805/2106 3656/4769/2106
f 3685/4771/2107 3673/4795/2107 3649/4772/2107
f 3677/4774/2108 3688/4791/2108 3664/4775/2108
f 3670/4777/2109 3681/4793/2109 3657/4778/2109
f 3686/4780/2110 3674/4798/2110 3650/4781/2110
f 3654/4782/2111 3678/4799/2111 3689/4783/2111
f 3671/4785/2112 3682/4797/2112 3658/4786/2112
f 3687/4787/2113 3675/4756/2113 3651/4758/2113
f 3655/4761/2114 3679/4760/2114 3690/4788/2114
f 3672/4790/2115 3683/4753/2115 3659/4755/2115
f 3688/4791/2116 3676/4765/2116 3652/4767/2116
f 3656/4769/2117 3680/4805/2117 3691/4792/2117
f 3681/4793/2118 3669/4796/2118 3645/4794/2118
f 3673/4795/2119 3684/4762/2119 3660/4764/2119
f 3665/4784/2120 3689/4783/2120 3677/4774/2120
f 3669/4796/2121 3692/4768/2121 3668/4770/2121
f 3682/4797/2122 3670/4777/2122 3646/4779/2122
f 3674/4798/2123 3685/4771/2123 3661/4773/2123
f 3666/4789/2124 3690/4788/2124 3678/4799/2124
f 3695/4800/190 3682/4797/190 3671/4785/190
f 3695/4800/190 3698/4801/190 3670/4777/190
f 3698/4801/190 3703/4802/190 3681/4793/190
f 3703/4802/190 3708/4803/190 3669/4796/190
f 3708/4803/190 3713/4804/190 3692/4768/190
f 3713/4804/190 3691/4792/190 3680/4805/190
f 3672/4790/190 3700/4806/190 3695/4800/190
f 3700/4806/190 3702/4807/190 3698/4801/190
f 3702/4807/190 3704/4808/190 3703/4802/190
f 3704/4808/190 3709/4809/190 3708/4803/190
f 3709/4809/190 3714/4810/190 3713/4804/190
f 3714/4810/190 3679/4760/190 3691/4792/190
f 3684/4762/190 3696/4811/190 3700/4806/190
f 3696/4811/190 3694/4812/190 3702/4807/190
f 3694/4812/190 3705/4813/190 3704/4808/190
f 3705/4813/190 3710/4814/190 3709/4809/190
f 3710/4814/190 3715/4815/190 3714/4810/190
f 3715/4815/190 3690/4788/190 3679/4760/190
f 3673/4795/190 3701/4816/190 3696/4811/190
f 3701/4816/190 3699/4817/190 3694/4812/190
f 3699/4817/190 3706/4818/190 3705/4813/190
f 3706/4818/190 3711/4819/190 3710/4814/190
f 3711/4819/190 3716/4820/190 3715/4815/190
f 3716/4820/190 3678/4799/190 3690/4788/190
f 3685/4771/190 3697/4821/190 3701/4816/190
f 3697/4821/190 3693/4822/190 3699/4817/190
f 3693/4822/190 3707/4823/190 3706/4818/190
f 3707/4823/190 3712/4824/190 3711/4819/190
f 3712/4824/190 3717/4825/190 3716/4820/190
f 3689/4783/190 3678/4799/190 3716/4820/190
f 3674/4798/190 3686/4780/190 3697/4821/190
f 3686/4780/190 3675/4756/190 3693/4822/190
f 3675/4756/190 3687/4787/190 3707/4823/190
f 3687/4787/190 3676/4765/190 3712/4824/190
f 3676/4765/190 3688/4791/190 3717/4825/190
f 3677/4774/190 3689/4783/190 3717/4825/190
f 3595/4729/2125 3584/4734/2125 3608/4735/2125
f 3612/4731/2126 3588/4645/2126 3577/4738/2126
f 3730/4827/1397 3580/4643/1397 3592/4644/1397
f 3596/4678/2127 3585/4677/2127 3773/4743/2127
f 3589/4634/2128 3578/4636/2128 3602/4747/2128
f 3605/4733/2129 3581/4650/2129 3593/4656/2129
f 3772/4737/2130 3574/4675/2130 3586/4669/2130
f 3731/4746/2131 3590/4637/2131 3579/4639/2131
f 3582/4662/2132 3594/4668/2132 3618/4749/2132
f 3599/4745/2133 3575/4663/2133 3587/4657/2133
f 3742/4752/1370 3591/4641/1370 3580/4643/1370
f 3583/4674/2134 3595/4729/2134 3619/4826/2134
f 3552/4672/190 3596/4678/190 3584/4734/190
f 3721/4828/2135 3624/4627/2135 3636/4633/2135
f 3737/4830/2136 3640/4610/2136 3629/4604/2136
f 3632/4592/2137 3644/4594/2137 3741/4732/2137
f 3742/4752/1409 3718/4597/1409 3622/4603/1409
f 3625/4632/2138 3637/4631/2138 3734/4833/2138
f 3738/4835/2139 3641/4846/2139 3630/4598/2139
f 3730/4827/1409 3633/4596/1409 3718/4597/1409
f 3731/4746/2140 3634/4609/2140 3623/4615/2140
f 3626/4630/2141 3638/4629/2141 3735/4838/2141
f 3642/4587/2142 3631/4589/2142 3728/4840/2142
f 3732/4842/2143 3635/4621/2143 3624/4627/2143
f 3627/4628/1416 3639/4622/1416 3736/4843/1416
f 3643/4590/2144 3632/4592/2144 3729/4832/2144
f 3733/4829/2145 3636/4633/2145 3625/4632/2145
f 3725/4726/2146 3628/4616/2146 3640/4610/2146
f 3644/4594/2147 3633/4596/2147 3730/4827/2147
f 3637/4631/2148 3626/4630/2148 3723/4839/2148
f 3726/4831/2149 3629/4604/2149 3641/4846/2149
f 3719/4751/2150 3622/4603/2150 3634/4609/2150
f 3638/4629/2151 3627/4628/2151 3724/4844/2151
f 3630/4598/2152 3642/4587/2152 3739/4841/2152
f 3720/4837/2153 3623/4615/2153 3635/4621/2153
f 3736/4843/1416 3639/4622/1416 3628/4616/1416
f 3631/4589/2154 3643/4590/2154 3740/4845/2154
f 3616/4718/190 3753/4725/190 3764/4847/190
f 3769/4848/2135 3745/4699/2135 3757/4849/2135
f 3785/4727/2155 3761/4690/2155 3750/4691/2155
f 3753/4725/2156 3765/4724/2156 3789/4728/2156
f 3790/4853/1430 3766/4722/1430 3743/4721/1430
f 3746/4692/2138 3758/4679/2138 3782/4855/2138
f 3786/4857/2139 3762/4698/2139 3751/4705/2139
f 3754/4723/1430 3766/4722/1430 3790/4853/1430
f 3779/4860/2157 3755/4720/2157 3744/4713/2157
f 3747/4681/2158 3759/4682/2158 3783/4744/2158
f 3763/4712/2159 3752/4719/2159 3776/4863/2159
f 3780/4865/2160 3756/4706/2160 3745/4699/2160
f 3772/4737/1434 3748/4684/1434 3760/4686/1434
f 3764/4847/2144 3753/4725/2144 3777/4852/2144
f 3781/4850/2145 3757/4849/2145 3746/4692/2145
f 3773/4743/2161 3749/4688/2161 3761/4690/2161
f 3765/4724/2162 3754/4723/2162 3778/4859/2162
f 3758/4679/2148 3747/4681/2148 3771/4862/2148
f 3774/4851/2149 3750/4691/2149 3762/4698/2149
f 3767/4854/2163 3743/4721/2163 3755/4720/2163
f 3759/4682/2164 3748/4684/2164 3772/4737/2164
f 3751/4705/2152 3763/4712/2152 3787/4864/2152
f 3768/4861/2153 3744/4713/2153 3756/4706/2153
f 3827/4867/2165 3815/4891/2165 3793/4868/2165
f 3811/4870/2166 3835/4897/2166 3823/4871/2166
f 3828/4873/2167 3816/4894/2167 3794/4874/2167
f 3820/4935/190 3831/4934/190 3807/4958/190
f 3812/4876/2168 3836/4900/2168 3824/4877/2168
f 3806/4879/2169 3829/4903/2169 3817/4880/2169
f 3821/4882/2170 3832/4895/2170 3808/4883/2170
f 3814/4885/2171 3825/4898/2171 3802/4886/2171
f 3799/4888/2172 3822/4925/2172 3833/4889/2172
f 3815/4891/2173 3826/4901/2173 3803/4892/2173
f 3823/4871/2174 3834/4904/2174 3810/4893/2174
f 3816/4894/2175 3827/4867/2175 3804/4869/2175
f 3832/4895/2176 3820/4935/2176 3797/4896/2176
f 3801/4878/2177 3824/4877/2177 3835/4897/2177
f 3825/4898/1453 3813/4908/1453 3791/4899/1453
f 3817/4880/2178 3828/4873/2178 3805/4875/2178
f 3833/4889/2179 3821/4882/2179 3798/4884/2179
f 3791/4899/1453 3813/4908/1453 3836/4900/1453
f 3826/4901/2180 3814/4885/2180 3792/4887/2180
f 3796/4902/2181 3818/4932/2181 3829/4903/2181
f 3834/4904/2182 3822/4925/2182 3799/4888/2182
f 3839/4905/190 3826/4901/190 3815/4891/190
f 3842/4906/190 3814/4885/190 3826/4901/190
f 3842/4906/190 3847/4907/190 3825/4898/190
f 3847/4907/190 3852/4909/190 3813/4908/190
f 3852/4909/190 3857/4910/190 3836/4900/190
f 3857/4910/190 3835/4897/190 3824/4877/190
f 3844/4911/190 3839/4905/190 3827/4867/190
f 3846/4912/190 3842/4906/190 3839/4905/190
f 3846/4912/190 3848/4913/190 3847/4907/190
f 3848/4913/190 3853/4914/190 3852/4909/190
f 3853/4914/190 3858/4915/190 3857/4910/190
f 3858/4915/190 3823/4871/190 3835/4897/190
f 3840/4916/190 3844/4911/190 3816/4894/190
f 3838/4917/190 3846/4912/190 3844/4911/190
f 3838/4917/190 3849/4918/190 3848/4913/190
f 3849/4918/190 3854/4919/190 3853/4914/190
f 3854/4919/190 3859/4920/190 3858/4915/190
f 3859/4920/190 3834/4904/190 3823/4871/190
f 3817/4880/190 3845/4921/190 3840/4916/190
f 3845/4921/190 3843/4922/190 3838/4917/190
f 3843/4922/190 3850/4923/190 3849/4918/190
f 3850/4923/190 3855/4924/190 3854/4919/190
f 3855/4924/190 3860/4926/190 3859/4920/190
f 3822/4925/190 3834/4904/190 3859/4920/190
f 3829/4903/190 3841/4927/190 3845/4921/190
f 3841/4927/190 3837/4928/190 3843/4922/190
f 3837/4928/190 3851/4929/190 3850/4923/190
f 3851/4929/190 3856/4930/190 3855/4924/190
f 3856/4930/190 3861/4931/190 3860/4926/190
f 3833/4889/190 3822/4925/190 3860/4926/190
f 3818/4932/2183 3830/4986/2183 3841/4927/2183
f 3819/4933/190 3831/4934/190 3851/4929/190
f 3831/4934/190 3820/4935/190 3856/4930/190
f 3820/4935/190 3832/4895/190 3861/4931/190
f 3821/4882/190 3833/4889/190 3861/4931/190
f 3885/4936/2184 3877/4961/2184 3863/4937/2184
f 3881/4939/2185 3888/4951/2185 3873/4940/2185
f 3871/4942/2186 3886/4957/2186 3878/4943/2186
f 3872/4945/2187 3887/4959/2187 3879/4946/2187
f 3876/4948/2188 3883/4963/2188 3868/4949/2188
f 3888/4951/2189 3880/4982/2189 3866/4952/2189
f 3863/4937/2190 3877/4961/2190 3884/4953/2190
f 3874/4955/2191 3889/4983/2191 3881/4939/2191
f 3878/4943/2192 3885/4936/2192 3870/4938/2192
f 3868/4949/2193 3883/4963/2193 3875/4956/2193
f 3865/4947/2194 3879/4946/2194 3886/4957/2194
f 3875/4956/2195 3830/4986/2195 3818/4932/2195
f 3884/4953/2196 3876/4948/2196 3862/4950/2196
f 3866/4952/2197 3880/4982/2197 3887/4959/2197
f 3893/4960/2198 3884/4953/2198 3877/4961/2198
f 3893/4960/2199 3896/4962/2199 3876/4948/2199
f 3896/4962/190 3901/4964/190 3883/4963/190
f 3901/4964/2200 3906/4968/2200 3875/4956/2200
f 3878/4943/2201 3898/4965/2201 3893/4960/2201
f 3898/4965/2202 3900/4966/2202 3896/4962/2202
f 3900/4966/2203 3902/4967/2203 3901/4964/2203
f 3902/4967/2204 3907/4970/2204 3906/4968/2204
f 3908/4969/2205 3819/4933/2205 3837/4928/2205
f 3886/4957/2206 3894/4971/2206 3898/4965/2206
f 3894/4971/2207 3892/4972/2207 3900/4966/2207
f 3892/4972/190 3903/4973/190 3902/4967/190
f 3903/4973/2208 3908/4969/2208 3907/4970/2208
f 3879/4946/2209 3899/4974/2209 3894/4971/2209
f 3899/4974/2210 3897/4975/2210 3892/4972/2210
f 3897/4975/2211 3904/4976/2211 3903/4973/2211
f 3904/4976/2212 3909/4977/2212 3908/4969/2212
f 3909/4977/2213 3831/4934/2213 3819/4933/2213
f 3887/4959/2214 3895/4978/2214 3899/4974/2214
f 3895/4978/2215 3891/4979/2215 3897/4975/2215
f 3891/4979/190 3905/4980/190 3904/4976/190
f 3905/4980/2216 3910/4981/2216 3909/4977/2216
f 3910/4981/2217 3807/4958/2217 3831/4934/2217
f 3880/4982/2218 3888/4951/2218 3895/4978/2218
f 3888/4951/2219 3881/4939/2219 3891/4979/2219
f 3881/4939/2220 3889/4983/2220 3905/4980/2220
f 3889/4983/2221 3882/4985/2221 3910/4981/2221
f 3890/4984/2222 3807/4958/2222 3910/4981/2222
f 3906/4968/2223 3837/4928/2223 3830/4986/2223
f 3912/4987/2224 3923/5004/2224 3929/4988/2224
f 3916/4990/2225 3921/5002/2225 3932/4991/2225
f 3919/4993/2226 3913/5005/2226 3924/4994/2226
f 3920/4996/2227 3914/5006/2227 3925/4997/2227
f 3797/4896/2228 3807/4958/2228 3922/4999/2228
f 3915/5001/2229 3926/5008/2229 3932/4991/2229
f 3917/5003/2230 3928/5007/2230 3923/5004/2230
f 3874/4955/2231 3916/4990/2231 3927/4992/2231
f 3913/5005/2232 3918/4989/2232 3929/4988/2232
f 3914/5006/2233 3919/4993/2233 3930/4995/2233
f 3911/5000/2234 3922/4999/2234 3928/5007/2234
f 3915/5001/2235 3920/4996/2235 3931/4998/2235
f 3923/5004/2236 3928/5007/2236 3935/5009/2236
f 3928/5007/2237 3922/4999/2237 3938/5010/2237
f 3924/4994/2238 3929/4988/2238 3935/5009/2238
f 3935/5009/2239 3938/5010/2239 3942/5012/2239
f 3942/5012/2240 3938/5010/2240 3807/4958/2240
f 3930/4995/2241 3924/4994/2241 3940/5011/2241
f 3940/5011/2242 3942/5012/2242 3934/5014/2242
f 3925/4997/2243 3930/4995/2243 3936/5013/2243
f 3936/5013/2244 3934/5014/2244 3939/5016/2244
f 3939/5016/2245 3934/5014/2245 3890/4984/2245
f 3931/4998/2246 3925/4997/2246 3941/5015/2246
f 3941/5015/2247 3939/5016/2247 3933/5018/2247
f 3926/5008/2248 3931/4998/2248 3937/5017/2248
f 3937/5017/2249 3933/5018/2249 3927/4992/2249
f 3927/4992/2250 3933/5018/2250 3882/4985/2250
f 3947/5019/2251 3966/5042/2251 3975/5020/2251
f 3961/5022/2252 3980/5047/2252 3970/5023/2252
f 3973/5025/2253 3964/5044/2253 3944/5026/2253
f 3948/5028/2254 3967/5076/2254 3976/5029/2254
f 3962/5031/2255 3981/5049/2255 3971/5032/2255
f 3968/5034/2256 3977/5046/2256 3958/5035/2256
f 3956/5021/2257 3975/5020/2257 3965/5037/2257
f 3969/5039/2258 3978/5074/2258 3959/5040/2258
f 3957/5030/2259 3976/5029/2259 3966/5042/2259
f 3970/5023/2260 3979/5052/2260 3960/5043/2260
f 3964/5044/2261 3972/5101/2261 3953/5045/2261
f 3977/5046/2262 3967/5076/2262 3948/5028/2262
f 3952/5033/2263 3971/5032/2263 3980/5047/2263
f 3959/5040/2264 3978/5074/2264 3968/5034/2264
f 3943/5048/2265 3963/5053/2265 3981/5049/2265
f 3946/5038/2266 3965/5037/2266 3974/5050/2266
f 3979/5052/2267 3969/5039/2267 3950/5041/2267
f 3991/5055/190 3996/5056/190 3981/5049/190
f 3996/5056/190 3980/5047/190 3971/5032/190
f 3985/5057/2268 3965/5037/2268 3982/5058/2268
f 3973/5025/190 4015/5077/190 4022/5060/190
f 3987/5061/190 3992/5062/190 3991/5055/190
f 3992/5062/190 3997/5063/190 3996/5056/190
f 3997/5063/190 3970/5023/190 3980/5047/190
f 3973/5025/2269 3974/5050/2269 3984/5065/2269
f 3988/5066/190 3993/5067/190 3992/5062/190
f 3993/5067/190 3998/5068/190 3997/5063/190
f 3979/5052/190 3970/5023/190 3997/5063/190
f 3989/5069/190 3994/5070/190 3993/5067/190
f 3994/5070/190 3999/5071/190 3998/5068/190
f 3969/5039/190 3979/5052/190 3998/5068/190
f 3982/5058/190 3990/5072/190 3989/5069/190
f 3990/5072/190 3995/5073/190 3994/5070/190
f 3995/5073/190 4000/5075/190 3999/5071/190
f 3978/5074/190 3969/5039/190 3999/5071/190
f 3975/5020/2270 3966/5042/2270 3982/5058/2270
f 3966/5042/2271 3976/5029/2271 3990/5072/2271
f 3976/5029/2272 3967/5076/2272 3995/5073/2272
f 3977/5046/190 4000/5075/190 3995/5073/190
f 3968/5034/190 3978/5074/190 4000/5075/190
f 3955/5064/2273 4022/5060/2273 4015/5077/2273
f 4002/5079/2274 4016/5127/2274 4024/5080/2274
f 4029/5081/2275 4020/5097/2275 4006/5082/2275
f 4017/5084/2276 4025/5096/2276 4008/5085/2276
f 4030/5087/2277 4021/5100/2277 4007/5088/2277
f 4018/5090/2278 4026/5099/2278 4009/5091/2278
f 4024/5080/2279 3986/5054/2279 3963/5053/2279
f 4005/5093/2280 4019/5104/2280 4027/5094/2280
f 4015/5077/2281 3973/5025/2281 3954/5027/2281
f 4025/5096/2282 4016/5127/2282 4002/5079/2282
f 4020/5097/2283 4028/5122/2283 4011/5098/2283
f 4026/5099/2284 4017/5084/2284 4003/5086/2284
f 4021/5100/2285 4029/5081/2285 4012/5083/2285
f 3972/5101/2286 4014/5103/2286 4001/5102/2286
f 4010/5095/2287 4027/5094/2287 4018/5090/2287
f 4014/5103/2288 4030/5087/2288 4013/5089/2288
f 4011/5098/2289 4028/5122/2289 4019/5104/2289
f 4036/5105/190 4041/5106/190 4014/5103/190
f 4041/5106/190 4046/5107/190 4030/5087/190
f 4046/5107/190 4029/5081/190 4021/5100/190
f 3983/5108/2290 3972/5101/2290 3964/5044/2290
f 3983/5108/2291 4037/5109/2291 4036/5105/2291
f 4037/5109/190 4042/5110/190 4041/5106/190
f 4042/5110/190 4047/5111/190 4046/5107/190
f 4047/5111/190 4020/5097/190 4029/5081/190
f 3965/5037/2292 4033/5112/2292 3984/5065/2292
f 4033/5112/2293 4032/5113/2293 3983/5108/2293
f 4032/5113/190 4038/5114/190 4037/5109/190
f 4038/5114/190 4043/5115/190 4042/5110/190
f 4043/5115/190 4048/5116/190 4047/5111/190
f 4048/5116/190 4028/5122/190 4020/5097/190
f 3985/5057/2294 4035/5117/2294 4033/5112/2294
f 4035/5117/190 4034/5118/190 4032/5113/190
f 4034/5118/190 4039/5119/190 4038/5114/190
f 4039/5119/190 4044/5120/190 4043/5115/190
f 4044/5120/190 4049/5121/190 4048/5116/190
f 4049/5121/190 4019/5104/190 4028/5122/190
f 3986/5054/2295 4031/5123/2295 4034/5118/2295
f 4031/5123/190 4040/5124/190 4039/5119/190
f 4040/5124/190 4045/5125/190 4044/5120/190
f 4045/5125/190 4050/5126/190 4049/5121/190
f 4027/5094/190 4019/5104/190 4049/5121/190
f 4024/5080/190 4016/5127/190 4031/5123/190
f 4016/5127/190 4025/5096/190 4040/5124/190
f 4025/5096/190 4017/5084/190 4045/5125/190
f 4017/5084/190 4026/5099/190 4050/5126/190
f 4018/5090/190 4027/5094/190 4050/5126/190
f 4051/5059/190 3988/5066/190 3987/5061/190
f 4051/5059/2296 3986/5054/2296 4035/5117/2296
f 4064/5128/190 4061/5132/190 4062/5129/190
f 4066/5131/190 4060/5134/190 4061/5132/190
f 4066/5131/190 4058/5143/190 4059/5133/190
f 4065/5135/190 4064/5128/190 4063/5130/190
f 4067/5137/190 4066/5131/190 4064/5128/190
f 4057/5138/190 4058/5143/190 4066/5131/190
f 4053/5139/190 4054/5141/190 4065/5135/190
f 4055/5140/190 4067/5137/190 4065/5135/190
f 4056/5142/190 4057/5138/190 4067/5137/190
f 4058/5143/1580 4074/5155/1580 4075/5144/1580
f 4056/5142/1581 4055/5140/1581 4071/5145/1581
f 4063/5130/1592 4062/5129/1592 4078/5147/1592
f 4052/5136/1583 4068/5152/1583 4069/5149/1583
f 4059/5133/1584 4075/5144/1584 4076/5150/1584
f 4057/5138/1585 4056/5142/1585 4072/5146/1585
f 4052/5136/1586 4063/5130/1586 4079/5148/1586
f 4053/5139/1587 4069/5149/1587 4070/5153/1587
f 4060/5134/1588 4076/5150/1588 4077/5154/1588
f 4058/5143/1589 4057/5138/1589 4073/5151/1589
f 4054/5141/1590 4070/5153/1590 4071/5145/1590
f 4062/5129/2297 4061/5132/2297 4077/5154/2297
f 4092/5156/190 4089/5160/190 4090/5157/190
f 4094/5159/190 4088/5162/190 4089/5160/190
f 4094/5159/190 4086/5171/190 4087/5161/190
f 4093/5163/190 4092/5156/190 4091/5158/190
f 4095/5165/190 4094/5159/190 4092/5156/190
f 4085/5166/190 4086/5171/190 4094/5159/190
f 4081/5167/190 4082/5169/190 4093/5163/190
f 4083/5168/190 4095/5165/190 4093/5163/190
f 4084/5170/190 4085/5166/190 4095/5165/190
f 4086/5171/1580 4102/5183/1580 4103/5172/1580
f 4084/5170/1581 4083/5168/1581 4099/5173/1581
f 4091/5158/1582 4090/5157/1582 4106/5175/1582
f 4080/5164/1583 4096/5180/1583 4097/5177/1583
f 4087/5161/1584 4103/5172/1584 4104/5178/1584
f 4085/5166/1585 4084/5170/1585 4100/5174/1585
f 4080/5164/1586 4091/5158/1586 4107/5176/1586
f 4081/5167/1587 4097/5177/1587 4098/5181/1587
f 4088/5162/1588 4104/5178/1588 4105/5182/1588
f 4086/5171/1589 4085/5166/1589 4101/5179/1589
f 4082/5169/1590 4098/5181/1590 4099/5173/1590
f 4090/5157/2297 4089/5160/2297 4105/5182/2297
f 3784/4736/1434 3760/4686/1434 3749/4688/1434
f 3656/4769/581 3667/4759/581 3655/4761/581
f 3655/4761/581 3666/4789/581 3654/4782/581
f 3654/4782/581 3665/4784/581 3653/4776/581
f 3653/4776/581 3664/4775/581 3652/4767/581
f 3652/4767/581 3663/4766/581 3651/4758/581
f 3651/4758/581 3662/4757/581 3650/4781/581
f 3650/4781/581 3661/4773/581 3649/4772/581
f 3649/4772/581 3660/4764/581 3648/4763/581
f 3648/4763/581 3659/4755/581 3647/4754/581
f 3647/4754/2298 3658/4786/2298 3646/4779/2298
f 3647/4754/2299 3646/4779/2299 3657/4778/2299
f 3649/4772/581 3648/4763/581 3647/4754/581
f 3651/4758/581 3650/4781/581 3649/4772/581
f 3653/4776/581 3652/4767/581 3651/4758/581
f 3655/4761/581 3654/4782/581 3653/4776/581
f 3668/4770/581 3656/4769/581 3655/4761/581
f 3647/4754/588 3657/4778/588 3645/4794/588
f 3668/4770/581 3655/4761/581 3653/4776/581
f 3649/4772/581 3647/4754/581 3645/4794/581
f 3645/4794/581 3668/4770/581 3653/4776/581
f 3653/4776/581 3651/4758/581 3649/4772/581
f 3752/4719/2154 3764/4847/2154 3788/4866/2154
f 3802/4886/190 3791/4899/190 3812/4876/190
f 3812/4876/581 3801/4878/581 3811/4870/581
f 3811/4870/581 3800/4872/581 3810/4893/581
f 3810/4893/581 3799/4888/581 3809/4890/581
f 3809/4890/581 3798/4884/581 3808/4883/581
f 3809/4890/581 3808/4883/581 3797/4896/581
f 3811/4870/581 3810/4893/581 3809/4890/581
f 3802/4886/581 3812/4876/581 3811/4870/581
f 3803/4892/581 3792/4887/581 3802/4886/581
f 3804/4869/581 3793/4868/581 3803/4892/581
f 3805/4875/581 3794/4874/581 3804/4869/581
f 3806/4879/581 3795/4881/581 3805/4875/581
f 3796/4902/2300 3806/4879/2300 3805/4875/2300
f 3805/4875/581 3804/4869/581 3803/4892/581
f 3803/4892/581 3802/4886/581 3811/4870/581
f 3811/4870/581 3809/4890/581 3797/4896/581
f 3911/5000/2301 3917/5003/2301 3912/4987/2301
f 3803/4892/581 3811/4870/581 3797/4896/581
f 3911/5000/2302 3912/4987/2302 3918/4989/2302
f 3803/4892/2303 3797/4896/2303 3911/5000/2303
f 3796/4902/2304 3805/4875/2304 3803/4892/2304
f 3869/4954/2305 3862/4950/2305 3868/4949/2305
f 3796/4902/2306 3803/4892/2306 3911/5000/2306
f 3863/4937/2307 3869/4954/2307 3868/4949/2307
f 3868/4949/2308 3796/4902/2308 3911/5000/2308
f 3911/5000/2309 3918/4989/2309 3913/5005/2309
f 3913/5005/2310 3919/4993/2310 3914/5006/2310
f 3913/5005/2311 3914/5006/2311 3920/4996/2311
f 3868/4949/2312 3911/5000/2312 3913/5005/2312
f 3870/4938/2313 3863/4937/2313 3868/4949/2313
f 3871/4942/581 3864/4944/581 3870/4938/581
f 3865/4947/581 3871/4942/581 3870/4938/581
f 3913/5005/2314 3920/4996/2314 3915/5001/2314
f 3915/5001/2315 3921/5002/2315 3916/4990/2315
f 3915/5001/2316 3916/4990/2316 3874/4955/2316
f 3865/4947/2317 3870/4938/2317 3868/4949/2317
f 3872/4945/2318 3865/4947/2318 3868/4949/2318
f 3913/5005/2319 3915/5001/2319 3874/4955/2319
f 3867/4941/2320 3873/4940/2320 3866/4952/2320
f 3868/4949/2321 3913/5005/2321 3874/4955/2321
f 3874/4955/2322 3867/4941/2322 3866/4952/2322
f 3866/4952/2318 3872/4945/2318 3868/4949/2318
f 4070/5153/581 4069/5149/581 4068/5152/581
f 4068/5152/581 4079/5148/581 4078/5147/581
f 4078/5147/581 4077/5154/581 4076/5150/581
f 4076/5150/581 4075/5144/581 4074/5155/581
f 4074/5155/581 4073/5151/581 4072/5146/581
f 4072/5146/581 4071/5145/581 4070/5153/581
f 4070/5153/581 4068/5152/581 4078/5147/581
f 4078/5147/581 4076/5150/581 4074/5155/581
f 4074/5155/581 4072/5146/581 4070/5153/581
f 4098/5181/581 4097/5177/581 4096/5180/581
f 4096/5180/581 4107/5176/581 4106/5175/581
f 4106/5175/581 4105/5182/581 4104/5178/581
f 4104/5178/581 4103/5172/581 4102/5183/581
f 4102/5183/581 4101/5179/581 4100/5174/581
f 4100/5174/581 4099/5173/581 4098/5181/581
f 4098/5181/581 4096/5180/581 4106/5175/581
f 4106/5175/581 4104/5178/581 4102/5183/581
f 4102/5183/581 4100/5174/581 4098/5181/581
f 3945/5078/581 3954/5027/581 3944/5026/581
f 3953/5045/2323 4001/5102/2323 4013/5089/2323
f 3945/5078/581 3944/5026/581 3953/5045/581
f 4023/5051/581 3955/5064/581 3945/5078/581
f 3947/5019/2324 3956/5021/2324 3946/5038/2324
f 3946/5038/581 4023/5051/581 3945/5078/581
f 3945/5078/2325 3953/5045/2325 4013/5089/2325
f 4007/5088/581 4012/5083/581 4006/5082/581
f 3945/5078/2326 4013/5089/2326 4007/5088/2326
f 3947/5019/2327 3946/5038/2327 3945/5078/2327
f 3958/5035/581 3948/5028/581 3957/5030/581
f 3957/5030/2328 3947/5019/2328 3945/5078/2328
f 3945/5078/2329 4007/5088/2329 4006/5082/2329
f 4006/5082/2330 4011/5098/2330 4005/5093/2330
f 4005/5093/2331 4010/5095/2331 4004/5092/2331
f 4004/5092/581 4009/5091/581 4003/5086/581
f 4003/5086/581 4008/5085/581 4002/5079/581
f 4004/5092/581 4003/5086/581 4002/5079/581
f 4006/5082/2332 4005/5093/2332 4004/5092/2332
f 3957/5030/2333 3945/5078/2333 4006/5082/2333
f 3949/5036/581 3958/5035/581 3957/5030/581
f 3950/5041/581 3959/5040/581 3949/5036/581
f 3951/5024/581 3960/5043/581 3950/5041/581
f 3952/5033/581 3961/5022/581 3951/5024/581
f 3962/5031/581 3952/5033/581 3951/5024/581
f 3951/5024/581 3950/5041/581 3949/5036/581
f 4006/5082/581 4004/5092/581 4002/5079/581
f 4006/5082/2334 4002/5079/2334 3943/5048/2334
f 3951/5024/581 3949/5036/581 3957/5030/581
f 3962/5031/581 3951/5024/581 3957/5030/581
f 3957/5030/2335 4006/5082/2335 3943/5048/2335
